{"config_name": "recursive_grid_FILUSDT_1152days",
 "logging_level": 0,
 "long": {"auto_unstuck_delay_minutes": 1397.8130136743594,
          "auto_unstuck_ema_dist": -0.008670117131579627,
          "auto_unstuck_qty_pct": 0.0928087560700603,
          "auto_unstuck_wallet_exposure_threshold": 0.09996268362378076,
          "backwards_tp": false,
          "ddown_factor": 1.0091433301990482,
          "ema_span_0": 542.2427046401332,
          "ema_span_1": 1396.4049026254,
          "enabled": true,
          "initial_eprice_ema_dist": 0.009996635408628532,
          "initial_qty_pct": 0.001,
          "markup_range": 0.012785599022943581,
          "min_markup": 0.003909006144980084,
          "n_close_orders": 4,
          "rentry_pprice_dist": 0.009999677280474663,
          "rentry_pprice_dist_wallet_exposure_weighting": 2.4994370565955473,
          "wallet_exposure_limit": 1.0},
 "short": {"auto_unstuck_delay_minutes": 218.5928357752468,
           "auto_unstuck_ema_dist": -0.07002487699175727,
           "auto_unstuck_qty_pct": 0.026140615931548296,
           "auto_unstuck_wallet_exposure_threshold": 0.2957110304138405,
           "backwards_tp": true,
           "ddown_factor": 0.5224243359346089,
           "ema_span_0": 1361.124648326234,
           "ema_span_1": 975.6491898928429,
           "enabled": false,
           "initial_eprice_ema_dist": -0.05793393359342141,
           "initial_qty_pct": 0.047064966972026584,
           "markup_range": 0.009112787130705636,
           "min_markup": 0.0038241117234985465,
           "n_close_orders": 5,
           "rentry_pprice_dist": 0.0396104979012582,
           "rentry_pprice_dist_wallet_exposure_weighting": 1.1634934631490967,
           "wallet_exposure_limit": 1.0}}