{"config_name": "recursive_grid_LRCUSDT_1149days",
 "logging_level": 0,
 "long": {"auto_unstuck_delay_minutes": 668.9475585915253,
          "auto_unstuck_ema_dist": -0.007746108295161071,
          "auto_unstuck_qty_pct": 0.09144115195111592,
          "auto_unstuck_wallet_exposure_threshold": 0.08698042578108382,
          "backwards_tp": false,
          "ddown_factor": 1.8846590298506427,
          "ema_span_0": 664.9894028013638,
          "ema_span_1": 1088.7560988571613,
          "enabled": true,
          "initial_eprice_ema_dist": 0.01,
          "initial_qty_pct": 0.001,
          "markup_range": 0.00791422675343806,
          "min_markup": 0.003182609213509783,
          "n_close_orders": 5,
          "rentry_pprice_dist": 0.009942874451525982,
          "rentry_pprice_dist_wallet_exposure_weighting": 2.169918798576104,
          "wallet_exposure_limit": 1.0},
 "short": {"auto_unstuck_delay_minutes": 1296.2482335553102,
           "auto_unstuck_ema_dist": -0.08867620707016777,
           "auto_unstuck_qty_pct": 0.08816041886466314,
           "auto_unstuck_wallet_exposure_threshold": 0.553144939233245,
           "backwards_tp": true,
           "ddown_factor": 1.3120012556170138,
           "ema_span_0": 382.1053943921346,
           "ema_span_1": 898.0225754951788,
           "enabled": false,
           "initial_eprice_ema_dist": -0.018470107657926962,
           "initial_qty_pct": 0.018230267024595483,
           "markup_range": 0.016653075561895464,
           "min_markup": 0.006509950116765915,
           "n_close_orders": 4,
           "rentry_pprice_dist": 0.0068278141953992,
           "rentry_pprice_dist_wallet_exposure_weighting": 12.85970054850206,
           "wallet_exposure_limit": 1.0}}