{"config_name": "recursive_grid_DOGEUSDT_1250days",
 "logging_level": 0,
 "long": {"auto_unstuck_delay_minutes": 878.542451291008,
          "auto_unstuck_ema_dist": 0.0017954975168280802,
          "auto_unstuck_qty_pct": 0.05612712717625998,
          "auto_unstuck_wallet_exposure_threshold": 0.06018373171956627,
          "backwards_tp": false,
          "ddown_factor": 1.7739510924811708,
          "ema_span_0": 73.24181595475507,
          "ema_span_1": 82.87037681077557,
          "enabled": true,
          "initial_eprice_ema_dist": -0.005704086568124326,
          "initial_qty_pct": 0.001,
          "markup_range": 0.016463686128572897,
          "min_markup": 0.003055954289777534,
          "n_close_orders": 5,
          "rentry_pprice_dist": 0.008675764669361858,
          "rentry_pprice_dist_wallet_exposure_weighting": 1.6373078628298428,
          "wallet_exposure_limit": 1.0},
 "short": {"auto_unstuck_delay_minutes": 792.4992503769555,
           "auto_unstuck_ema_dist": -0.04335149766356035,
           "auto_unstuck_qty_pct": 0.047863351719361916,
           "auto_unstuck_wallet_exposure_threshold": 0.5563281381175288,
           "backwards_tp": true,
           "ddown_factor": 0.8722135929823599,
           "ema_span_0": 1130.0827943855095,
           "ema_span_1": 821.3125838517058,
           "enabled": false,
           "initial_eprice_ema_dist": -0.021858809848660496,
           "initial_qty_pct": 0.0324000605926615,
           "markup_range": 0.04132888681953474,
           "min_markup": 0.0061194170914491836,
           "n_close_orders": 6,
           "rentry_pprice_dist": 0.02808239361869062,
           "rentry_pprice_dist_wallet_exposure_weighting": 6.169425091725815,
           "wallet_exposure_limit": 1.0}}