{"config_name": "recursive_grid_INJUSDT_583days",
 "logging_level": 0,
 "long": {"auto_unstuck_delay_minutes": 1434.6987197643816,
          "auto_unstuck_ema_dist": -0.05,
          "auto_unstuck_qty_pct": 0.01,
          "auto_unstuck_wallet_exposure_threshold": 0.03538564477835781,
          "backwards_tp": false,
          "ddown_factor": 2.423759743622807,
          "ema_span_0": 463.1728246610808,
          "ema_span_1": 1242.65189171356,
          "enabled": true,
          "initial_eprice_ema_dist": 0,
          "initial_qty_pct": 0.05,
          "markup_range": 0.05872881822313594,
          "min_markup": 0.008762225529777653,
          "n_close_orders": 3,
          "rentry_pprice_dist": 0.032084174012554256,
          "rentry_pprice_dist_wallet_exposure_weighting": 0.6521028595975477,
          "wallet_exposure_limit": 1.0},
 "short": {"auto_unstuck_delay_minutes": 53.779645867597495,
           "auto_unstuck_ema_dist": -0.0019372558339923046,
           "auto_unstuck_qty_pct": 0.039187304413666024,
           "auto_unstuck_wallet_exposure_threshold": 0.33801410177583985,
           "backwards_tp": true,
           "ddown_factor": 1.8579872040939662,
           "ema_span_0": 1135.052501780229,
           "ema_span_1": 1116.0570178409885,
           "enabled": false,
           "initial_eprice_ema_dist": -0.09525339100657124,
           "initial_qty_pct": 0.038179355086500145,
           "markup_range": 0.026121473790283758,
           "min_markup": 0.0014872368637256674,
           "n_close_orders": 9,
           "rentry_pprice_dist": 0.04853921945210507,
           "rentry_pprice_dist_wallet_exposure_weighting": 1.03568801313477,
           "wallet_exposure_limit": 1.0}}