{"config_name": "recursive_grid_ICXUSDT_1183days",
 "logging_level": 0,
 "long": {"auto_unstuck_delay_minutes": 807.5417799225587,
          "auto_unstuck_ema_dist": -0.009996543378652042,
          "auto_unstuck_qty_pct": 0.0993005625669164,
          "auto_unstuck_wallet_exposure_threshold": 0.05018617500552674,
          "backwards_tp": false,
          "ddown_factor": 1.3071514149945818,
          "ema_span_0": 73.24181595475507,
          "ema_span_1": 168.52299206177827,
          "enabled": true,
          "initial_eprice_ema_dist": 0.01,
          "initial_qty_pct": 0.001,
          "markup_range": 0.011084950992311883,
          "min_markup": 0.00355238233992087,
          "n_close_orders": 8,
          "rentry_pprice_dist": 0.008747040871707064,
          "rentry_pprice_dist_wallet_exposure_weighting": 2.0186625360702046,
          "wallet_exposure_limit": 1.0},
 "short": {"auto_unstuck_delay_minutes": 1277.0004073319005,
           "auto_unstuck_ema_dist": -0.030781208413259792,
           "auto_unstuck_qty_pct": 0.07772521423311708,
           "auto_unstuck_wallet_exposure_threshold": 0.4589071913399366,
           "backwards_tp": true,
           "ddown_factor": 2.7056886132729674,
           "ema_span_0": 334.54432533851366,
           "ema_span_1": 957.4705087868288,
           "enabled": false,
           "initial_eprice_ema_dist": -0.09766236859035055,
           "initial_qty_pct": 0.03286074506795235,
           "markup_range": 0.028949025331649877,
           "min_markup": 0.0047068436306316585,
           "n_close_orders": 2,
           "rentry_pprice_dist": 0.01792027631656647,
           "rentry_pprice_dist_wallet_exposure_weighting": 4.142572129707469,
           "wallet_exposure_limit": 1.0}}