{"config_name": "recursive_grid_BATUSDT_1398days",
 "logging_level": 0,
 "long": {"auto_unstuck_delay_minutes": 536.2877227127256,
          "auto_unstuck_ema_dist": -0.009077408337629001,
          "auto_unstuck_qty_pct": 0.06661111766015844,
          "auto_unstuck_wallet_exposure_threshold": 0.05678448835183386,
          "backwards_tp": false,
          "ddown_factor": 1.1240191506832764,
          "ema_span_0": 823.819832939341,
          "ema_span_1": 1400.1451838579464,
          "enabled": true,
          "initial_eprice_ema_dist": 0.00987476643092843,
          "initial_qty_pct": 0.001,
          "markup_range": 0.01974993936461001,
          "min_markup": 0.005600546823431136,
          "n_close_orders": 4,
          "rentry_pprice_dist": 0.009999999980392735,
          "rentry_pprice_dist_wallet_exposure_weighting": 2.304853681920652,
          "wallet_exposure_limit": 1.0},
 "short": {"auto_unstuck_delay_minutes": 1077.1443197722244,
           "auto_unstuck_ema_dist": -0.08163563741468487,
           "auto_unstuck_qty_pct": 0.021618625131430626,
           "auto_unstuck_wallet_exposure_threshold": 0.6012852126733801,
           "backwards_tp": true,
           "ddown_factor": 0.3066898615829583,
           "ema_span_0": 114.01691891895399,
           "ema_span_1": 240.79852489213243,
           "enabled": false,
           "initial_eprice_ema_dist": -0.0733378392487615,
           "initial_qty_pct": 0.034338679615954194,
           "markup_range": 0.009771473133385007,
           "min_markup": 0.0016174352508043506,
           "n_close_orders": 4,
           "rentry_pprice_dist": 0.02010443021703342,
           "rentry_pprice_dist_wallet_exposure_weighting": 4.401051178344764,
           "wallet_exposure_limit": 1.0}}