{"config_name": "recursive_grid_JASMYUSDT_456days",
 "logging_level": 0,
 "long": {"auto_unstuck_delay_minutes": 2765.711138665546,
          "auto_unstuck_ema_dist": -0.03,
          "auto_unstuck_qty_pct": 0.01,
          "auto_unstuck_wallet_exposure_threshold": 0.05971641420024369,
          "backwards_tp": false,
          "ddown_factor": 2.0,
          "ema_span_0": 200.0,
          "ema_span_1": 545.5235127577434,
          "enabled": true,
          "initial_eprice_ema_dist": -0.1,
          "initial_qty_pct": 0.02,
          "markup_range": 0.031054973650714954,
          "min_markup": 0.008,
          "n_close_orders": 6,
          "rentry_pprice_dist": 0.03,
          "rentry_pprice_dist_wallet_exposure_weighting": 2.4893586071618525,
          "wallet_exposure_limit": 1.0},
 "short": {"auto_unstuck_delay_minutes": 1122.9520580514481,
           "auto_unstuck_ema_dist": -0.07176119057638464,
           "auto_unstuck_qty_pct": 0.03246943662603487,
           "auto_unstuck_wallet_exposure_threshold": 0.8162177813345298,
           "backwards_tp": true,
           "ddown_factor": 2.276699989981857,
           "ema_span_0": 316.389514456421,
           "ema_span_1": 413.0972956000288,
           "enabled": false,
           "initial_eprice_ema_dist": -0.025838212949967007,
           "initial_qty_pct": 0.029532751175448624,
           "markup_range": 0.05242221360562036,
           "min_markup": 0.0018725815858484027,
           "n_close_orders": 9,
           "rentry_pprice_dist": 0.042310548386376615,
           "rentry_pprice_dist_wallet_exposure_weighting": 18.982844832250382,
           "wallet_exposure_limit": 1.0}}