{"config_name": "recursive_grid_AAVEUSDT_1152days",
 "logging_level": 0,
 "long": {"auto_unstuck_delay_minutes": 485.34990497512206,
          "auto_unstuck_ema_dist": -0.004835305697967167,
          "auto_unstuck_qty_pct": 0.06878545454274734,
          "auto_unstuck_wallet_exposure_threshold": 0.05026995660286512,
          "backwards_tp": false,
          "ddown_factor": 1.0178241821531697,
          "ema_span_0": 880.8619111411751,
          "ema_span_1": 1400.187436489636,
          "enabled": true,
          "initial_eprice_ema_dist": 0.01,
          "initial_qty_pct": 0.001,
          "markup_range": 0.015478873947299259,
          "min_markup": 0.003,
          "n_close_orders": 3,
          "rentry_pprice_dist": 0.01,
          "rentry_pprice_dist_wallet_exposure_weighting": 1.1066415882522769,
          "wallet_exposure_limit": 1.0},
 "short": {"auto_unstuck_delay_minutes": 1247.5913249005048,
           "auto_unstuck_ema_dist": -0.04857501756116517,
           "auto_unstuck_qty_pct": 0.060011778089207816,
           "auto_unstuck_wallet_exposure_threshold": 0.4587406699302571,
           "backwards_tp": true,
           "ddown_factor": 2.2549051315224142,
           "ema_span_0": 807.7004685879344,
           "ema_span_1": 1357.6151810833483,
           "enabled": false,
           "initial_eprice_ema_dist": -0.07364351551361992,
           "initial_qty_pct": 0.04310163877378163,
           "markup_range": 0.0061995886518872905,
           "min_markup": 0.001958018790371646,
           "n_close_orders": 10,
           "rentry_pprice_dist": 0.038701739637878395,
           "rentry_pprice_dist_wallet_exposure_weighting": 17.57312516107063,
           "wallet_exposure_limit": 1.0}}