{"config_name": "recursive_grid_23_symbols_1441days",
 "logging_level": 0,
 "long": {"auto_unstuck_delay_minutes": 1293.7406678521925,
          "auto_unstuck_ema_dist": -0.0033504536204384187,
          "auto_unstuck_qty_pct": 0.012753062660675175,
          "auto_unstuck_wallet_exposure_threshold": 0.05307788264299567,
          "backwards_tp": false,
          "ddown_factor": 1.0811081524526795,
          "ema_span_0": 869.7179528290344,
          "ema_span_1": 1500.0,
          "enabled": true,
          "initial_eprice_ema_dist": -0.001773709276221562,
          "initial_qty_pct": 0.003,
          "markup_range": 0.03719669850297093,
          "min_markup": 0.003013760629051168,
          "n_close_orders": 3,
          "rentry_pprice_dist": 0.024995328149054634,
          "rentry_pprice_dist_wallet_exposure_weighting": 2.4766417030139523,
          "wallet_exposure_limit": 1.0},
 "short": {"auto_unstuck_delay_minutes": 720.8823975560178,
           "auto_unstuck_ema_dist": -0.07640790090786795,
           "auto_unstuck_qty_pct": 0.0841352321553605,
           "auto_unstuck_wallet_exposure_threshold": 0.45151851655478237,
           "backwards_tp": true,
           "ddown_factor": 2.0282646513996614,
           "ema_span_0": 874.051724153474,
           "ema_span_1": 1330.932442823434,
           "enabled": false,
           "initial_eprice_ema_dist": -0.011014574326924667,
           "initial_qty_pct": 0.018510435626235944,
           "markup_range": 0.035012254804598054,
           "min_markup": 0.008280552199871654,
           "n_close_orders": 14,
           "rentry_pprice_dist": 0.02335305124613359,
           "rentry_pprice_dist_wallet_exposure_weighting": 1.5020705322639905,
           "wallet_exposure_limit": 1.0}}