{"config_name": "recursive_grid_ADAUSDT_1512days",
 "logging_level": 0,
 "long": {"auto_unstuck_delay_minutes": 0.0,
          "auto_unstuck_ema_dist": 0.0,
          "auto_unstuck_qty_pct": 0.0,
          "auto_unstuck_wallet_exposure_threshold": 0.0,
          "backwards_tp": false,
          "ddown_factor": 1.488139316013754,
          "ema_span_0": 1440.0,
          "ema_span_1": 492.40645023086694,
          "enabled": true,
          "initial_eprice_ema_dist": 0.00528146620054504,
          "initial_qty_pct": 0.05,
          "markup_range": 0.07923807201274051,
          "min_markup": 0.0020529456827197254,
          "n_close_orders": 7,
          "rentry_pprice_dist": 0.07,
          "rentry_pprice_dist_wallet_exposure_weighting": 4.262500253684951,
          "wallet_exposure_limit": 1.0},
 "short": {"auto_unstuck_delay_minutes": 1014.5573520935448,
           "auto_unstuck_ema_dist": -0.003747629389797079,
           "auto_unstuck_qty_pct": 0.03564315085545935,
           "auto_unstuck_wallet_exposure_threshold": 0.43129232646770543,
           "backwards_tp": true,
           "ddown_factor": 0.9879139009161226,
           "ema_span_0": 1100.0437901087112,
           "ema_span_1": 1440,
           "enabled": false,
           "initial_eprice_ema_dist": 0.003,
           "initial_qty_pct": 0.023370499626097427,
           "markup_range": 0.03214466478118709,
           "min_markup": 0.007578090803776971,
           "n_close_orders": 11,
           "rentry_pprice_dist": 0.05,
           "rentry_pprice_dist_wallet_exposure_weighting": 0.0,
           "wallet_exposure_limit": 1.0}}