{
    "adg": 0.003932391968947346,
    "adg_w": 0.0027765302631682642,
    "calmar_ratio": 0.01986981660579582,
    "calmar_ratio_w": 0.0163733422332636,
    "drawdown_worst": 0.1979078139956414,
    "drawdown_worst_mean_1pct": 0.1253203125723471,
    "equity_balance_diff_neg_max": 0.20468432213765297,
    "equity_balance_diff_neg_mean": 0.002318263098878671,
    "equity_balance_diff_pos_max": 0.09177992664392388,
    "equity_balance_diff_pos_mean": 7.929051829935663e-05,
    "equity_choppiness": 1.6206528829021702,
    "equity_choppiness_w": 1.8217745573610327,
    "equity_jerkiness": 0.007274485120027605,
    "equity_jerkiness_w": 0.007027169755193301,
    "expected_shortfall_1pct": 0.10552523144299158,
    "exponential_fit_error": 0.2679269490816808,
    "exponential_fit_error_w": 0.028658293732552926,
    "gain": 1295.259415579948,
    "loss_profit_ratio": 0.08010426900017632,
    "loss_profit_ratio_long": 0.08010426900017632,
    "loss_profit_ratio_short": 1.0,
    "loss_profit_ratio_w": 0.08564613925663007,
    "mdg": 0.0014814072160699587,
    "mdg_w": 0.0011422697568402539,
    "omega_ratio": 7.067912470834294,
    "omega_ratio_w": 4.175261443693943,
    "pnl_ratio_long_short": 1.0,
    "position_held_hours_max": 439.01666666666665,
    "position_held_hours_mean": 4.657248618452667,
    "position_held_hours_median": 0.7333333333333333,
    "position_unchanged_hours_max": 351.73333333333335,
    "positions_held_per_day": 18.234392113910186,
    "sharpe_ratio": 0.1367142240142362,
    "sharpe_ratio_w": 0.10848325646274755,
    "sortino_ratio": 0.16525884321638695,
    "sortino_ratio_w": 0.1105571379102431,
    "sterling_ratio": 0.03137872774357458,
    "sterling_ratio_w": 0.020652511351364818
}