{"config_name": "recursive_grid_RSRUSDT_1149days",
 "logging_level": 0,
 "long": {"auto_unstuck_delay_minutes": 1.0,
          "auto_unstuck_ema_dist": 0.001517410098775303,
          "auto_unstuck_qty_pct": 0.09999897733828728,
          "auto_unstuck_wallet_exposure_threshold": 0.09991363371164963,
          "backwards_tp": false,
          "ddown_factor": 1.008669595960429,
          "ema_span_0": 410.08170795314663,
          "ema_span_1": 1084.8072159394808,
          "enabled": true,
          "initial_eprice_ema_dist": 0.01,
          "initial_qty_pct": 0.001,
          "markup_range": 0.008833584118381999,
          "min_markup": 0.0031683653554454108,
          "n_close_orders": 3,
          "rentry_pprice_dist": 0.009999213707598058,
          "rentry_pprice_dist_wallet_exposure_weighting": 1.2311207789433174,
          "wallet_exposure_limit": 1.0},
 "short": {"auto_unstuck_delay_minutes": 955.7769141392573,
           "auto_unstuck_ema_dist": -0.08122551578416543,
           "auto_unstuck_qty_pct": 0.07083859422712345,
           "auto_unstuck_wallet_exposure_threshold": 0.5029562408737974,
           "backwards_tp": true,
           "ddown_factor": 0.5104198429238282,
           "ema_span_0": 47.202883462579855,
           "ema_span_1": 272.2459751336258,
           "enabled": false,
           "initial_eprice_ema_dist": -0.058909284016533794,
           "initial_qty_pct": 0.014186402702846608,
           "markup_range": 0.057689840063989015,
           "min_markup": 0.0047696746095651985,
           "n_close_orders": 8,
           "rentry_pprice_dist": 0.010685868097181238,
           "rentry_pprice_dist_wallet_exposure_weighting": 8.327894049593905,
           "wallet_exposure_limit": 1.0}}