{"config_name": "recursive_grid_NEARUSDT_1153days",
 "logging_level": 0,
 "long": {"auto_unstuck_delay_minutes": 535.3921537364237,
          "auto_unstuck_ema_dist": -0.007318988938518414,
          "auto_unstuck_qty_pct": 0.053988825382121144,
          "auto_unstuck_wallet_exposure_threshold": 0.06982153436093079,
          "backwards_tp": false,
          "ddown_factor": 1.228297083139571,
          "ema_span_0": 652.0844077169461,
          "ema_span_1": 612.3977237124342,
          "enabled": true,
          "initial_eprice_ema_dist": 0.01,
          "initial_qty_pct": 0.001,
          "markup_range": 0.016205909952185644,
          "min_markup": 0.0035230356444706664,
          "n_close_orders": 6,
          "rentry_pprice_dist": 0.009999562052026956,
          "rentry_pprice_dist_wallet_exposure_weighting": 2.4759962796645634,
          "wallet_exposure_limit": 1.0},
 "short": {"auto_unstuck_delay_minutes": 1236.2745436175492,
           "auto_unstuck_ema_dist": -0.048654163346223446,
           "auto_unstuck_qty_pct": 0.05075286911192137,
           "auto_unstuck_wallet_exposure_threshold": 0.6896888016071735,
           "backwards_tp": true,
           "ddown_factor": 2.6709536356007413,
           "ema_span_0": 1410.1428286366763,
           "ema_span_1": 205.7866022664576,
           "enabled": false,
           "initial_eprice_ema_dist": -0.045161600640309434,
           "initial_qty_pct": 0.04548980456954472,
           "markup_range": 0.05876296022298906,
           "min_markup": 0.0022028393254763384,
           "n_close_orders": 13,
           "rentry_pprice_dist": 0.015317206160575015,
           "rentry_pprice_dist_wallet_exposure_weighting": 3.3590752480082164,
           "wallet_exposure_limit": 1.0}}