{"config_name": "recursive_grid_ATOMUSDT_1403days",
 "logging_level": 0,
 "long": {"auto_unstuck_delay_minutes": 427.64546929489444,
          "auto_unstuck_ema_dist": -0.009995215723689698,
          "auto_unstuck_qty_pct": 0.09918812567113872,
          "auto_unstuck_wallet_exposure_threshold": 0.050029183770182464,
          "backwards_tp": false,
          "ddown_factor": 1.0,
          "ema_span_0": 893.1411191714769,
          "ema_span_1": 1400.187436489636,
          "enabled": true,
          "initial_eprice_ema_dist": 0.00999905152270726,
          "initial_qty_pct": 0.001,
          "markup_range": 0.019956945961927024,
          "min_markup": 0.003,
          "n_close_orders": 8,
          "rentry_pprice_dist": 0.00858806764196879,
          "rentry_pprice_dist_wallet_exposure_weighting": 2.4999899895872226,
          "wallet_exposure_limit": 1.0},
 "short": {"auto_unstuck_delay_minutes": 666.7616212059831,
           "auto_unstuck_ema_dist": -0.0629565954657163,
           "auto_unstuck_qty_pct": 0.053771741091103796,
           "auto_unstuck_wallet_exposure_threshold": 0.836148680534634,
           "backwards_tp": true,
           "ddown_factor": 1.4573713519236375,
           "ema_span_0": 686.4114711445583,
           "ema_span_1": 1334.1161781512799,
           "enabled": false,
           "initial_eprice_ema_dist": -0.041942013789028926,
           "initial_qty_pct": 0.028629636682365123,
           "markup_range": 0.045329502536789315,
           "min_markup": 0.001642443394072972,
           "n_close_orders": 12,
           "rentry_pprice_dist": 0.014357321697192529,
           "rentry_pprice_dist_wallet_exposure_weighting": 2.1655785739568767,
           "wallet_exposure_limit": 1.0}}