{"config_name": "recursive_grid_HNTUSDT_1170days",
 "logging_level": 0,
 "long": {"auto_unstuck_delay_minutes": 119.93932814073311,
          "auto_unstuck_ema_dist": -0.004002048011223665,
          "auto_unstuck_qty_pct": 0.09999837060991543,
          "auto_unstuck_wallet_exposure_threshold": 0.07713210246744759,
          "backwards_tp": false,
          "ddown_factor": 1.14113825091604,
          "ema_span_0": 902.3157253182527,
          "ema_span_1": 82.62892438279746,
          "enabled": true,
          "initial_eprice_ema_dist": 0.01,
          "initial_qty_pct": 0.001,
          "markup_range": 0.019934445044857103,
          "min_markup": 0.006933385112569607,
          "n_close_orders": 6,
          "rentry_pprice_dist": 0.009990570644216438,
          "rentry_pprice_dist_wallet_exposure_weighting": 1.1053152501782078,
          "wallet_exposure_limit": 1.0},
 "short": {"auto_unstuck_delay_minutes": 1031.814296528078,
           "auto_unstuck_ema_dist": -0.05281114097667908,
           "auto_unstuck_qty_pct": 0.07455611772647922,
           "auto_unstuck_wallet_exposure_threshold": 0.27269727877550065,
           "backwards_tp": true,
           "ddown_factor": 1.2214665194229806,
           "ema_span_0": 1355.263439257448,
           "ema_span_1": 683.3383757141683,
           "enabled": false,
           "initial_eprice_ema_dist": -0.0182303405085434,
           "initial_qty_pct": 0.01570131428074961,
           "markup_range": 0.040599202714857376,
           "min_markup": 0.0042940310260526325,
           "n_close_orders": 12,
           "rentry_pprice_dist": 0.047266589581848796,
           "rentry_pprice_dist_wallet_exposure_weighting": 4.538531299199979,
           "wallet_exposure_limit": 1.0}}