{"config_name": "recursive_grid_MANAUSDT_456days",
 "logging_level": 0,
 "long": {"auto_unstuck_delay_minutes": 2800.0,
          "auto_unstuck_ema_dist": -0.03,
          "auto_unstuck_qty_pct": 0.01,
          "auto_unstuck_wallet_exposure_threshold": 0.034674436914829194,
          "backwards_tp": false,
          "ddown_factor": 2.1423337669935014,
          "ema_span_0": 234.6456529820623,
          "ema_span_1": 617.4965442466568,
          "enabled": true,
          "initial_eprice_ema_dist": -0.1,
          "initial_qty_pct": 0.02,
          "markup_range": 0.020714617903753018,
          "min_markup": 0.003,
          "n_close_orders": 7,
          "rentry_pprice_dist": 0.02671701795820516,
          "rentry_pprice_dist_wallet_exposure_weighting": 2.464333164727091,
          "wallet_exposure_limit": 1.0},
 "short": {"auto_unstuck_delay_minutes": 553.4393592642099,
           "auto_unstuck_ema_dist": -0.006036841842786078,
           "auto_unstuck_qty_pct": 0.07568155914827539,
           "auto_unstuck_wallet_exposure_threshold": 0.16509367558594185,
           "backwards_tp": true,
           "ddown_factor": 2.757458269534708,
           "ema_span_0": 1170.125686380827,
           "ema_span_1": 173.06423585673127,
           "enabled": false,
           "initial_eprice_ema_dist": -0.07735333740832309,
           "initial_qty_pct": 0.03778912576139363,
           "markup_range": 0.03570607053563973,
           "min_markup": 0.0050539868848908254,
           "n_close_orders": 3,
           "rentry_pprice_dist": 0.013948429042567007,
           "rentry_pprice_dist_wallet_exposure_weighting": 16.598249647880635,
           "wallet_exposure_limit": 1.0}}