{
    "adg": 0.0018916765996659368,
    "adg_w": 0.0013373416625125146,
    "calmar_ratio": 0.019802434929165603,
    "calmar_ratio_w": 0.016444510110324197,
    "drawdown_worst": 0.09552747459757185,
    "drawdown_worst_mean_1pct": 0.0593680389092931,
    "equity_balance_diff_neg_max": 0.09864601674661039,
    "equity_balance_diff_neg_mean": 0.001102881770225413,
    "equity_balance_diff_pos_max": 0.0512015684134124,
    "equity_balance_diff_pos_mean": 3.676968225160186e-05,
    "equity_choppiness": 1.4911486996553607,
    "equity_choppiness_w": 1.7358442459284646,
    "equity_jerkiness": 0.003473388254591449,
    "equity_jerkiness_w": 0.003320715215370524,
    "expected_shortfall_1pct": 0.04831641458274432,
    "exponential_fit_error": 0.05873292104889881,
    "exponential_fit_error_w": 0.006354243009666677,
    "gain": 31.52996833656544,
    "loss_profit_ratio": 0.06497047842628781,
    "loss_profit_ratio_long": 0.06497047842628781,
    "loss_profit_ratio_short": 1.0,
    "loss_profit_ratio_w": 0.07534619387820635,
    "mdg": 0.0006969605475021544,
    "mdg_w": 0.000547453829782553,
    "omega_ratio": 7.250843641641406,
    "omega_ratio_w": 4.256054510503685,
    "pnl_ratio_long_short": 1.0,
    "position_held_hours_max": 438.98333333333335,
    "position_held_hours_mean": 4.698693213741071,
    "position_held_hours_median": 0.75,
    "position_unchanged_hours_max": 351.73333333333335,
    "positions_held_per_day": 18.194961664841184,
    "sharpe_ratio": 0.14683386825068198,
    "sharpe_ratio_w": 0.11580935751575187,
    "sortino_ratio": 0.17165710128789677,
    "sortino_ratio_w": 0.11526679684803262,
    "sterling_ratio": 0.03186355207986878,
    "sterling_ratio_w": 0.020970624048542733
}