{"config_name": "recursive_grid_UNIUSDT_1281days",
 "logging_level": 0,
 "long": {"auto_unstuck_delay_minutes": 1439.819726580343,
          "auto_unstuck_ema_dist": 0.008534215957881442,
          "auto_unstuck_qty_pct": 0.01,
          "auto_unstuck_wallet_exposure_threshold": 0.09496839514331917,
          "backwards_tp": false,
          "ddown_factor": 1.3306384307362666,
          "ema_span_0": 1277.1653009979684,
          "ema_span_1": 1378.559939872973,
          "enabled": true,
          "initial_eprice_ema_dist": 0.01,
          "initial_qty_pct": 0.05,
          "markup_range": 0.03225307930778256,
          "min_markup": 0.007996767789098243,
          "n_close_orders": 3,
          "rentry_pprice_dist": 0.05888824132197371,
          "rentry_pprice_dist_wallet_exposure_weighting": 0.5363217884744254,
          "wallet_exposure_limit": 1.0},
 "short": {"auto_unstuck_delay_minutes": 1308.5270367096725,
           "auto_unstuck_ema_dist": -0.01828697668705509,
           "auto_unstuck_qty_pct": 0.025737584393767096,
           "auto_unstuck_wallet_exposure_threshold": 0.422019298470521,
           "backwards_tp": true,
           "ddown_factor": 1.3832726096279797,
           "ema_span_0": 665.0158255758603,
           "ema_span_1": 765.592738286631,
           "enabled": false,
           "initial_eprice_ema_dist": -0.05201519280484131,
           "initial_qty_pct": 0.024076515104203767,
           "markup_range": 0.01966485591657087,
           "min_markup": 0.0045618666385374654,
           "n_close_orders": 11,
           "rentry_pprice_dist": 0.0311026200091755,
           "rentry_pprice_dist_wallet_exposure_weighting": 15.415539723778597,
           "wallet_exposure_limit": 1.0}}