{"config_name": "recursive_grid_FTMUSDT_1174days",
 "logging_level": 0,
 "long": {"auto_unstuck_delay_minutes": 726.4871896909253,
          "auto_unstuck_ema_dist": -0.009020424842452648,
          "auto_unstuck_qty_pct": 0.07202144402843684,
          "auto_unstuck_wallet_exposure_threshold": 0.0790304498249813,
          "backwards_tp": false,
          "ddown_factor": 1.0031223749775318,
          "ema_span_0": 148.30636602293364,
          "ema_span_1": 1398.512751857865,
          "enabled": true,
          "initial_eprice_ema_dist": 0.01,
          "initial_qty_pct": 0.001,
          "markup_range": 0.005014045179994084,
          "min_markup": 0.003874918546424963,
          "n_close_orders": 4,
          "rentry_pprice_dist": 0.009945429423767181,
          "rentry_pprice_dist_wallet_exposure_weighting": 2.446108936484543,
          "wallet_exposure_limit": 1.0},
 "short": {"auto_unstuck_delay_minutes": 819.4187326959019,
           "auto_unstuck_ema_dist": -0.009287295771484863,
           "auto_unstuck_qty_pct": 0.06891800902803456,
           "auto_unstuck_wallet_exposure_threshold": 0.8737571085754449,
           "backwards_tp": true,
           "ddown_factor": 2.453849496236736,
           "ema_span_0": 481.1166372249769,
           "ema_span_1": 1251.5260684548919,
           "enabled": false,
           "initial_eprice_ema_dist": -0.04765991675350015,
           "initial_qty_pct": 0.046101634661424674,
           "markup_range": 0.025080534086762064,
           "min_markup": 0.004207847602322965,
           "n_close_orders": 15,
           "rentry_pprice_dist": 0.034053563852478964,
           "rentry_pprice_dist_wallet_exposure_weighting": 4.779308241017661,
           "wallet_exposure_limit": 1.0}}