{
    "adg": 0.005964223734129526,
    "adg_w": 0.005480911976023739,
    "calmar_ratio": 0.017564222012613,
    "calmar_ratio_w": 0.016142241388680475,
    "drawdown_worst": 0.33956663323012953,
    "drawdown_worst_mean_1pct": 0.2225261905005657,
    "equity_balance_diff_neg_max": 0.3893113117293562,
    "equity_balance_diff_neg_mean": 0.002896217624283482,
    "equity_balance_diff_pos_max": 0.25767845445601606,
    "equity_balance_diff_pos_mean": 0.0007399570816060612,
    "equity_choppiness": 1.5061444099413879,
    "equity_choppiness_w": 1.61102975438879,
    "equity_jerkiness": 0.01147218899061164,
    "equity_jerkiness_w": 0.012978973194803073,
    "expected_shortfall_1pct": 0.2005730185052893,
    "exponential_fit_error": 0.27751206438688997,
    "exponential_fit_error_w": 0.03647270511466184,
    "gain": 14556.183257719567,
    "loss_profit_ratio": 0.05570069908811334,
    "loss_profit_ratio_long": 0.05570069908811334,
    "loss_profit_ratio_short": 1.0,
    "loss_profit_ratio_w": 0.06633181873160994,
    "mdg": 0.001371366245046828,
    "mdg_w": 0.0013529994713698155,
    "omega_ratio": 9.244468970930358,
    "omega_ratio_w": 6.267511433436882,
    "pnl_ratio_long_short": 1.0,
    "position_held_hours_max": 236.88333333333333,
    "position_held_hours_mean": 6.105279223999008,
    "position_held_hours_median": 1.1666666666666667,
    "position_unchanged_hours_max": 235.06666666666666,
    "positions_held_per_day": 6.672456575682382,
    "sharpe_ratio": 0.09978493061610201,
    "sharpe_ratio_w": 0.08612824461784213,
    "sortino_ratio": 0.14161270155977132,
    "sortino_ratio_w": 0.1161492921739411,
    "sterling_ratio": 0.02680234502155989,
    "sterling_ratio_w": 0.02017684267465492
}