{
    "adg": 0.002379478226316234,
    "adg_w": 0.0016503212297959147,
    "calmar_ratio": 0.01968889235714246,
    "calmar_ratio_w": 0.016187320394288825,
    "drawdown_worst": 0.12085383896433566,
    "drawdown_worst_mean_1pct": 0.07335775237370244,
    "equity_balance_diff_neg_max": 0.12283778033259954,
    "equity_balance_diff_neg_mean": 0.001381990724753827,
    "equity_balance_diff_pos_max": 0.05202291408835757,
    "equity_balance_diff_pos_mean": 4.743245231476402e-05,
    "equity_choppiness": 1.560665940157847,
    "equity_choppiness_w": 1.8352256756232674,
    "equity_jerkiness": 0.004352318398124867,
    "equity_jerkiness_w": 0.004271726654721808,
    "expected_shortfall_1pct": 0.06027668432654086,
    "exponential_fit_error": 0.10222752083838332,
    "exponential_fit_error_w": 0.010893086860089364,
    "gain": 76.68959931058063,
    "loss_profit_ratio": 0.07082441617166697,
    "loss_profit_ratio_long": 0.07082441617166697,
    "loss_profit_ratio_short": 1.0,
    "loss_profit_ratio_w": 0.08096175464301539,
    "mdg": 0.0008799095926409793,
    "mdg_w": 0.0006762213047539368,
    "omega_ratio": 7.235147930787052,
    "omega_ratio_w": 3.98619511998048,
    "pnl_ratio_long_short": 1.0,
    "position_held_hours_max": 439.3333333333333,
    "position_held_hours_mean": 4.687643990655712,
    "position_held_hours_median": 0.7333333333333333,
    "position_unchanged_hours_max": 351.73333333333335,
    "positions_held_per_day": 18.129244249726177,
    "sharpe_ratio": 0.14331692582892372,
    "sharpe_ratio_w": 0.1112531311139047,
    "sortino_ratio": 0.17097959032591672,
    "sortino_ratio_w": 0.11072822804856261,
    "sterling_ratio": 0.03243662938573399,
    "sterling_ratio_w": 0.020670231440358892
}