{
    "adg": 0.0032065756039607596,
    "adg_per_exposure_long": 0.0015357162854218198,
    "adg_per_exposure_short": 0.0032065756039607596,
    "adg_w": 0.002752857797212549,
    "adg_w_per_exposure_long": 0.001318418485255052,
    "adg_w_per_exposure_short": 0.002752857797212549,
    "calmar_ratio": 0.008738870333465243,
    "calmar_ratio_w": 0.007501423720926016,
    "drawdown_worst": 0.3669325074753969,
    "drawdown_worst_mean_1pct": 0.23951930552577863,
    "equity_balance_diff_neg_max": 0.35898850999879284,
    "equity_balance_diff_neg_mean": 0.0009494721884869889,
    "equity_balance_diff_pos_max": 0.34391503164333675,
    "equity_balance_diff_pos_mean": 0.0009258659510692371,
    "equity_choppiness": 1.6948667123675938,
    "equity_choppiness_w": 1.5492695832667467,
    "equity_jerkiness": 0.007831141270524752,
    "equity_jerkiness_w": 0.006831485859132328,
    "expected_shortfall_1pct": 0.17140058092364072,
    "exponential_fit_error": 0.39973082373482555,
    "exponential_fit_error_w": 0.0443250195171029,
    "gain": 420.3668012276329,
    "gain_per_exposure_long": 201.3250963733874,
    "gain_per_exposure_short": 420.3668012276329,
    "loss_profit_ratio": 0.2425095836590277,
    "loss_profit_ratio_long": 0.2425095836590277,
    "loss_profit_ratio_short": 1.0,
    "loss_profit_ratio_w": 0.20771672521480394,
    "mdg": 0.0005453650840651443,
    "mdg_per_exposure_long": 0.0002611901743607013,
    "mdg_per_exposure_short": 0.0005453650840651443,
    "mdg_w": 0.0005637704628971296,
    "mdg_w_per_exposure_long": 0.0002700050109660582,
    "mdg_w_per_exposure_short": 0.0005637704628971296,
    "omega_ratio": 4.720352808769161,
    "omega_ratio_w": 4.730451869805398,
    "pnl_ratio_long_short": 1.0,
    "position_held_hours_max": 246.46666666666667,
    "position_held_hours_mean": 8.931510468264976,
    "position_held_hours_median": 2.2666666666666666,
    "position_unchanged_hours_max": 167.4,
    "positions_held_per_day": 2.674615792262851,
    "sharpe_ratio": 0.0764487756023522,
    "sharpe_ratio_w": 0.05634138258404472,
    "sortino_ratio": 0.10115014911958466,
    "sortino_ratio_w": 0.07429384510258993,
    "sterling_ratio": 0.013387545512967626,
    "sterling_ratio_w": 0.011882694232932362,
    "volume_pct_per_day_avg": 0.8829259286855924,
    "volume_pct_per_day_avg_w": 0.8238716380032429
}