{
    "adg": 0.0013017513174915507,
    "adg_w": 0.0012620749985487122,
    "calmar_ratio": 0.0135766197115746,
    "calmar_ratio_w": 0.015226295453058031,
    "drawdown_worst": 0.09588184284058253,
    "drawdown_worst_mean_1pct": 0.044029825941210125,
    "equity_balance_diff_neg_max": 0.09803788527484247,
    "equity_balance_diff_neg_mean": 0.000612784231724678,
    "equity_balance_diff_pos_max": 0.06004348137182933,
    "equity_balance_diff_pos_mean": 0.00018337587656313834,
    "equity_choppiness": 1.2579587829564058,
    "equity_choppiness_w": 1.2951391690238565,
    "equity_jerkiness": 0.002453017751745791,
    "equity_jerkiness_w": 0.002616309259731235,
    "expected_shortfall_1pct": 0.041539502181835414,
    "exponential_fit_error": 0.013762711459991495,
    "exponential_fit_error_w": 0.0019572271705384286,
    "gain": 8.142184380326906,
    "loss_profit_ratio": 0.005540622320535104,
    "loss_profit_ratio_long": 0.005540622320535104,
    "loss_profit_ratio_short": 1.0,
    "loss_profit_ratio_w": 0.0027871092730576384,
    "mdg": 0.000325752234872203,
    "mdg_w": 0.0003157370922498591,
    "omega_ratio": 9.67800370474405,
    "omega_ratio_w": 9.476683204505362,
    "pnl_ratio_long_short": 1.0,
    "position_held_hours_max": 236.7,
    "position_held_hours_mean": 4.0341665561596605,
    "position_held_hours_median": 0.5833333333333334,
    "position_unchanged_hours_max": 225.38333333333333,
    "positions_held_per_day": 9.3560794044665,
    "sharpe_ratio": 0.11603558508231418,
    "sharpe_ratio_w": 0.1055899474417679,
    "sortino_ratio": 0.14508722522025402,
    "sortino_ratio_w": 0.13285661186491307,
    "sterling_ratio": 0.02956521607034482,
    "sterling_ratio_w": 0.02370131930692307
}