{"config_name": "recursive_grid_ATOMUSDT_1403days",
 "logging_level": 0,
 "long": {"auto_unstuck_delay_minutes": 324.26255517560776,
          "auto_unstuck_ema_dist": 0.0014615290071371362,
          "auto_unstuck_qty_pct": 0.04171192951848423,
          "auto_unstuck_wallet_exposure_threshold": 0.05268316437312625,
          "backwards_tp": true,
          "ddown_factor": 1.2083326353673005,
          "ema_span_0": 510.97406521064374,
          "ema_span_1": 1384.9297924084271,
          "enabled": true,
          "initial_eprice_ema_dist": 0.01,
          "initial_qty_pct": 0.001,
          "markup_range": 0.008211198493707302,
          "min_markup": 0.004470980000314164,
          "n_close_orders": 8,
          "rentry_pprice_dist": 0.009669102093353298,
          "rentry_pprice_dist_wallet_exposure_weighting": 2.4738263574202954,
          "wallet_exposure_limit": 1.0},
 "short": {"auto_unstuck_delay_minutes": 1076.9297821581742,
           "auto_unstuck_ema_dist": -0.07814314173299797,
           "auto_unstuck_qty_pct": 0.018825399165799235,
           "auto_unstuck_wallet_exposure_threshold": 0.7963824008882406,
           "backwards_tp": true,
           "ddown_factor": 1.5693848561998167,
           "ema_span_0": 469.34940532532306,
           "ema_span_1": 89.5597350234928,
           "enabled": false,
           "initial_eprice_ema_dist": -0.06512708887150864,
           "initial_qty_pct": 0.021709576788858237,
           "markup_range": 0.004181823021530379,
           "min_markup": 0.004505564715272942,
           "n_close_orders": 6,
           "rentry_pprice_dist": 0.01666202722295493,
           "rentry_pprice_dist_wallet_exposure_weighting": 10.663304458120857,
           "wallet_exposure_limit": 1.0}}