{"config_name": "recursive_grid_SNXUSDT_1215days",
 "logging_level": 0,
 "long": {"auto_unstuck_delay_minutes": 1427.721858795906,
          "auto_unstuck_ema_dist": -0.008637408745081544,
          "auto_unstuck_qty_pct": 0.010980443867285862,
          "auto_unstuck_wallet_exposure_threshold": 0.08168226570867519,
          "backwards_tp": false,
          "ddown_factor": 1.7242658825654242,
          "ema_span_0": 73.24181595475507,
          "ema_span_1": 716.768700767216,
          "enabled": true,
          "initial_eprice_ema_dist": 0.01,
          "initial_qty_pct": 0.001,
          "markup_range": 0.005175433517520882,
          "min_markup": 0.0031077710959959894,
          "n_close_orders": 3,
          "rentry_pprice_dist": 0.008201731341516874,
          "rentry_pprice_dist_wallet_exposure_weighting": 1.0896801967645362,
          "wallet_exposure_limit": 1.0},
 "short": {"auto_unstuck_delay_minutes": 328.3113276024868,
           "auto_unstuck_ema_dist": -0.06006594151350263,
           "auto_unstuck_qty_pct": 0.05527609178984391,
           "auto_unstuck_wallet_exposure_threshold": 0.40987809696077526,
           "backwards_tp": true,
           "ddown_factor": 0.659200990122545,
           "ema_span_0": 851.1467534569515,
           "ema_span_1": 738.2686526119537,
           "enabled": false,
           "initial_eprice_ema_dist": -0.05975732763308159,
           "initial_qty_pct": 0.037441045496889806,
           "markup_range": 0.027760490306377332,
           "min_markup": 0.004068882743755097,
           "n_close_orders": 5,
           "rentry_pprice_dist": 0.04438178867944396,
           "rentry_pprice_dist_wallet_exposure_weighting": 4.448444894030768,
           "wallet_exposure_limit": 1.0}}