{
    "adg": 0.008229033352992632,
    "adg_w": 0.00825861648555266,
    "calmar_ratio": 0.011865565650797005,
    "calmar_ratio_w": 0.019568351730493764,
    "drawdown_worst": 0.6935222133670376,
    "drawdown_worst_mean_1pct": 0.3865003334763499,
    "equity_balance_diff_neg_max": 0.719614122826258,
    "equity_balance_diff_neg_mean": 0.012688509726121365,
    "equity_balance_diff_pos_max": 0.06831521758649539,
    "equity_balance_diff_pos_mean": 0.00020264784889608675,
    "equity_choppiness": 2.2779290783024617,
    "equity_choppiness_w": 2.4503720839260095,
    "equity_jerkiness": 0.021245665774852436,
    "equity_jerkiness_w": 0.024208072820044037,
    "expected_shortfall_1pct": 0.3243743610797987,
    "exponential_fit_error": 1.0401642254880228,
    "exponential_fit_error_w": 0.1352656598162551,
    "gain": 3155717.3198344023,
    "loss_profit_ratio": 0.3051454296259972,
    "loss_profit_ratio_long": 0.3051454296259972,
    "loss_profit_ratio_short": 1.0,
    "loss_profit_ratio_w": 0.30138236851163075,
    "mdg": 0.005045063454312142,
    "mdg_w": 0.005478016758357798,
    "omega_ratio": 3.2787422029756974,
    "omega_ratio_w": 2.8839894435399493,
    "pnl_ratio_long_short": 1.0,
    "position_held_hours_max": 423.9,
    "position_held_hours_mean": 1.7922024177284543,
    "position_held_hours_median": 0.38333333333333336,
    "position_unchanged_hours_max": 138.78333333333333,
    "positions_held_per_day": 46.978641840087626,
    "sharpe_ratio": 0.10265311285902798,
    "sharpe_ratio_w": 0.1246788597082217,
    "sortino_ratio": 0.11061422429016853,
    "sortino_ratio_w": 0.12087923390918065,
    "sterling_ratio": 0.02129114166339049,
    "sterling_ratio_w": 0.023230584115036913
}