{
    "adg": 0.003136596064574615,
    "adg_per_exposure_long": 0.0015612723069062294,
    "adg_per_exposure_short": 0.003136596064574615,
    "adg_w": 0.002654140492523105,
    "adg_w_per_exposure_long": 0.00132112518293833,
    "adg_w_per_exposure_short": 0.002654140492523105,
    "calmar_ratio": 0.008876028346636311,
    "calmar_ratio_w": 0.0075098128959537255,
    "drawdown_worst": 0.35337832891929305,
    "drawdown_worst_mean_1pct": 0.23025639642452425,
    "equity_balance_diff_neg_max": 0.34563530930329806,
    "equity_balance_diff_neg_mean": 0.0009132991922045069,
    "equity_balance_diff_pos_max": 0.33179144559418156,
    "equity_balance_diff_pos_mean": 0.0008914417679852528,
    "equity_choppiness": 1.6996241601585758,
    "equity_choppiness_w": 1.5504000692462636,
    "equity_jerkiness": 0.007438135265617905,
    "equity_jerkiness_w": 0.006562706685777911,
    "expected_shortfall_1pct": 0.1647060062724945,
    "exponential_fit_error": 0.39984480453386356,
    "exponential_fit_error_w": 0.044016748849216705,
    "gain": 368.5195502225417,
    "gain_per_exposure_long": 183.43432066826367,
    "gain_per_exposure_short": 368.5195502225417,
    "loss_profit_ratio": 0.24341792093657766,
    "loss_profit_ratio_long": 0.24341792093657766,
    "loss_profit_ratio_short": 1.0,
    "loss_profit_ratio_w": 0.2078566734597196,
    "mdg": 0.0005282874182961929,
    "mdg_per_exposure_long": 0.000262960387404775,
    "mdg_per_exposure_short": 0.0005282874182961929,
    "mdg_w": 0.000542291364733747,
    "mdg_w_per_exposure_long": 0.0002699309928988288,
    "mdg_w_per_exposure_short": 0.000542291364733747,
    "omega_ratio": 4.77709000163016,
    "omega_ratio_w": 4.736867680867969,
    "pnl_ratio_long_short": 1.0,
    "position_held_hours_max": 246.46666666666667,
    "position_held_hours_mean": 8.915895305907172,
    "position_held_hours_median": 2.2666666666666666,
    "position_unchanged_hours_max": 167.4,
    "positions_held_per_day": 2.6793852676205616,
    "sharpe_ratio": 0.07886621235786404,
    "sharpe_ratio_w": 0.05723615820156255,
    "sortino_ratio": 0.10301631173055052,
    "sortino_ratio_w": 0.07455367869103145,
    "sterling_ratio": 0.013622188626593744,
    "sterling_ratio_w": 0.011911395388058774,
    "volume_pct_per_day_avg": 0.8513000345969034,
    "volume_pct_per_day_avg_w": 0.7930325521654789
}