{"config_name": "recursive_grid_WAVESUSDT_1217days",
 "logging_level": 0,
 "long": {"auto_unstuck_delay_minutes": 158.7824956108075,
          "auto_unstuck_ema_dist": -0.003024007772519967,
          "auto_unstuck_qty_pct": 0.075493252281389,
          "auto_unstuck_wallet_exposure_threshold": 0.06902882816536256,
          "backwards_tp": false,
          "ddown_factor": 1.5250944059627547,
          "ema_span_0": 301.14238329534805,
          "ema_span_1": 80.93002365543158,
          "enabled": true,
          "initial_eprice_ema_dist": 0.00999999999019949,
          "initial_qty_pct": 0.001,
          "markup_range": 0.006370120017081965,
          "min_markup": 0.004544088375573108,
          "n_close_orders": 5,
          "rentry_pprice_dist": 0.00876026775029831,
          "rentry_pprice_dist_wallet_exposure_weighting": 1.773391055787375,
          "wallet_exposure_limit": 1.0},
 "short": {"auto_unstuck_delay_minutes": 285.3899252595633,
           "auto_unstuck_ema_dist": -0.04154976670290471,
           "auto_unstuck_qty_pct": 0.03016556959991413,
           "auto_unstuck_wallet_exposure_threshold": 0.22617560716299323,
           "backwards_tp": true,
           "ddown_factor": 0.2448553403072754,
           "ema_span_0": 570.0809778201669,
           "ema_span_1": 746.2422417176564,
           "enabled": false,
           "initial_eprice_ema_dist": -0.06932890289677344,
           "initial_qty_pct": 0.0180991424255325,
           "markup_range": 0.04065595461044544,
           "min_markup": 0.005349730023824056,
           "n_close_orders": 6,
           "rentry_pprice_dist": 0.040759953421546626,
           "rentry_pprice_dist_wallet_exposure_weighting": 2.6665624501966123,
           "wallet_exposure_limit": 1.0}}