{"config_name": "recursive_grid_KSMUSDT_1154days",
 "logging_level": 0,
 "long": {"auto_unstuck_delay_minutes": 1.0,
          "auto_unstuck_ema_dist": -0.009999812542141029,
          "auto_unstuck_qty_pct": 0.01897367742329112,
          "auto_unstuck_wallet_exposure_threshold": 0.05019070671596575,
          "backwards_tp": false,
          "ddown_factor": 1.231151342771064,
          "ema_span_0": 443.4798194745509,
          "ema_span_1": 288.32191718121305,
          "enabled": true,
          "initial_eprice_ema_dist": 0.01,
          "initial_qty_pct": 0.001,
          "markup_range": 0.019870137482373477,
          "min_markup": 0.0030531045763250537,
          "n_close_orders": 4,
          "rentry_pprice_dist": 0.00965568676708514,
          "rentry_pprice_dist_wallet_exposure_weighting": 2.4994648851873693,
          "wallet_exposure_limit": 1.0},
 "short": {"auto_unstuck_delay_minutes": 97.21484396685085,
           "auto_unstuck_ema_dist": -0.07472461898029348,
           "auto_unstuck_qty_pct": 0.07907298444635641,
           "auto_unstuck_wallet_exposure_threshold": 0.7092340326510114,
           "backwards_tp": true,
           "ddown_factor": 0.6246153203030143,
           "ema_span_0": 953.780302237892,
           "ema_span_1": 236.8900445262437,
           "enabled": false,
           "initial_eprice_ema_dist": -0.09282716428014486,
           "initial_qty_pct": 0.029766783332675226,
           "markup_range": 0.05155340143263484,
           "min_markup": 0.0059603580375236125,
           "n_close_orders": 11,
           "rentry_pprice_dist": 0.021826786223003075,
           "rentry_pprice_dist_wallet_exposure_weighting": 3.929697293502936,
           "wallet_exposure_limit": 1.0}}