{"config_name": "recursive_grid_30_symbols_456days",
 "logging_level": 0,
 "long": {"auto_unstuck_delay_minutes": 2538.6693107850956,
          "auto_unstuck_ema_dist": -0.0387304524471735,
          "auto_unstuck_qty_pct": 0.01,
          "auto_unstuck_wallet_exposure_threshold": 0.053937864529748504,
          "backwards_tp": false,
          "ddown_factor": 2.1812902506317946,
          "ema_span_0": 378.9155068292144,
          "ema_span_1": 547.7828130613257,
          "enabled": true,
          "initial_eprice_ema_dist": -0.1,
          "initial_qty_pct": 0.02,
          "markup_range": 0.033052822686977575,
          "min_markup": 0.0029446290252241525,
          "n_close_orders": 6,
          "rentry_pprice_dist": 0.030540985974963065,
          "rentry_pprice_dist_wallet_exposure_weighting": 2.0676792197825584,
          "wallet_exposure_limit": 1.0},
 "short": {"auto_unstuck_delay_minutes": 1303.5594274973262,
           "auto_unstuck_ema_dist": -0.0778943259166295,
           "auto_unstuck_qty_pct": 0.07516678967521948,
           "auto_unstuck_wallet_exposure_threshold": 0.1860875833154556,
           "backwards_tp": true,
           "ddown_factor": 1.7391699446419413,
           "ema_span_0": 1359.5709667805163,
           "ema_span_1": 410.7592480291623,
           "enabled": false,
           "initial_eprice_ema_dist": -0.0450722016336623,
           "initial_qty_pct": 0.03196405999827425,
           "markup_range": 0.027671382254677808,
           "min_markup": 0.0024499738999201708,
           "n_close_orders": 9,
           "rentry_pprice_dist": 0.02780424054843018,
           "rentry_pprice_dist_wallet_exposure_weighting": 2.6267933312392056,
           "wallet_exposure_limit": 1.0}}