{"config_name": "recursive_grid_KAVAUSDT_1232days",
 "logging_level": 0,
 "long": {"auto_unstuck_delay_minutes": 468.6145461857775,
          "auto_unstuck_ema_dist": -0.00836449874534471,
          "auto_unstuck_qty_pct": 0.08235387052405914,
          "auto_unstuck_wallet_exposure_threshold": 0.09436204926374163,
          "backwards_tp": false,
          "ddown_factor": 1.5020406146656609,
          "ema_span_0": 110.14654314697442,
          "ema_span_1": 923.2969750818494,
          "enabled": true,
          "initial_eprice_ema_dist": 0.007934340716625314,
          "initial_qty_pct": 0.001,
          "markup_range": 0.008110015099293476,
          "min_markup": 0.0034920945576158054,
          "n_close_orders": 3,
          "rentry_pprice_dist": 0.009948997767100471,
          "rentry_pprice_dist_wallet_exposure_weighting": 2.0787462084436283,
          "wallet_exposure_limit": 1.0},
 "short": {"auto_unstuck_delay_minutes": 504.32777027762825,
           "auto_unstuck_ema_dist": -0.09940151769173919,
           "auto_unstuck_qty_pct": 0.08462381147728643,
           "auto_unstuck_wallet_exposure_threshold": 0.2719103248617481,
           "backwards_tp": true,
           "ddown_factor": 2.5026876135701865,
           "ema_span_0": 393.25891218979336,
           "ema_span_1": 1329.7929303963979,
           "enabled": false,
           "initial_eprice_ema_dist": -0.05488045448388901,
           "initial_qty_pct": 0.0223410609926891,
           "markup_range": 0.03616900696419572,
           "min_markup": 0.0029617857186760525,
           "n_close_orders": 7,
           "rentry_pprice_dist": 0.04344078917763687,
           "rentry_pprice_dist_wallet_exposure_weighting": 6.895121653294176,
           "wallet_exposure_limit": 1.0}}