{"config_name": "recursive_grid_LINKUSDT_1425days",
 "logging_level": 0,
 "long": {"auto_unstuck_delay_minutes": 1.0,
          "auto_unstuck_ema_dist": -0.006096640229959258,
          "auto_unstuck_qty_pct": 0.018129029459358455,
          "auto_unstuck_wallet_exposure_threshold": 0.09197668498669553,
          "backwards_tp": false,
          "ddown_factor": 1.2877108902772978,
          "ema_span_0": 89.38143658836319,
          "ema_span_1": 644.0079417221908,
          "enabled": true,
          "initial_eprice_ema_dist": 0.01,
          "initial_qty_pct": 0.001,
          "markup_range": 0.011756921648382707,
          "min_markup": 0.004630090807631747,
          "n_close_orders": 4,
          "rentry_pprice_dist": 0.00893790285697844,
          "rentry_pprice_dist_wallet_exposure_weighting": 1.3857640746019804,
          "wallet_exposure_limit": 1.0},
 "short": {"auto_unstuck_delay_minutes": 517.5761613588396,
           "auto_unstuck_ema_dist": -0.03874525200149954,
           "auto_unstuck_qty_pct": 0.031143386680362088,
           "auto_unstuck_wallet_exposure_threshold": 0.1735251383070297,
           "backwards_tp": true,
           "ddown_factor": 2.0926695322460525,
           "ema_span_0": 196.51160379683284,
           "ema_span_1": 286.72387429376545,
           "enabled": false,
           "initial_eprice_ema_dist": -0.04386353174177068,
           "initial_qty_pct": 0.02451163516731164,
           "markup_range": 0.02934360827488173,
           "min_markup": 0.0016213791255628085,
           "n_close_orders": 12,
           "rentry_pprice_dist": 0.0058814428912274536,
           "rentry_pprice_dist_wallet_exposure_weighting": 9.900433928054547,
           "wallet_exposure_limit": 1.0}}