{
    "adg": 0.009892851958757998,
    "adg_w": 0.010277875370204703,
    "calmar_ratio": 0.03613290101385313,
    "calmar_ratio_w": 0.05287518328717825,
    "drawdown_worst": 0.2737906916182883,
    "drawdown_worst_mean_1pct": 0.1902660627040315,
    "equity_balance_diff_neg_max": 0.2793990388404579,
    "equity_balance_diff_neg_mean": 0.005346140310955263,
    "equity_balance_diff_pos_max": 0.28428167025690265,
    "equity_balance_diff_pos_mean": 0.04534240936587785,
    "equity_choppiness": 1.5055114737619337,
    "equity_choppiness_w": 1.5424681741414283,
    "equity_jerkiness": 0.021108203191579928,
    "equity_jerkiness_w": 0.025243145186144678,
    "expected_shortfall_1pct": 0.1833772612736457,
    "exponential_fit_error": 0.07697371706523883,
    "exponential_fit_error_w": 0.019537239881107567,
    "gain": 119.61756499098877,
    "loss_profit_ratio": 0.0015203073324291246,
    "loss_profit_ratio_long": 0.0015203073324291246,
    "loss_profit_ratio_short": 1.0,
    "loss_profit_ratio_w": 0.0021748731129988402,
    "mdg": 0.0027226845830264457,
    "mdg_w": 0.0033316676852062988,
    "omega_ratio": 6.809501721138434,
    "omega_ratio_w": 5.053848635393557,
    "pnl_ratio_long_short": 1.0,
    "position_held_hours_max": 225.23333333333332,
    "position_held_hours_mean": 2.0448184688977333,
    "position_held_hours_median": 0.13333333333333333,
    "position_unchanged_hours_max": 225.23333333333332,
    "positions_held_per_day": 36.705761316872426,
    "sharpe_ratio": 0.16283764467587136,
    "sharpe_ratio_w": 0.16376188005325643,
    "sortino_ratio": 0.25446788938761256,
    "sortino_ratio_w": 0.21840810128140417,
    "sterling_ratio": 0.05199483196405252,
    "sterling_ratio_w": 0.05523304588272436
}