{"config_name": "recursive_grid_ZILUSDT_456days",
 "logging_level": 0,
 "long": {"auto_unstuck_delay_minutes": 2800.0,
          "auto_unstuck_ema_dist": -0.05,
          "auto_unstuck_qty_pct": 0.01,
          "auto_unstuck_wallet_exposure_threshold": 0.06,
          "backwards_tp": false,
          "ddown_factor": 2.258547118019147,
          "ema_span_0": 200.00326936569923,
          "ema_span_1": 799.9002345864235,
          "enabled": true,
          "initial_eprice_ema_dist": -0.1,
          "initial_qty_pct": 0.02,
          "markup_range": 0.04458144866463214,
          "min_markup": 0.007934020713026107,
          "n_close_orders": 6,
          "rentry_pprice_dist": 0.03,
          "rentry_pprice_dist_wallet_exposure_weighting": 2.1667708509784473,
          "wallet_exposure_limit": 1.0},
 "short": {"auto_unstuck_delay_minutes": 1097.2695011672768,
           "auto_unstuck_ema_dist": -0.08830240273612255,
           "auto_unstuck_qty_pct": 0.04253095409632869,
           "auto_unstuck_wallet_exposure_threshold": 0.7929165118660456,
           "backwards_tp": true,
           "ddown_factor": 2.9142389133354722,
           "ema_span_0": 107.39954885311745,
           "ema_span_1": 624.2924471204503,
           "enabled": false,
           "initial_eprice_ema_dist": -0.015724491436681434,
           "initial_qty_pct": 0.012323178167156815,
           "markup_range": 0.055160214768377624,
           "min_markup": 0.002901209756844103,
           "n_close_orders": 15,
           "rentry_pprice_dist": 0.021853673962814367,
           "rentry_pprice_dist_wallet_exposure_weighting": 13.520692675903385,
           "wallet_exposure_limit": 1.0}}