{"config_name": "recursive_grid_DOGEUSDT_1250days",
 "logging_level": 0,
 "long": {"auto_unstuck_delay_minutes": 498.13047578006797,
          "auto_unstuck_ema_dist": -0.003034203895538359,
          "auto_unstuck_qty_pct": 0.06303517024339778,
          "auto_unstuck_wallet_exposure_threshold": 0.08643363131285212,
          "backwards_tp": false,
          "ddown_factor": 1.9360571229140608,
          "ema_span_0": 77.4441333577329,
          "ema_span_1": 81.0014269473757,
          "enabled": true,
          "initial_eprice_ema_dist": 0.01,
          "initial_qty_pct": 0.001,
          "markup_range": 0.014146022828563695,
          "min_markup": 0.003,
          "n_close_orders": 7,
          "rentry_pprice_dist": 0.005247993650179144,
          "rentry_pprice_dist_wallet_exposure_weighting": 2.499190145653803,
          "wallet_exposure_limit": 1.0},
 "short": {"auto_unstuck_delay_minutes": 566.0088157852385,
           "auto_unstuck_ema_dist": -0.02474680040469658,
           "auto_unstuck_qty_pct": 0.0851992295325235,
           "auto_unstuck_wallet_exposure_threshold": 0.5639986168057531,
           "backwards_tp": true,
           "ddown_factor": 1.0499519127712198,
           "ema_span_0": 794.8408235264105,
           "ema_span_1": 676.1647885879804,
           "enabled": false,
           "initial_eprice_ema_dist": -0.08419815315800026,
           "initial_qty_pct": 0.010817194907167519,
           "markup_range": 0.02453438257838343,
           "min_markup": 0.009583874709911396,
           "n_close_orders": 7,
           "rentry_pprice_dist": 0.0203690607313947,
           "rentry_pprice_dist_wallet_exposure_weighting": 1.4101220153086746,
           "wallet_exposure_limit": 1.0}}