{"config_name": "recursive_grid_OMGUSDT_1258days",
 "logging_level": 0,
 "long": {"auto_unstuck_delay_minutes": 1.00247197273922,
          "auto_unstuck_ema_dist": -0.00999976859245553,
          "auto_unstuck_qty_pct": 0.08262801235816658,
          "auto_unstuck_wallet_exposure_threshold": 0.050336963215541305,
          "backwards_tp": false,
          "ddown_factor": 1.0,
          "ema_span_0": 465.40773433968474,
          "ema_span_1": 1389.9418681206657,
          "enabled": true,
          "initial_eprice_ema_dist": 0.01,
          "initial_qty_pct": 0.001,
          "markup_range": 0.011300868847459535,
          "min_markup": 0.0042878646033094395,
          "n_close_orders": 3,
          "rentry_pprice_dist": 0.0075308978037012956,
          "rentry_pprice_dist_wallet_exposure_weighting": 2.473114343597248,
          "wallet_exposure_limit": 1.0},
 "short": {"auto_unstuck_delay_minutes": 749.5613057474195,
           "auto_unstuck_ema_dist": -0.06343989830199234,
           "auto_unstuck_qty_pct": 0.038564691857631075,
           "auto_unstuck_wallet_exposure_threshold": 0.22531870287733993,
           "backwards_tp": true,
           "ddown_factor": 0.2981892734382744,
           "ema_span_0": 439.72325515484613,
           "ema_span_1": 742.0723976101235,
           "enabled": false,
           "initial_eprice_ema_dist": -0.0728015763679625,
           "initial_qty_pct": 0.016690425763066154,
           "markup_range": 0.02141630143067302,
           "min_markup": 0.0037428081631344177,
           "n_close_orders": 16,
           "rentry_pprice_dist": 0.04470614702911119,
           "rentry_pprice_dist_wallet_exposure_weighting": 16.41237936867588,
           "wallet_exposure_limit": 1.0}}