{
    "adg": 0.0020993414026797552,
    "adg_per_exposure_long": 0.0010496707013398776,
    "adg_per_exposure_short": 0.020993414026797552,
    "adg_w": 0.0011079282558093873,
    "adg_w_per_exposure_long": 0.0005539641279046937,
    "adg_w_per_exposure_short": 0.011079282558093873,
    "calmar_ratio": 0.009659612458388908,
    "calmar_ratio_w": 0.007542910325770221,
    "drawdown_worst": 0.2173318455293285,
    "drawdown_worst_mean_1pct": 0.11821046835806576,
    "equity_balance_diff_neg_max": 0.21667385579941506,
    "equity_balance_diff_neg_mean": 0.008377643636285624,
    "equity_balance_diff_pos_max": 0.07649584808392319,
    "equity_balance_diff_pos_mean": 0.0015125544415140045,
    "equity_choppiness": 2.3329974557999758,
    "equity_choppiness_w": 2.552932166437563,
    "equity_jerkiness": 0.005427799878945379,
    "equity_jerkiness_w": 0.004190613267642196,
    "expected_shortfall_1pct": 0.09205816000107842,
    "exponential_fit_error": 0.19973614959508798,
    "exponential_fit_error_w": 0.020222869099576185,
    "gain": 46.03395236226191,
    "gain_per_exposure_long": 23.016976181130953,
    "gain_per_exposure_short": 460.339523622619,
    "loss_profit_ratio": 0.11501300122889892,
    "loss_profit_ratio_long": 0.11501300122889892,
    "loss_profit_ratio_short": 1.0,
    "loss_profit_ratio_w": 0.13103379828511702,
    "mdg": 0.0005317897874859272,
    "mdg_per_exposure_long": 0.0002658948937429636,
    "mdg_per_exposure_short": 0.005317897874859272,
    "mdg_w": 0.0002987274208994561,
    "mdg_w_per_exposure_long": 0.00014936371044972806,
    "mdg_w_per_exposure_short": 0.002987274208994561,
    "omega_ratio": 3.780801270346529,
    "omega_ratio_w": 2.4821561843250586,
    "pnl_ratio_long_short": 1.0,
    "position_held_hours_max": 485.73333333333335,
    "position_held_hours_mean": 37.42489279588336,
    "position_held_hours_median": 17.933333333333334,
    "position_unchanged_hours_max": 389.56666666666666,
    "positions_held_per_day": 1.2771084337349397,
    "sharpe_ratio": 0.09807839534484974,
    "sharpe_ratio_w": 0.07287251650249894,
    "sortino_ratio": 0.10991525267699066,
    "sortino_ratio_w": 0.07676769841733966,
    "sterling_ratio": 0.01775935271925951,
    "sterling_ratio_w": 0.009365982961783755,
    "volume_pct_per_day_avg": 0.6058092489440832,
    "volume_pct_per_day_avg_w": 0.4040256733014093
}