{"config_name": "recursive_grid_ONTUSDT_1400days",
 "logging_level": 0,
 "long": {"auto_unstuck_delay_minutes": 1440.0,
          "auto_unstuck_ema_dist": -0.00862267445757478,
          "auto_unstuck_qty_pct": 0.06360112609862653,
          "auto_unstuck_wallet_exposure_threshold": 0.05,
          "backwards_tp": false,
          "ddown_factor": 1.0044148759922082,
          "ema_span_0": 902.3157253182527,
          "ema_span_1": 1372.0035316091814,
          "enabled": true,
          "initial_eprice_ema_dist": 0.01,
          "initial_qty_pct": 0.001,
          "markup_range": 0.005126623714554285,
          "min_markup": 0.008975629066905313,
          "n_close_orders": 3,
          "rentry_pprice_dist": 0.01,
          "rentry_pprice_dist_wallet_exposure_weighting": 2.5,
          "wallet_exposure_limit": 1.0},
 "short": {"auto_unstuck_delay_minutes": 45.621885765071774,
           "auto_unstuck_ema_dist": -0.04882369596332993,
           "auto_unstuck_qty_pct": 0.01165145068945615,
           "auto_unstuck_wallet_exposure_threshold": 0.33152849763537406,
           "backwards_tp": true,
           "ddown_factor": 1.289671671781372,
           "ema_span_0": 533.8905318036434,
           "ema_span_1": 948.5277939313501,
           "enabled": false,
           "initial_eprice_ema_dist": -0.08280440583423575,
           "initial_qty_pct": 0.013704205428360044,
           "markup_range": 0.024537254887906968,
           "min_markup": 0.004467623267379193,
           "n_close_orders": 15,
           "rentry_pprice_dist": 0.023877904891386966,
           "rentry_pprice_dist_wallet_exposure_weighting": 17.27374149955141,
           "wallet_exposure_limit": 1.0}}