{"config_name": "recursive_grid_MKRUSDT_1317days",
 "logging_level": 0,
 "long": {"auto_unstuck_delay_minutes": 0.0,
          "auto_unstuck_ema_dist": 0.0,
          "auto_unstuck_qty_pct": 0.0,
          "auto_unstuck_wallet_exposure_threshold": 0.0,
          "backwards_tp": false,
          "ddown_factor": 0.8,
          "ema_span_0": 1053.567625106363,
          "ema_span_1": 1091.39757819137,
          "enabled": true,
          "initial_eprice_ema_dist": 0.009434556811909862,
          "initial_qty_pct": 0.05,
          "markup_range": 0.07339411473510495,
          "min_markup": 0.00251906647872759,
          "n_close_orders": 3,
          "rentry_pprice_dist": 0.047559156731251315,
          "rentry_pprice_dist_wallet_exposure_weighting": 0.5,
          "wallet_exposure_limit": 1.0},
 "short": {"auto_unstuck_delay_minutes": 53.263811626979674,
           "auto_unstuck_ema_dist": -0.08989820344593254,
           "auto_unstuck_qty_pct": 0.08256324357170103,
           "auto_unstuck_wallet_exposure_threshold": 0.46230839364807863,
           "backwards_tp": true,
           "ddown_factor": 1.1201175267458419,
           "ema_span_0": 1433.3832076422516,
           "ema_span_1": 698.7611831662616,
           "enabled": false,
           "initial_eprice_ema_dist": -0.039808225253452165,
           "initial_qty_pct": 0.032616867975008186,
           "markup_range": 0.039883473138853265,
           "min_markup": 0.002008290078561066,
           "n_close_orders": 9,
           "rentry_pprice_dist": 0.007044415476114979,
           "rentry_pprice_dist_wallet_exposure_weighting": 11.817048981371043,
           "wallet_exposure_limit": 1.0}}