{"config_name": "recursive_grid_COMPUSDT_1260days",
 "logging_level": 0,
 "long": {"auto_unstuck_delay_minutes": 529.8932378352645,
          "auto_unstuck_ema_dist": -0.007887546193188811,
          "auto_unstuck_qty_pct": 0.031508438664676085,
          "auto_unstuck_wallet_exposure_threshold": 0.08322427261487914,
          "backwards_tp": false,
          "ddown_factor": 1.8204085334661586,
          "ema_span_0": 546.1631414928279,
          "ema_span_1": 743.857505442552,
          "enabled": true,
          "initial_eprice_ema_dist": 0.004756389413201757,
          "initial_qty_pct": 0.001,
          "markup_range": 0.0051217558240014074,
          "min_markup": 0.0030042503474704807,
          "n_close_orders": 9,
          "rentry_pprice_dist": 0.009968231990314332,
          "rentry_pprice_dist_wallet_exposure_weighting": 1.0,
          "wallet_exposure_limit": 1.0},
 "short": {"auto_unstuck_delay_minutes": 1119.6873492358309,
           "auto_unstuck_ema_dist": -0.022073067568901317,
           "auto_unstuck_qty_pct": 0.05336460901795067,
           "auto_unstuck_wallet_exposure_threshold": 0.1227547484342476,
           "backwards_tp": true,
           "ddown_factor": 2.421987342724063,
           "ema_span_0": 1100.2324431007564,
           "ema_span_1": 48.963999690022206,
           "enabled": false,
           "initial_eprice_ema_dist": -0.04042801342911422,
           "initial_qty_pct": 0.013606491789930586,
           "markup_range": 0.013787267455089762,
           "min_markup": 0.00914484542703687,
           "n_close_orders": 10,
           "rentry_pprice_dist": 0.01006758824882184,
           "rentry_pprice_dist_wallet_exposure_weighting": 4.335677524978896,
           "wallet_exposure_limit": 1.0}}