{
    "adg": 0.007852165544573131,
    "adg_w": 0.009397853669750166,
    "calmar_ratio": 0.017690994803160907,
    "calmar_ratio_w": 0.023404662808447312,
    "drawdown_worst": 0.44385098927111544,
    "drawdown_worst_mean_1pct": 0.3503085811111811,
    "equity_balance_diff_neg_max": 0.470274437100232,
    "equity_balance_diff_neg_mean": 0.007765870540897696,
    "equity_balance_diff_pos_max": 0.42095488499294725,
    "equity_balance_diff_pos_mean": 0.016088477681637424,
    "equity_choppiness": 1.9554175417110138,
    "equity_choppiness_w": 2.054411966976106,
    "equity_jerkiness": 0.021167303831140478,
    "equity_jerkiness_w": 0.024082976973284098,
    "expected_shortfall_1pct": 0.2840676465562579,
    "exponential_fit_error": 0.15558870989665508,
    "exponential_fit_error_w": 0.048879685348868954,
    "gain": 27736.902541770334,
    "loss_profit_ratio": 0.0736658905008065,
    "loss_profit_ratio_long": 0.0736658905008065,
    "loss_profit_ratio_short": 1.0,
    "loss_profit_ratio_w": 0.0729769588509475,
    "mdg": 0.0040780039759936056,
    "mdg_w": 0.005234686811297779,
    "omega_ratio": 3.3853477810218973,
    "omega_ratio_w": 3.944112031935016,
    "pnl_ratio_long_short": 1.0,
    "position_held_hours_max": 285.43333333333334,
    "position_held_hours_mean": 2.1743991934538465,
    "position_held_hours_median": 0.25,
    "position_unchanged_hours_max": 272.25,
    "positions_held_per_day": 10.869266055045872,
    "sharpe_ratio": 0.08951923066340933,
    "sharpe_ratio_w": 0.09797419006944617,
    "sortino_ratio": 0.11665387095889942,
    "sortino_ratio_w": 0.12298730819802348,
    "sterling_ratio": 0.022414996286034473,
    "sterling_ratio_w": 0.026588920850384123
}