{"config_name": "recursive_grid_30_symbols_456days",
 "logging_level": 0,
 "long": {"auto_unstuck_delay_minutes": 2950.9909785607847,
          "auto_unstuck_ema_dist": -0.04461168958141521,
          "auto_unstuck_qty_pct": 0.01,
          "auto_unstuck_wallet_exposure_threshold": 0.055360295330922425,
          "backwards_tp": false,
          "ddown_factor": 2.0410324588962263,
          "ema_span_0": 541.605321157736,
          "ema_span_1": 543.549433033783,
          "enabled": true,
          "initial_eprice_ema_dist": -0.1,
          "initial_qty_pct": 0.02,
          "markup_range": 0.034292917724126855,
          "min_markup": 0.002883580744495313,
          "n_close_orders": 6,
          "rentry_pprice_dist": 0.03069994008856001,
          "rentry_pprice_dist_wallet_exposure_weighting": 2.265738431465287,
          "wallet_exposure_limit": 1.0},
 "short": {"auto_unstuck_delay_minutes": 20.08191742482131,
           "auto_unstuck_ema_dist": -0.05930442015866858,
           "auto_unstuck_qty_pct": 0.09652408951624421,
           "auto_unstuck_wallet_exposure_threshold": 0.2711137828805595,
           "backwards_tp": true,
           "ddown_factor": 0.9090258473443377,
           "ema_span_0": 145.37873240772632,
           "ema_span_1": 1109.5986688471169,
           "enabled": false,
           "initial_eprice_ema_dist": -0.027704480931011563,
           "initial_qty_pct": 0.04063684851478292,
           "markup_range": 0.006320375557325881,
           "min_markup": 0.007237965080323063,
           "n_close_orders": 4,
           "rentry_pprice_dist": 0.022320142295446353,
           "rentry_pprice_dist_wallet_exposure_weighting": 5.133747774029738,
           "wallet_exposure_limit": 1.0}}