{"config_name": "recursive_grid_YFIUSDT_1198days",
 "logging_level": 0,
 "long": {"auto_unstuck_delay_minutes": 1399.9993231831106,
          "auto_unstuck_ema_dist": 0.004998542342795401,
          "auto_unstuck_qty_pct": 0.01,
          "auto_unstuck_wallet_exposure_threshold": 0.0565392230677011,
          "backwards_tp": false,
          "ddown_factor": 1.239752233884608,
          "ema_span_0": 834.3236208975414,
          "ema_span_1": 80.98412884905619,
          "enabled": true,
          "initial_eprice_ema_dist": 0.01,
          "initial_qty_pct": 0.001,
          "markup_range": 0.008575943761660055,
          "min_markup": 0.004058386826517764,
          "n_close_orders": 7,
          "rentry_pprice_dist": 0.009702760554761203,
          "rentry_pprice_dist_wallet_exposure_weighting": 2.4977163785753613,
          "wallet_exposure_limit": 1.0},
 "short": {"auto_unstuck_delay_minutes": 341.0532913321506,
           "auto_unstuck_ema_dist": 0.00045895698606254753,
           "auto_unstuck_qty_pct": 0.08362399177604789,
           "auto_unstuck_wallet_exposure_threshold": 0.8283209929045885,
           "backwards_tp": true,
           "ddown_factor": 2.739746528426756,
           "ema_span_0": 1010.9850091152223,
           "ema_span_1": 598.5506061903333,
           "enabled": false,
           "initial_eprice_ema_dist": -0.0608379698767757,
           "initial_qty_pct": 0.014126424391904254,
           "markup_range": 0.017419156723550464,
           "min_markup": 0.006950807548003586,
           "n_close_orders": 13,
           "rentry_pprice_dist": 0.04127176481014189,
           "rentry_pprice_dist_wallet_exposure_weighting": 0.03167285971535483,
           "wallet_exposure_limit": 1.0}}