{
    "adg": 0.003397452855850913,
    "adg_w": 0.0025277319448714143,
    "calmar_ratio": 0.022697180858103114,
    "calmar_ratio_w": 0.01886595577482886,
    "drawdown_worst": 0.14968611639881213,
    "drawdown_worst_mean_1pct": 0.11948377108084547,
    "equity_balance_diff_neg_max": 0.17039602007864907,
    "equity_balance_diff_neg_mean": 0.0032180834252851158,
    "equity_balance_diff_pos_max": 0.1586762177306948,
    "equity_balance_diff_pos_mean": 0.00019813863536807138,
    "equity_choppiness": 1.7386104131082947,
    "equity_choppiness_w": 1.9139034411641607,
    "equity_jerkiness": 0.007316126979999137,
    "equity_jerkiness_w": 0.006806953203754289,
    "expected_shortfall_1pct": 0.09040510281170758,
    "exponential_fit_error": 0.20113029194155152,
    "exponential_fit_error_w": 0.021739001055239366,
    "gain": 489.426477350873,
    "loss_profit_ratio": 0.09627852849536657,
    "loss_profit_ratio_long": 0.09627852849536657,
    "loss_profit_ratio_short": 1.0,
    "loss_profit_ratio_w": 0.09097968321519746,
    "mdg": 0.0011697833066717607,
    "mdg_w": 0.0009163309437967433,
    "omega_ratio": 5.078451187426365,
    "omega_ratio_w": 3.740511145772287,
    "pnl_ratio_long_short": 1.0,
    "position_held_hours_max": 439.45,
    "position_held_hours_mean": 4.986899158238449,
    "position_held_hours_median": 0.8,
    "position_unchanged_hours_max": 351.73333333333335,
    "positions_held_per_day": 17.219058050383353,
    "sharpe_ratio": 0.1342058870145545,
    "sharpe_ratio_w": 0.11704997466115945,
    "sortino_ratio": 0.15815580867126353,
    "sortino_ratio_w": 0.1177014774991052,
    "sterling_ratio": 0.028434429421817616,
    "sterling_ratio_w": 0.02046097467131889
}