{
    "adg": 0.009145951199329927,
    "adg_w": 0.007059210260131188,
    "calmar_ratio": 0.020727925082039845,
    "calmar_ratio_w": 0.022111713352301512,
    "drawdown_worst": 0.4412381443454093,
    "drawdown_worst_mean_1pct": 0.3019263144904811,
    "equity_balance_diff_neg_max": 0.43981522824477814,
    "equity_balance_diff_neg_mean": 0.006917068277723302,
    "equity_balance_diff_pos_max": 0.39758456121096164,
    "equity_balance_diff_pos_mean": 0.005396887322027602,
    "equity_choppiness": 2.3070933107072435,
    "equity_choppiness_w": 2.313674606338931,
    "equity_jerkiness": 0.0242666917139713,
    "equity_jerkiness_w": 0.02385621418202185,
    "expected_shortfall_1pct": 0.259942217527363,
    "exponential_fit_error": 0.12815686795466585,
    "exponential_fit_error_w": 0.02384329653198842,
    "gain": 79971.97419462659,
    "loss_profit_ratio": 0.23486601397079043,
    "loss_profit_ratio_long": 0.23486601397079043,
    "loss_profit_ratio_short": 1.0,
    "loss_profit_ratio_w": 0.24693969470237445,
    "mdg": 0.002179862788432991,
    "mdg_w": 0.0018549329674633845,
    "omega_ratio": 4.128964655465738,
    "omega_ratio_w": 3.198045754703715,
    "pnl_ratio_long_short": 1.0,
    "position_held_hours_max": 144.71666666666667,
    "position_held_hours_mean": 7.300770124963673,
    "position_held_hours_median": 3.316666666666667,
    "position_unchanged_hours_max": 120.2,
    "positions_held_per_day": 2.775,
    "sharpe_ratio": 0.10890841352879842,
    "sharpe_ratio_w": 0.09246326127297923,
    "sortino_ratio": 0.16855252163540516,
    "sortino_ratio_w": 0.12712041396814217,
    "sterling_ratio": 0.030291997617909763,
    "sterling_ratio_w": 0.02465038030916987
}