{"config_name": "recursive_grid_EGLDUSDT_1184days",
 "logging_level": 0,
 "long": {"auto_unstuck_delay_minutes": 406.24422235408696,
          "auto_unstuck_ema_dist": 0.003624137952171128,
          "auto_unstuck_qty_pct": 0.0913660901129622,
          "auto_unstuck_wallet_exposure_threshold": 0.09495773270077033,
          "backwards_tp": false,
          "ddown_factor": 1.3986470202623729,
          "ema_span_0": 896.3523040345426,
          "ema_span_1": 1400.187436489636,
          "enabled": true,
          "initial_eprice_ema_dist": 0.01,
          "initial_qty_pct": 0.001,
          "markup_range": 0.010271817126692076,
          "min_markup": 0.005594171103670883,
          "n_close_orders": 6,
          "rentry_pprice_dist": 0.01,
          "rentry_pprice_dist_wallet_exposure_weighting": 2.3508009724652896,
          "wallet_exposure_limit": 1.0},
 "short": {"auto_unstuck_delay_minutes": 1340.1094474981905,
           "auto_unstuck_ema_dist": -0.03247828537044707,
           "auto_unstuck_qty_pct": 0.039305691781857846,
           "auto_unstuck_wallet_exposure_threshold": 0.21193667931732538,
           "backwards_tp": true,
           "ddown_factor": 0.27454797964261624,
           "ema_span_0": 1200.045537033427,
           "ema_span_1": 1316.765748296057,
           "enabled": false,
           "initial_eprice_ema_dist": -0.09241882473072466,
           "initial_qty_pct": 0.014561771640492127,
           "markup_range": 0.039650002954806744,
           "min_markup": 0.007270754353142952,
           "n_close_orders": 11,
           "rentry_pprice_dist": 0.04833845974917573,
           "rentry_pprice_dist_wallet_exposure_weighting": 12.774057037003846,
           "wallet_exposure_limit": 1.0}}