{"config_name": "recursive_grid_CVCUSDT_1126days",
 "logging_level": 0,
 "long": {"auto_unstuck_delay_minutes": 858.029517429885,
          "auto_unstuck_ema_dist": 0.002681726663680916,
          "auto_unstuck_qty_pct": 0.012657000092301848,
          "auto_unstuck_wallet_exposure_threshold": 0.08296949354313436,
          "backwards_tp": false,
          "ddown_factor": 1.4733915913908924,
          "ema_span_0": 180.67550299565826,
          "ema_span_1": 419.779563556735,
          "enabled": true,
          "initial_eprice_ema_dist": 0.01,
          "initial_qty_pct": 0.001,
          "markup_range": 0.007223320677623563,
          "min_markup": 0.005283896503110039,
          "n_close_orders": 4,
          "rentry_pprice_dist": 0.008891100911649312,
          "rentry_pprice_dist_wallet_exposure_weighting": 1.5524169181323588,
          "wallet_exposure_limit": 1.0},
 "short": {"auto_unstuck_delay_minutes": 1143.0166745167137,
           "auto_unstuck_ema_dist": -0.06653423920352608,
           "auto_unstuck_qty_pct": 0.0947775325571585,
           "auto_unstuck_wallet_exposure_threshold": 0.29062898458983855,
           "backwards_tp": true,
           "ddown_factor": 0.7347046843531304,
           "ema_span_0": 554.6853122734743,
           "ema_span_1": 525.660241682737,
           "enabled": false,
           "initial_eprice_ema_dist": -0.05879160408513622,
           "initial_qty_pct": 0.019038972176211352,
           "markup_range": 0.041085285820590844,
           "min_markup": 0.004420438120483844,
           "n_close_orders": 12,
           "rentry_pprice_dist": 0.03884068958752964,
           "rentry_pprice_dist_wallet_exposure_weighting": 11.62905845598325,
           "wallet_exposure_limit": 1.0}}