{
    "adg": 0.007318956032800639,
    "adg_w": 0.008031021121022608,
    "calmar_ratio": 0.01157486448614195,
    "calmar_ratio_w": 0.013536992624812227,
    "drawdown_worst": 0.6323146194552244,
    "drawdown_worst_mean_1pct": 0.38887473936326555,
    "equity_balance_diff_neg_max": 0.6402945306660053,
    "equity_balance_diff_neg_mean": 0.00988985808798768,
    "equity_balance_diff_pos_max": 0.15120803046328982,
    "equity_balance_diff_pos_mean": 0.002925476150829175,
    "equity_choppiness": 1.9531828111116882,
    "equity_choppiness_w": 2.174793354739526,
    "equity_jerkiness": 0.017885325881735727,
    "equity_jerkiness_w": 0.025073471862635376,
    "expected_shortfall_1pct": 0.33080123776454856,
    "exponential_fit_error": 0.10879168115839903,
    "exponential_fit_error_w": 0.03436387207597637,
    "gain": 13881.767943722007,
    "loss_profit_ratio": 0.2855430955785778,
    "loss_profit_ratio_long": 0.2855430955785778,
    "loss_profit_ratio_short": 1.0,
    "loss_profit_ratio_w": 0.2893289065929045,
    "mdg": 0.001466873422775538,
    "mdg_w": 0.001900888433712216,
    "omega_ratio": 4.28666842892246,
    "omega_ratio_w": 3.917606438063635,
    "pnl_ratio_long_short": 1.0,
    "position_held_hours_max": 277.6166666666667,
    "position_held_hours_mean": 5.154021558872305,
    "position_held_hours_median": 2.15,
    "position_unchanged_hours_max": 177.43333333333334,
    "positions_held_per_day": 4.610091743119266,
    "sharpe_ratio": 0.0861210507240629,
    "sharpe_ratio_w": 0.0802587911713769,
    "sortino_ratio": 0.11215315890343976,
    "sortino_ratio_w": 0.10634836965442547,
    "sterling_ratio": 0.018820857443156445,
    "sterling_ratio_w": 0.01775689629880349
}