{"config_name": "recursive_grid_XEMUSDT_456days",
 "logging_level": 0,
 "long": {"auto_unstuck_delay_minutes": 2800.0,
          "auto_unstuck_ema_dist": -0.04990957146518022,
          "auto_unstuck_qty_pct": 0.01,
          "auto_unstuck_wallet_exposure_threshold": 0.05999999996857801,
          "backwards_tp": false,
          "ddown_factor": 2.029347967668803,
          "ema_span_0": 683.1829672884165,
          "ema_span_1": 794.9667288597874,
          "enabled": true,
          "initial_eprice_ema_dist": -0.1,
          "initial_qty_pct": 0.02,
          "markup_range": 0.03517108521953274,
          "min_markup": 0.004701191297392222,
          "n_close_orders": 7,
          "rentry_pprice_dist": 0.024715045062350935,
          "rentry_pprice_dist_wallet_exposure_weighting": 2.001380424789481,
          "wallet_exposure_limit": 1.0},
 "short": {"auto_unstuck_delay_minutes": 1025.8829462768338,
           "auto_unstuck_ema_dist": 0.002236563304051392,
           "auto_unstuck_qty_pct": 0.053903697177760904,
           "auto_unstuck_wallet_exposure_threshold": 0.8541229524807086,
           "backwards_tp": true,
           "ddown_factor": 0.8240944434752852,
           "ema_span_0": 853.5917016932339,
           "ema_span_1": 189.47775838467862,
           "enabled": false,
           "initial_eprice_ema_dist": -0.07822806353648445,
           "initial_qty_pct": 0.015819600666918135,
           "markup_range": 0.05104241968654334,
           "min_markup": 0.002002577847847908,
           "n_close_orders": 11,
           "rentry_pprice_dist": 0.022132874840911552,
           "rentry_pprice_dist_wallet_exposure_weighting": 2.6293546078330587,
           "wallet_exposure_limit": 1.0}}