{"config_name": "recursive_grid_ADAUSDT_1411days",
 "logging_level": 0,
 "long": {"auto_unstuck_delay_minutes": 1.1498665944219755,
          "auto_unstuck_ema_dist": -0.009844272282043523,
          "auto_unstuck_qty_pct": 0.010000835177797724,
          "auto_unstuck_wallet_exposure_threshold": 0.0730535221384012,
          "backwards_tp": false,
          "ddown_factor": 1.057227027703427,
          "ema_span_0": 168.12808138990587,
          "ema_span_1": 427.6863782284001,
          "enabled": true,
          "initial_eprice_ema_dist": 0.01,
          "initial_qty_pct": 0.001,
          "markup_range": 0.019866886989625066,
          "min_markup": 0.0030258045536758365,
          "n_close_orders": 7,
          "rentry_pprice_dist": 0.005800392953021527,
          "rentry_pprice_dist_wallet_exposure_weighting": 2.134761869254696,
          "wallet_exposure_limit": 1.0},
 "short": {"auto_unstuck_delay_minutes": 1134.9638479265343,
           "auto_unstuck_ema_dist": -0.09248366226474856,
           "auto_unstuck_qty_pct": 0.03011098658067385,
           "auto_unstuck_wallet_exposure_threshold": 0.11884690358454525,
           "backwards_tp": true,
           "ddown_factor": 1.2925192982130418,
           "ema_span_0": 1075.2224446901048,
           "ema_span_1": 1319.5309487279435,
           "enabled": false,
           "initial_eprice_ema_dist": -0.014249277368114155,
           "initial_qty_pct": 0.03888759809889956,
           "markup_range": 0.025140220042665258,
           "min_markup": 0.004946645366092113,
           "n_close_orders": 7,
           "rentry_pprice_dist": 0.005533097077102327,
           "rentry_pprice_dist_wallet_exposure_weighting": 17.097622469167145,
           "wallet_exposure_limit": 1.0}}