{"config_name": "recursive_grid_CRVUSDT_1197days",
 "logging_level": 0,
 "long": {"auto_unstuck_delay_minutes": 332.9868447349874,
          "auto_unstuck_ema_dist": -0.008835905551089332,
          "auto_unstuck_qty_pct": 0.042909106469365965,
          "auto_unstuck_wallet_exposure_threshold": 0.09798442402894812,
          "backwards_tp": false,
          "ddown_factor": 1.9606918504494115,
          "ema_span_0": 425.036620470696,
          "ema_span_1": 1060.9839815054236,
          "enabled": true,
          "initial_eprice_ema_dist": -0.003368498224487587,
          "initial_qty_pct": 0.001,
          "markup_range": 0.005215554994281091,
          "min_markup": 0.003590510374982852,
          "n_close_orders": 3,
          "rentry_pprice_dist": 0.00983168564904724,
          "rentry_pprice_dist_wallet_exposure_weighting": 1.91116749703843,
          "wallet_exposure_limit": 1.0},
 "short": {"auto_unstuck_delay_minutes": 1358.933204802951,
           "auto_unstuck_ema_dist": -0.009721972325045972,
           "auto_unstuck_qty_pct": 0.05782993688654487,
           "auto_unstuck_wallet_exposure_threshold": 0.23592437601140964,
           "backwards_tp": true,
           "ddown_factor": 2.058864997833932,
           "ema_span_0": 1231.4438130397796,
           "ema_span_1": 463.5958237050586,
           "enabled": false,
           "initial_eprice_ema_dist": -0.09861377916208071,
           "initial_qty_pct": 0.03294667484492043,
           "markup_range": 0.004936186210916749,
           "min_markup": 0.006809768067441145,
           "n_close_orders": 3,
           "rentry_pprice_dist": 0.045387141824108336,
           "rentry_pprice_dist_wallet_exposure_weighting": 7.166858734022716,
           "wallet_exposure_limit": 1.0}}