{"config_name": "recursive_grid_ADAUSDT_1411days",
 "logging_level": 0,
 "long": {"auto_unstuck_delay_minutes": 1438.5308172366242,
          "auto_unstuck_ema_dist": -0.009143265623979241,
          "auto_unstuck_qty_pct": 0.04409465904097666,
          "auto_unstuck_wallet_exposure_threshold": 0.05811311658812736,
          "backwards_tp": true,
          "ddown_factor": 1.0702737637554154,
          "ema_span_0": 890.3352003401691,
          "ema_span_1": 1201.6477672417393,
          "enabled": true,
          "initial_eprice_ema_dist": 0.01,
          "initial_qty_pct": 0.001,
          "markup_range": 0.01779257793545734,
          "min_markup": 0.003282790470217335,
          "n_close_orders": 9,
          "rentry_pprice_dist": 0.01,
          "rentry_pprice_dist_wallet_exposure_weighting": 2.4997511761724676,
          "wallet_exposure_limit": 1.0},
 "short": {"auto_unstuck_delay_minutes": 350.9180500788155,
           "auto_unstuck_ema_dist": -0.03850711435316887,
           "auto_unstuck_qty_pct": 0.04090248718154579,
           "auto_unstuck_wallet_exposure_threshold": 0.8612410264786704,
           "backwards_tp": true,
           "ddown_factor": 2.1112953706170585,
           "ema_span_0": 1091.0632883958697,
           "ema_span_1": 964.6307972521605,
           "enabled": false,
           "initial_eprice_ema_dist": -0.06750184724522465,
           "initial_qty_pct": 0.019110355658420106,
           "markup_range": 0.04922677579415697,
           "min_markup": 0.003601238835782252,
           "n_close_orders": 15,
           "rentry_pprice_dist": 0.022825406143194827,
           "rentry_pprice_dist_wallet_exposure_weighting": 10.065345007876708,
           "wallet_exposure_limit": 1.0}}