{
    "adg": 0.00880448964654712,
    "adg_w": 0.004547184290994544,
    "calmar_ratio": 0.013103714479726768,
    "calmar_ratio_w": 0.011061176799030247,
    "drawdown_worst": 0.6719079281045741,
    "drawdown_worst_mean_1pct": 0.4212489106127911,
    "equity_balance_diff_neg_max": 0.6718455321557156,
    "equity_balance_diff_neg_mean": 0.006514078433600355,
    "equity_balance_diff_pos_max": 0.9938491414832341,
    "equity_balance_diff_pos_mean": 0.004470408502073826,
    "equity_choppiness": 1.6618743535890865,
    "equity_choppiness_w": 1.8349537697346237,
    "equity_jerkiness": 0.020564840960901696,
    "equity_jerkiness_w": 0.013803719232591554,
    "expected_shortfall_1pct": 0.3503532391127197,
    "exponential_fit_error": 1.8829416990168912,
    "exponential_fit_error_w": 0.19490003161709496,
    "gain": 1370548.1115920835,
    "loss_profit_ratio": 0.02657471659735053,
    "loss_profit_ratio_long": 0.02657471659735053,
    "loss_profit_ratio_short": 1.0,
    "loss_profit_ratio_w": 0.028571754374944497,
    "mdg": 0.0016223375190984888,
    "mdg_w": 0.0011262069910359987,
    "omega_ratio": 6.417496460360239,
    "omega_ratio_w": 3.899380572885241,
    "pnl_ratio_long_short": 1.0,
    "position_held_hours_max": 447.95,
    "position_held_hours_mean": 11.649366872005476,
    "position_held_hours_median": 2.683333333333333,
    "position_unchanged_hours_max": 185.76666666666668,
    "positions_held_per_day": 1.2084367245657568,
    "sharpe_ratio": 0.05711020308720913,
    "sharpe_ratio_w": 0.05946478709558669,
    "sortino_ratio": 0.12700480814936244,
    "sortino_ratio_w": 0.09013481569027812,
    "sterling_ratio": 0.020900919681285875,
    "sterling_ratio_w": 0.014502751780913686
}