{"config_name": "recursive_grid_MATICUSDT_1146days",
 "logging_level": 0,
 "long": {"auto_unstuck_delay_minutes": 1440.0,
          "auto_unstuck_ema_dist": 0.004512295528696265,
          "auto_unstuck_qty_pct": 0.01,
          "auto_unstuck_wallet_exposure_threshold": 0.09348753576624984,
          "backwards_tp": false,
          "ddown_factor": 1.0044399426765935,
          "ema_span_0": 902.3157253182527,
          "ema_span_1": 1391.6819644009613,
          "enabled": true,
          "initial_eprice_ema_dist": 0.01,
          "initial_qty_pct": 0.001,
          "markup_range": 0.005179590703114002,
          "min_markup": 0.008999908848651265,
          "n_close_orders": 3,
          "rentry_pprice_dist": 0.01,
          "rentry_pprice_dist_wallet_exposure_weighting": 1.0385141475737671,
          "wallet_exposure_limit": 1.0},
 "short": {"auto_unstuck_delay_minutes": 349.48463495344197,
           "auto_unstuck_ema_dist": -0.0948389918005379,
           "auto_unstuck_qty_pct": 0.02193770365979024,
           "auto_unstuck_wallet_exposure_threshold": 0.2941124953746911,
           "backwards_tp": true,
           "ddown_factor": 1.4891303487023027,
           "ema_span_0": 965.1002872064421,
           "ema_span_1": 275.2083700869846,
           "enabled": false,
           "initial_eprice_ema_dist": 0.0022201749784920705,
           "initial_qty_pct": 0.012200334696766256,
           "markup_range": 0.04810970605396926,
           "min_markup": 0.002446151931499525,
           "n_close_orders": 6,
           "rentry_pprice_dist": 0.012283657331913778,
           "rentry_pprice_dist_wallet_exposure_weighting": 19.281017581815675,
           "wallet_exposure_limit": 1.0}}