{
    "adg": 0.009957738905630675,
    "adg_w": 0.009049478608242966,
    "calmar_ratio": 0.017627230271547664,
    "calmar_ratio_w": 0.016020306119922882,
    "drawdown_worst": 0.564906610524263,
    "drawdown_worst_mean_1pct": 0.3769026501792439,
    "equity_balance_diff_neg_max": 0.623492071581587,
    "equity_balance_diff_neg_mean": 0.004819602452324069,
    "equity_balance_diff_pos_max": 0.42617025976737655,
    "equity_balance_diff_pos_mean": 0.001252553932625078,
    "equity_choppiness": 1.6256658187345994,
    "equity_choppiness_w": 1.7076141064435286,
    "equity_jerkiness": 0.019081394535713187,
    "equity_jerkiness_w": 0.02163538433530817,
    "expected_shortfall_1pct": 0.3434445247786369,
    "exponential_fit_error": 0.8203599451249177,
    "exponential_fit_error_w": 0.10536257756800663,
    "gain": 8644912.398029637,
    "loss_profit_ratio": 0.06913508582096835,
    "loss_profit_ratio_long": 0.06913508582096835,
    "loss_profit_ratio_short": 1.0,
    "loss_profit_ratio_w": 0.07461442895244161,
    "mdg": 0.002279090870964304,
    "mdg_w": 0.0022374599012855993,
    "omega_ratio": 9.658473753404941,
    "omega_ratio_w": 6.413029247894433,
    "pnl_ratio_long_short": 1.0,
    "position_held_hours_max": 236.88333333333333,
    "position_held_hours_mean": 6.12310224872655,
    "position_held_hours_median": 1.1666666666666667,
    "position_unchanged_hours_max": 235.06666666666666,
    "positions_held_per_day": 6.6575682382134,
    "sharpe_ratio": 0.08025224511123207,
    "sharpe_ratio_w": 0.06909584228708114,
    "sortino_ratio": 0.1382915517607953,
    "sortino_ratio_w": 0.11363094338310664,
    "sterling_ratio": 0.026419922759617277,
    "sterling_ratio_w": 0.019985620493277543
}