{"config_name": "recursive_grid_DUSKUSDT_815days",
 "logging_level": 0,
 "long": {"auto_unstuck_delay_minutes": 1638.305233948264,
          "auto_unstuck_ema_dist": 0.0,
          "auto_unstuck_qty_pct": 0.01,
          "auto_unstuck_wallet_exposure_threshold": 0.051971855748854025,
          "backwards_tp": false,
          "ddown_factor": 0.4282781879440514,
          "ema_span_0": 758.936377261627,
          "ema_span_1": 542.3588920928343,
          "enabled": true,
          "initial_eprice_ema_dist": 0.010090931435797932,
          "initial_qty_pct": 0.030303658914338862,
          "markup_range": 0.07606863215962897,
          "min_markup": 0.013864968866034296,
          "n_close_orders": 6,
          "rentry_pprice_dist": 0.04141763779260544,
          "rentry_pprice_dist_wallet_exposure_weighting": 0.47946519080654526,
          "wallet_exposure_limit": 1.0},
 "short": {"auto_unstuck_delay_minutes": 0.0,
           "auto_unstuck_ema_dist": 0.0,
           "auto_unstuck_qty_pct": 0.0,
           "auto_unstuck_wallet_exposure_threshold": 0.0,
           "backwards_tp": true,
           "ddown_factor": 0.6437360839879065,
           "ema_span_0": 670.1540340335393,
           "ema_span_1": 1043.6649763664454,
           "enabled": false,
           "initial_eprice_ema_dist": -0.0003180261294990997,
           "initial_qty_pct": 0.0057481888548918895,
           "markup_range": 0.007912743487913827,
           "min_markup": 0.00635594099078719,
           "n_close_orders": 11,
           "rentry_pprice_dist": 0.037902712901725005,
           "rentry_pprice_dist_wallet_exposure_weighting": 5.547355092470728,
           "wallet_exposure_limit": 1.0}}