{"config_name": "recursive_grid_23_symbols_1441days",
 "logging_level": 0,
 "long": {"auto_unstuck_delay_minutes": 1.0,
          "auto_unstuck_ema_dist": 0.003,
          "auto_unstuck_qty_pct": 0.01,
          "auto_unstuck_wallet_exposure_threshold": 0.05,
          "backwards_tp": false,
          "ddown_factor": 0.44648201852067715,
          "ema_span_0": 1056.4862900214382,
          "ema_span_1": 5.0,
          "enabled": true,
          "initial_eprice_ema_dist": -0.008952277242819587,
          "initial_qty_pct": 0.01,
          "markup_range": 0.06,
          "min_markup": 0.001,
          "n_close_orders": 2,
          "rentry_pprice_dist": 0.04583257395967531,
          "rentry_pprice_dist_wallet_exposure_weighting": 0.1,
          "wallet_exposure_limit": 1.0},
 "short": {"auto_unstuck_delay_minutes": 391.0998023568535,
           "auto_unstuck_ema_dist": -0.011658075411898214,
           "auto_unstuck_qty_pct": 0.03408330015177384,
           "auto_unstuck_wallet_exposure_threshold": 0.6517283276945237,
           "backwards_tp": true,
           "ddown_factor": 1.8513095130137687,
           "ema_span_0": 392.12442278705515,
           "ema_span_1": 1265.4951740698261,
           "enabled": false,
           "initial_eprice_ema_dist": -0.06880647408969781,
           "initial_qty_pct": 0.045775584519335936,
           "markup_range": 0.03425197972973217,
           "min_markup": 0.0039052707812258446,
           "n_close_orders": 14,
           "rentry_pprice_dist": 0.030225982731526158,
           "rentry_pprice_dist_wallet_exposure_weighting": 18.97119222162416,
           "wallet_exposure_limit": 1.0}}