{"config_name": "recursive_grid_TRXUSDT_1528days",
 "logging_level": 0,
 "long": {"auto_unstuck_delay_minutes": 0.0,
          "auto_unstuck_ema_dist": 0.0,
          "auto_unstuck_qty_pct": 0.0,
          "auto_unstuck_wallet_exposure_threshold": 0.0,
          "backwards_tp": false,
          "ddown_factor": 1.3207279869363713,
          "ema_span_0": 1440.0,
          "ema_span_1": 999.575646761016,
          "enabled": true,
          "initial_eprice_ema_dist": 0.005192453795094017,
          "initial_qty_pct": 0.05,
          "markup_range": 0.07441659079024057,
          "min_markup": 0.0020280211630603093,
          "n_close_orders": 3,
          "rentry_pprice_dist": 0.04621918525467618,
          "rentry_pprice_dist_wallet_exposure_weighting": 3.083848321899826,
          "wallet_exposure_limit": 1.0},
 "short": {"auto_unstuck_delay_minutes": 837.149217931724,
           "auto_unstuck_ema_dist": -0.056179267753293974,
           "auto_unstuck_qty_pct": 0.08221087005525783,
           "auto_unstuck_wallet_exposure_threshold": 0.7229901509792697,
           "backwards_tp": true,
           "ddown_factor": 0.3258328871301812,
           "ema_span_0": 1172.072081653755,
           "ema_span_1": 112.68194520595245,
           "enabled": false,
           "initial_eprice_ema_dist": -0.024515576438334963,
           "initial_qty_pct": 0.04712033800599639,
           "markup_range": 0.0236697178668119,
           "min_markup": 0.009842152380778159,
           "n_close_orders": 6,
           "rentry_pprice_dist": 0.029729967938488974,
           "rentry_pprice_dist_wallet_exposure_weighting": 19.03279338844666,
           "wallet_exposure_limit": 1.0}}