{"config_name": "recursive_grid_ZENUSDT_1113days",
 "logging_level": 0,
 "long": {"auto_unstuck_delay_minutes": 1356.9563489847944,
          "auto_unstuck_ema_dist": -0.007440796904370136,
          "auto_unstuck_qty_pct": 0.0919186576460673,
          "auto_unstuck_wallet_exposure_threshold": 0.09907459217514353,
          "backwards_tp": false,
          "ddown_factor": 1.721219611679555,
          "ema_span_0": 804.0384046500478,
          "ema_span_1": 1201.6209008024944,
          "enabled": true,
          "initial_eprice_ema_dist": 0.01,
          "initial_qty_pct": 0.001,
          "markup_range": 0.0074538449941985805,
          "min_markup": 0.004981528117882283,
          "n_close_orders": 9,
          "rentry_pprice_dist": 0.009979241970209232,
          "rentry_pprice_dist_wallet_exposure_weighting": 2.2984813172857863,
          "wallet_exposure_limit": 1.0},
 "short": {"auto_unstuck_delay_minutes": 1059.004279114171,
           "auto_unstuck_ema_dist": -0.0024927591325851345,
           "auto_unstuck_qty_pct": 0.08707583734027761,
           "auto_unstuck_wallet_exposure_threshold": 0.6377391658104044,
           "backwards_tp": true,
           "ddown_factor": 1.639998909558782,
           "ema_span_0": 151.5831707518865,
           "ema_span_1": 744.7462903084855,
           "enabled": false,
           "initial_eprice_ema_dist": -0.0415328724619044,
           "initial_qty_pct": 0.022115881513090192,
           "markup_range": 0.009025341947941367,
           "min_markup": 0.002117974052196728,
           "n_close_orders": 7,
           "rentry_pprice_dist": 0.036444394293627023,
           "rentry_pprice_dist_wallet_exposure_weighting": 16.852646388172758,
           "wallet_exposure_limit": 1.0}}