{"config_name": "recursive_grid_SUSHIUSDT_1194days",
 "logging_level": 0,
 "long": {"auto_unstuck_delay_minutes": 1265.0643974664922,
          "auto_unstuck_ema_dist": -0.0028940227012250806,
          "auto_unstuck_qty_pct": 0.01010048488256478,
          "auto_unstuck_wallet_exposure_threshold": 0.05587565710682277,
          "backwards_tp": false,
          "ddown_factor": 1.0470212054158679,
          "ema_span_0": 896.4909795119718,
          "ema_span_1": 1317.0258644960113,
          "enabled": true,
          "initial_eprice_ema_dist": 0.01,
          "initial_qty_pct": 0.001,
          "markup_range": 0.005457751842841972,
          "min_markup": 0.003015046950011588,
          "n_close_orders": 4,
          "rentry_pprice_dist": 0.00950987494887218,
          "rentry_pprice_dist_wallet_exposure_weighting": 2.4991055990515885,
          "wallet_exposure_limit": 1.0},
 "short": {"auto_unstuck_delay_minutes": 474.58007139830875,
           "auto_unstuck_ema_dist": -0.06234906243921478,
           "auto_unstuck_qty_pct": 0.09518082883254007,
           "auto_unstuck_wallet_exposure_threshold": 0.512812436727273,
           "backwards_tp": true,
           "ddown_factor": 0.4609720601261347,
           "ema_span_0": 1066.658050932372,
           "ema_span_1": 1387.2493667216238,
           "enabled": false,
           "initial_eprice_ema_dist": -0.014745850556228554,
           "initial_qty_pct": 0.015005002179197256,
           "markup_range": 0.04547649399009613,
           "min_markup": 0.003941916554014052,
           "n_close_orders": 14,
           "rentry_pprice_dist": 0.035862952648902255,
           "rentry_pprice_dist_wallet_exposure_weighting": 1.9537587487484842,
           "wallet_exposure_limit": 1.0}}