{"config_name": "recursive_grid_HBARUSDT_1000days",
 "logging_level": 0,
 "long": {"auto_unstuck_delay_minutes": 105.81011492767855,
          "auto_unstuck_ema_dist": 0.005,
          "auto_unstuck_qty_pct": 0.028606377404686988,
          "auto_unstuck_wallet_exposure_threshold": 0.0716609652433804,
          "backwards_tp": false,
          "ddown_factor": 1.9308131969167297,
          "ema_span_0": 888.881544014604,
          "ema_span_1": 729.3834937141562,
          "enabled": true,
          "initial_eprice_ema_dist": 0.01,
          "initial_qty_pct": 0.001,
          "markup_range": 0.011247921238068228,
          "min_markup": 0.006933148573320425,
          "n_close_orders": 8,
          "rentry_pprice_dist": 0.007962490276001974,
          "rentry_pprice_dist_wallet_exposure_weighting": 1.70574186686911,
          "wallet_exposure_limit": 1.0},
 "short": {"auto_unstuck_delay_minutes": 998.006266862013,
           "auto_unstuck_ema_dist": -0.025854347505696318,
           "auto_unstuck_qty_pct": 0.06706636097931563,
           "auto_unstuck_wallet_exposure_threshold": 0.17307491748092224,
           "backwards_tp": true,
           "ddown_factor": 0.10988702301051773,
           "ema_span_0": 118.17782327850013,
           "ema_span_1": 487.79844617141026,
           "enabled": false,
           "initial_eprice_ema_dist": -0.05503849767594858,
           "initial_qty_pct": 0.04990168497323125,
           "markup_range": 0.011762564574466188,
           "min_markup": 0.00485911183810416,
           "n_close_orders": 4,
           "rentry_pprice_dist": 0.006623520852781911,
           "rentry_pprice_dist_wallet_exposure_weighting": 11.398543613089508,
           "wallet_exposure_limit": 1.0}}