{"config_name": "recursive_grid_TRXUSDT_1427days",
 "logging_level": 0,
 "long": {"auto_unstuck_delay_minutes": 1205.461501243285,
          "auto_unstuck_ema_dist": 0.003576009435860393,
          "auto_unstuck_qty_pct": 0.014866761171713393,
          "auto_unstuck_wallet_exposure_threshold": 0.09552449486339082,
          "backwards_tp": true,
          "ddown_factor": 1.7588968867878232,
          "ema_span_0": 809.7734044991138,
          "ema_span_1": 191.53706157747578,
          "enabled": true,
          "initial_eprice_ema_dist": 0.009130893229404682,
          "initial_qty_pct": 0.001,
          "markup_range": 0.005,
          "min_markup": 0.008998297123866714,
          "n_close_orders": 9,
          "rentry_pprice_dist": 0.009999972719085932,
          "rentry_pprice_dist_wallet_exposure_weighting": 2.487609298590656,
          "wallet_exposure_limit": 1.0},
 "short": {"auto_unstuck_delay_minutes": 847.6120707549206,
           "auto_unstuck_ema_dist": -0.041471481891720514,
           "auto_unstuck_qty_pct": 0.08199013128520252,
           "auto_unstuck_wallet_exposure_threshold": 0.6782342235378289,
           "backwards_tp": true,
           "ddown_factor": 1.8461622143613097,
           "ema_span_0": 1261.0648041163718,
           "ema_span_1": 1303.1183477653235,
           "enabled": false,
           "initial_eprice_ema_dist": -0.09473311968357487,
           "initial_qty_pct": 0.024492483589241797,
           "markup_range": 0.010459971712445754,
           "min_markup": 0.006828990200820072,
           "n_close_orders": 14,
           "rentry_pprice_dist": 0.030139527430877618,
           "rentry_pprice_dist_wallet_exposure_weighting": 4.0331251220884035,
           "wallet_exposure_limit": 1.0}}