{"config_name": "recursive_grid_ALGOUSDT_1274days",
 "logging_level": 0,
 "long": {"auto_unstuck_delay_minutes": 207.23163525161212,
          "auto_unstuck_ema_dist": -0.0025949864896838075,
          "auto_unstuck_qty_pct": 0.08125375223213828,
          "auto_unstuck_wallet_exposure_threshold": 0.08985724544319353,
          "backwards_tp": false,
          "ddown_factor": 1.2636898381794968,
          "ema_span_0": 73.24181595475507,
          "ema_span_1": 195.42885924080105,
          "enabled": true,
          "initial_eprice_ema_dist": 0.01,
          "initial_qty_pct": 0.001,
          "markup_range": 0.018934562316524864,
          "min_markup": 0.0030002063318430206,
          "n_close_orders": 7,
          "rentry_pprice_dist": 0.008951465230454625,
          "rentry_pprice_dist_wallet_exposure_weighting": 2.49999536778746,
          "wallet_exposure_limit": 1.0},
 "short": {"auto_unstuck_delay_minutes": 785.7580829770251,
           "auto_unstuck_ema_dist": -0.04116748634118956,
           "auto_unstuck_qty_pct": 0.04710944080970161,
           "auto_unstuck_wallet_exposure_threshold": 0.3317101409004013,
           "backwards_tp": true,
           "ddown_factor": 1.5916522336155776,
           "ema_span_0": 467.0659288335639,
           "ema_span_1": 458.65448001304145,
           "enabled": false,
           "initial_eprice_ema_dist": -0.04567441967782841,
           "initial_qty_pct": 0.022996386303273414,
           "markup_range": 0.027195859583362656,
           "min_markup": 0.0035951170138281362,
           "n_close_orders": 14,
           "rentry_pprice_dist": 0.01830222806208435,
           "rentry_pprice_dist_wallet_exposure_weighting": 1.4389027687526434,
           "wallet_exposure_limit": 1.0}}