{
    "adg": 0.003262102582439086,
    "adg_per_exposure_long": 0.0021893305922409973,
    "adg_per_exposure_short": 0.003262102582439086,
    "adg_w": 0.0015241497430804607,
    "adg_w_per_exposure_long": 0.0010229192906580273,
    "adg_w_per_exposure_short": 0.0015241497430804607,
    "calmar_ratio": 0.008051241691308652,
    "calmar_ratio_w": 0.008163818548004107,
    "drawdown_worst": 0.4051676384228459,
    "drawdown_worst_mean_1pct": 0.17358055415549786,
    "equity_balance_diff_neg_max": 0.4316245760781302,
    "equity_balance_diff_neg_mean": 0.0012084166484582154,
    "equity_balance_diff_pos_max": 0.2072453748214176,
    "equity_balance_diff_pos_mean": 0.0006725736630523742,
    "equity_choppiness": 2.017130354917652,
    "equity_choppiness_w": 3.7062761408466245,
    "equity_jerkiness": 0.0073152855431331786,
    "equity_jerkiness_w": 0.0060626983297734065,
    "expected_shortfall_1pct": 0.15511227303770728,
    "exponential_fit_error": 0.39829851658153764,
    "exponential_fit_error_w": 0.04423653859382143,
    "gain": 339.1367828766289,
    "gain_per_exposure_long": 227.6085791118315,
    "gain_per_exposure_short": 339.1367828766289,
    "loss_profit_ratio": 0.27041453899955087,
    "loss_profit_ratio_long": 0.27041453899955087,
    "loss_profit_ratio_short": 1.0,
    "loss_profit_ratio_w": 0.4323160840082356,
    "mdg": 0.0004276397700544924,
    "mdg_per_exposure_long": 0.00028700655708355195,
    "mdg_per_exposure_short": 0.0004276397700544924,
    "mdg_w": 0.00046631994522822325,
    "mdg_w_per_exposure_long": 0.00031296640619343845,
    "mdg_w_per_exposure_short": 0.00046631994522822325,
    "omega_ratio": 5.292215891975469,
    "omega_ratio_w": 2.6618484324338447,
    "pnl_ratio_long_short": 1.0,
    "position_held_hours_max": 385.56666666666666,
    "position_held_hours_mean": 7.978330212234707,
    "position_held_hours_median": 1.1666666666666667,
    "position_unchanged_hours_max": 231.78333333333333,
    "positions_held_per_day": 2.984907769703745,
    "sharpe_ratio": 0.07280472530903928,
    "sharpe_ratio_w": 0.06655263185552271,
    "sortino_ratio": 0.10227268393298367,
    "sortino_ratio_w": 0.07539064437356291,
    "sterling_ratio": 0.018793018597675473,
    "sterling_ratio_w": 0.01204080430774877,
    "volume_pct_per_day_avg": 0.5983786635548684,
    "volume_pct_per_day_avg_w": 0.4902422208942568
}