{
    "adg": 0.003372250084326067,
    "adg_w": 0.0024654655265292425,
    "calmar_ratio": 0.020434773957253013,
    "calmar_ratio_w": 0.014924818910545857,
    "drawdown_worst": 0.1650250739930078,
    "drawdown_worst_mean_1pct": 0.10725278712292736,
    "equity_balance_diff_neg_max": 0.17646186714920337,
    "equity_balance_diff_neg_mean": 0.0029435187631462385,
    "equity_balance_diff_pos_max": 0.15753546493135923,
    "equity_balance_diff_pos_mean": 0.00019811809934881374,
    "equity_choppiness": 1.6772628695006806,
    "equity_choppiness_w": 1.9227872556929904,
    "equity_jerkiness": 0.007060986064476956,
    "equity_jerkiness_w": 0.006668333916880898,
    "expected_shortfall_1pct": 0.09063981062165062,
    "exponential_fit_error": 0.193662845260774,
    "exponential_fit_error_w": 0.021150522450179395,
    "gain": 467.4859228184934,
    "loss_profit_ratio": 0.0883904785750465,
    "loss_profit_ratio_long": 0.0883904785750465,
    "loss_profit_ratio_short": 1.0,
    "loss_profit_ratio_w": 0.08275014819829815,
    "mdg": 0.0011451380229193491,
    "mdg_w": 0.0009156321469894103,
    "omega_ratio": 5.34730391756969,
    "omega_ratio_w": 3.735624493199964,
    "pnl_ratio_long_short": 1.0,
    "position_held_hours_max": 439.45,
    "position_held_hours_mean": 5.002496462502527,
    "position_held_hours_median": 0.8,
    "position_unchanged_hours_max": 351.73333333333335,
    "positions_held_per_day": 17.15826944140197,
    "sharpe_ratio": 0.1388165750323601,
    "sharpe_ratio_w": 0.10578556076138416,
    "sortino_ratio": 0.1581061742143712,
    "sortino_ratio_w": 0.10526517136873108,
    "sterling_ratio": 0.031442074138931006,
    "sterling_ratio_w": 0.0184861619662405
}