{"config_name": "recursive_grid_MATICUSDT_1146days",
 "logging_level": 0,
 "long": {"auto_unstuck_delay_minutes": 53.47766701024,
          "auto_unstuck_ema_dist": -0.007978321159786807,
          "auto_unstuck_qty_pct": 0.051574034827752774,
          "auto_unstuck_wallet_exposure_threshold": 0.05753434372861562,
          "backwards_tp": false,
          "ddown_factor": 1.9701135571468453,
          "ema_span_0": 902.3157253182527,
          "ema_span_1": 328.9086221410897,
          "enabled": true,
          "initial_eprice_ema_dist": 0.01,
          "initial_qty_pct": 0.001,
          "markup_range": 0.014443327892814292,
          "min_markup": 0.004183023441273819,
          "n_close_orders": 9,
          "rentry_pprice_dist": 0.009999999998475262,
          "rentry_pprice_dist_wallet_exposure_weighting": 2.014656283163163,
          "wallet_exposure_limit": 1.0},
 "short": {"auto_unstuck_delay_minutes": 163.64848983611114,
           "auto_unstuck_ema_dist": -0.04353334792943996,
           "auto_unstuck_qty_pct": 0.04098307399383545,
           "auto_unstuck_wallet_exposure_threshold": 0.37406228777458495,
           "backwards_tp": true,
           "ddown_factor": 1.7512603843896952,
           "ema_span_0": 614.4812001587968,
           "ema_span_1": 897.2432924063276,
           "enabled": false,
           "initial_eprice_ema_dist": -0.04074337326695305,
           "initial_qty_pct": 0.019985600253176687,
           "markup_range": 0.03491603526658009,
           "min_markup": 0.007492157039505701,
           "n_close_orders": 3,
           "rentry_pprice_dist": 0.038396051311387826,
           "rentry_pprice_dist_wallet_exposure_weighting": 5.846528310760457,
           "wallet_exposure_limit": 1.0}}