{"config_name": "recursive_grid_NEARUSDT_1254days",
 "logging_level": 0,
 "long": {"auto_unstuck_delay_minutes": 0.0,
          "auto_unstuck_ema_dist": 0.0,
          "auto_unstuck_qty_pct": 0.0,
          "auto_unstuck_wallet_exposure_threshold": 0.0,
          "backwards_tp": false,
          "ddown_factor": 0.8074772933618546,
          "ema_span_0": 1099.1488006638372,
          "ema_span_1": 1327.7899353023386,
          "enabled": true,
          "initial_eprice_ema_dist": 0.00926018089353944,
          "initial_qty_pct": 0.05,
          "markup_range": 0.07248407890043779,
          "min_markup": 0.00228639382754688,
          "n_close_orders": 3,
          "rentry_pprice_dist": 0.042307461833231134,
          "rentry_pprice_dist_wallet_exposure_weighting": 4.8030897708129885,
          "wallet_exposure_limit": 1.0},
 "short": {"auto_unstuck_delay_minutes": 605.8980484416978,
           "auto_unstuck_ema_dist": -0.09264137935056457,
           "auto_unstuck_qty_pct": 0.012738848307485815,
           "auto_unstuck_wallet_exposure_threshold": 0.714372420215359,
           "backwards_tp": true,
           "ddown_factor": 0.1,
           "ema_span_0": 821.1473490865133,
           "ema_span_1": 908.6767600053663,
           "enabled": false,
           "initial_eprice_ema_dist": -0.06332226677926012,
           "initial_qty_pct": 0.0427852486517653,
           "markup_range": 0.014509694178871914,
           "min_markup": 0.004870760797867967,
           "n_close_orders": 9,
           "rentry_pprice_dist": 0.022981372965143826,
           "rentry_pprice_dist_wallet_exposure_weighting": 11.365631466788413,
           "wallet_exposure_limit": 1.0}}