{"config_name": "recursive_grid_XRPUSDT_1436days",
 "logging_level": 0,
 "long": {"auto_unstuck_delay_minutes": 578.7289051650032,
          "auto_unstuck_ema_dist": -0.0037378183193257446,
          "auto_unstuck_qty_pct": 0.1,
          "auto_unstuck_wallet_exposure_threshold": 0.052101352363399835,
          "backwards_tp": false,
          "ddown_factor": 1.8976637761343174,
          "ema_span_0": 888.3099233048999,
          "ema_span_1": 887.5191842405854,
          "enabled": true,
          "initial_eprice_ema_dist": 0.01,
          "initial_qty_pct": 0.001,
          "markup_range": 0.013569321552627767,
          "min_markup": 0.008999992661291211,
          "n_close_orders": 5,
          "rentry_pprice_dist": 0.01,
          "rentry_pprice_dist_wallet_exposure_weighting": 2.5,
          "wallet_exposure_limit": 1.0},
 "short": {"auto_unstuck_delay_minutes": 1102.0479074571488,
           "auto_unstuck_ema_dist": -0.028755758613566273,
           "auto_unstuck_qty_pct": 0.02215814652139802,
           "auto_unstuck_wallet_exposure_threshold": 0.8080921819725178,
           "backwards_tp": true,
           "ddown_factor": 1.2677312042875657,
           "ema_span_0": 119.36173452982031,
           "ema_span_1": 1180.9704835781401,
           "enabled": false,
           "initial_eprice_ema_dist": -0.015091229283487897,
           "initial_qty_pct": 0.017848057280062602,
           "markup_range": 0.005255265703144853,
           "min_markup": 0.004039944624247921,
           "n_close_orders": 12,
           "rentry_pprice_dist": 0.0414567192571849,
           "rentry_pprice_dist_wallet_exposure_weighting": 1.9126446681655795,
           "wallet_exposure_limit": 1.0}}