{"config_name": "recursive_grid_DOGEUSDT_1250days",
 "logging_level": 0,
 "long": {"auto_unstuck_delay_minutes": 1430.2872219484748,
          "auto_unstuck_ema_dist": 0.002333812721046012,
          "auto_unstuck_qty_pct": 0.07632198389163217,
          "auto_unstuck_wallet_exposure_threshold": 0.09037121582042316,
          "backwards_tp": false,
          "ddown_factor": 1.2366284431793497,
          "ema_span_0": 126.92444358231081,
          "ema_span_1": 98.85497268130456,
          "enabled": true,
          "initial_eprice_ema_dist": -0.04090342084423197,
          "initial_qty_pct": 0.001,
          "markup_range": 0.0184753421030701,
          "min_markup": 0.003000014853691527,
          "n_close_orders": 4,
          "rentry_pprice_dist": 0.0077066344056335246,
          "rentry_pprice_dist_wallet_exposure_weighting": 1.4901744517920084,
          "wallet_exposure_limit": 1.0},
 "short": {"auto_unstuck_delay_minutes": 102.37353981295306,
           "auto_unstuck_ema_dist": -0.024385245984592713,
           "auto_unstuck_qty_pct": 0.0885608235096329,
           "auto_unstuck_wallet_exposure_threshold": 0.8654333093366665,
           "backwards_tp": true,
           "ddown_factor": 0.6266532608817048,
           "ema_span_0": 192.28228403262494,
           "ema_span_1": 1212.0523374537008,
           "enabled": false,
           "initial_eprice_ema_dist": -0.04318866750766896,
           "initial_qty_pct": 0.03370222047213971,
           "markup_range": 0.017303002743824188,
           "min_markup": 0.0036633493739189685,
           "n_close_orders": 4,
           "rentry_pprice_dist": 0.038937751800439284,
           "rentry_pprice_dist_wallet_exposure_weighting": 3.275894300396145,
           "wallet_exposure_limit": 1.0}}