{"config_name": "recursive_grid_QTUMUSDT_1391days",
 "logging_level": 0,
 "long": {"auto_unstuck_delay_minutes": 1197.9728431265542,
          "auto_unstuck_ema_dist": -0.002422545745710487,
          "auto_unstuck_qty_pct": 0.0789829849910892,
          "auto_unstuck_wallet_exposure_threshold": 0.06559699547001878,
          "backwards_tp": false,
          "ddown_factor": 1,
          "ema_span_0": 814.4631897892062,
          "ema_span_1": 1197.981635246844,
          "enabled": true,
          "initial_eprice_ema_dist": 0.01,
          "initial_qty_pct": 0.001,
          "markup_range": 0.005,
          "min_markup": 0.00714454192829442,
          "n_close_orders": 6,
          "rentry_pprice_dist": 0.009992483989360932,
          "rentry_pprice_dist_wallet_exposure_weighting": 2.4874446414081732,
          "wallet_exposure_limit": 1.0},
 "short": {"auto_unstuck_delay_minutes": 800.5623065008749,
           "auto_unstuck_ema_dist": -0.04450013648529475,
           "auto_unstuck_qty_pct": 0.03417272013848184,
           "auto_unstuck_wallet_exposure_threshold": 0.6376621776826419,
           "backwards_tp": true,
           "ddown_factor": 0.849532378594483,
           "ema_span_0": 878.5163102520866,
           "ema_span_1": 56.904732876034664,
           "enabled": false,
           "initial_eprice_ema_dist": -0.025329261562665795,
           "initial_qty_pct": 0.02923820643916423,
           "markup_range": 0.0453436306410318,
           "min_markup": 0.005877830773166009,
           "n_close_orders": 3,
           "rentry_pprice_dist": 0.005648894867722852,
           "rentry_pprice_dist_wallet_exposure_weighting": 11.044932537640737,
           "wallet_exposure_limit": 1.0}}