{"config_name": "recursive_grid_HOTUSDT_456days",
 "logging_level": 0,
 "long": {"auto_unstuck_delay_minutes": 2628.7735411370886,
          "auto_unstuck_ema_dist": -0.045202378679411445,
          "auto_unstuck_qty_pct": 0.01,
          "auto_unstuck_wallet_exposure_threshold": 0.059966253639045626,
          "backwards_tp": false,
          "ddown_factor": 2.2511779406305568,
          "ema_span_0": 588.3070652311511,
          "ema_span_1": 607.9525542340506,
          "enabled": true,
          "initial_eprice_ema_dist": -0.1,
          "initial_qty_pct": 0.02,
          "markup_range": 0.04999697922735013,
          "min_markup": 0.0032829114451927294,
          "n_close_orders": 5,
          "rentry_pprice_dist": 0.018375285115952433,
          "rentry_pprice_dist_wallet_exposure_weighting": 2.5,
          "wallet_exposure_limit": 1.0},
 "short": {"auto_unstuck_delay_minutes": 145.65718450855923,
           "auto_unstuck_ema_dist": -0.0516561045055425,
           "auto_unstuck_qty_pct": 0.0663614628294119,
           "auto_unstuck_wallet_exposure_threshold": 0.8733660453735678,
           "backwards_tp": true,
           "ddown_factor": 2.6141219430130462,
           "ema_span_0": 1295.3141220227633,
           "ema_span_1": 1339.9558249460508,
           "enabled": false,
           "initial_eprice_ema_dist": -0.010803934206071869,
           "initial_qty_pct": 0.024331778729188392,
           "markup_range": 0.05383271648632256,
           "min_markup": 0.004295665341614107,
           "n_close_orders": 8,
           "rentry_pprice_dist": 0.020912481517660782,
           "rentry_pprice_dist_wallet_exposure_weighting": 17.665438828531464,
           "wallet_exposure_limit": 1.0}}