{"config_name": "recursive_grid_XMRUSDT_1509days",
 "logging_level": 0,
 "long": {"auto_unstuck_delay_minutes": 0.0,
          "auto_unstuck_ema_dist": 0.0,
          "auto_unstuck_qty_pct": 0.0,
          "auto_unstuck_wallet_exposure_threshold": 0.0,
          "backwards_tp": false,
          "ddown_factor": 2.385625722280179,
          "ema_span_0": 1440.0,
          "ema_span_1": 1270.1591733668652,
          "enabled": true,
          "initial_eprice_ema_dist": 0.01,
          "initial_qty_pct": 0.05,
          "markup_range": 0.07979091731786438,
          "min_markup": 0.002837180111224714,
          "n_close_orders": 6,
          "rentry_pprice_dist": 0.06676347960345301,
          "rentry_pprice_dist_wallet_exposure_weighting": 3.844037459712823,
          "wallet_exposure_limit": 1.0},
 "short": {"auto_unstuck_delay_minutes": 1199.4552052998574,
           "auto_unstuck_ema_dist": -0.02473078686486259,
           "auto_unstuck_qty_pct": 0.019995081813377176,
           "auto_unstuck_wallet_exposure_threshold": 0.5533592880804787,
           "backwards_tp": true,
           "ddown_factor": 2.6579491026301802,
           "ema_span_0": 682.2790015999595,
           "ema_span_1": 950.617902215546,
           "enabled": false,
           "initial_eprice_ema_dist": -0.015753004031516665,
           "initial_qty_pct": 0.027768621244048747,
           "markup_range": 0.04287795045871266,
           "min_markup": 0.009259266740008432,
           "n_close_orders": 13,
           "rentry_pprice_dist": 0.03582096738512781,
           "rentry_pprice_dist_wallet_exposure_weighting": 12.76312400352915,
           "wallet_exposure_limit": 1.0}}