{
    "adg": 0.003917008673000044,
    "adg_per_exposure_long": 0.0020180364106131086,
    "adg_per_exposure_short": 0.003917008673000044,
    "adg_w": 0.002026124894898529,
    "adg_w_per_exposure_long": 0.0010438562055118644,
    "adg_w_per_exposure_short": 0.002026124894898529,
    "calmar_ratio": 0.007363438278043975,
    "calmar_ratio_w": 0.008555196965420687,
    "drawdown_worst": 0.5319537592485339,
    "drawdown_worst_mean_1pct": 0.2970149823668094,
    "equity_balance_diff_neg_max": 0.5623043826638907,
    "equity_balance_diff_neg_mean": 0.0014994151850491358,
    "equity_balance_diff_pos_max": 0.2695293899733701,
    "equity_balance_diff_pos_mean": 0.0009730705353575419,
    "equity_choppiness": 2.086777405826428,
    "equity_choppiness_w": 3.528320401988121,
    "equity_jerkiness": 0.009505719761863587,
    "equity_jerkiness_w": 0.00791657017167026,
    "expected_shortfall_1pct": 0.22531713665685732,
    "exponential_fit_error": 0.3996612406449879,
    "exponential_fit_error_w": 0.04759299175741126,
    "gain": 1089.898634241274,
    "gain_per_exposure_long": 561.5139795163699,
    "gain_per_exposure_short": 1089.898634241274,
    "loss_profit_ratio": 0.28385624840330864,
    "loss_profit_ratio_long": 0.28385624840330864,
    "loss_profit_ratio_short": 1.0,
    "loss_profit_ratio_w": 0.4274634610616732,
    "mdg": 0.0005321157206098701,
    "mdg_per_exposure_long": 0.0002741451419937507,
    "mdg_per_exposure_short": 0.0005321157206098701,
    "mdg_w": 0.0005976756814986161,
    "mdg_w_per_exposure_long": 0.0003079215257592046,
    "mdg_w_per_exposure_short": 0.0005976756814986161,
    "omega_ratio": 4.775743093417197,
    "omega_ratio_w": 2.7160170154617003,
    "pnl_ratio_long_short": 1.0,
    "position_held_hours_max": 385.56666666666666,
    "position_held_hours_mean": 7.944499408873125,
    "position_held_hours_median": 1.1833333333333333,
    "position_unchanged_hours_max": 231.78333333333333,
    "positions_held_per_day": 2.9944102850754613,
    "sharpe_ratio": 0.05857991223572575,
    "sharpe_ratio_w": 0.06569688037911084,
    "sortino_ratio": 0.08556513948157929,
    "sortino_ratio_w": 0.0764370026590144,
    "sterling_ratio": 0.013187916117182912,
    "sterling_ratio_w": 0.012073490508532046,
    "volume_pct_per_day_avg": 0.7520848886760154,
    "volume_pct_per_day_avg_w": 0.6240619780344417
}