{"config_name": "recursive_grid_NEOUSDT_1394days",
 "logging_level": 0,
 "long": {"auto_unstuck_delay_minutes": 808.084606077551,
          "auto_unstuck_ema_dist": -0.007779200250395689,
          "auto_unstuck_qty_pct": 0.09978001376375145,
          "auto_unstuck_wallet_exposure_threshold": 0.05545520627078545,
          "backwards_tp": false,
          "ddown_factor": 1.075441617339891,
          "ema_span_0": 771.2729631958335,
          "ema_span_1": 1189.0393675781127,
          "enabled": true,
          "initial_eprice_ema_dist": 0.01,
          "initial_qty_pct": 0.001,
          "markup_range": 0.01942642211132896,
          "min_markup": 0.0037530165606491596,
          "n_close_orders": 9,
          "rentry_pprice_dist": 0.009993766868915057,
          "rentry_pprice_dist_wallet_exposure_weighting": 2.496610982130149,
          "wallet_exposure_limit": 1.0},
 "short": {"auto_unstuck_delay_minutes": 53.33187443393769,
           "auto_unstuck_ema_dist": -0.04941816580783841,
           "auto_unstuck_qty_pct": 0.04057537658778782,
           "auto_unstuck_wallet_exposure_threshold": 0.7111202185796639,
           "backwards_tp": true,
           "ddown_factor": 0.1121316692557752,
           "ema_span_0": 940.8964301540021,
           "ema_span_1": 1346.3465333742581,
           "enabled": false,
           "initial_eprice_ema_dist": -0.07818323829610212,
           "initial_qty_pct": 0.040747733691700296,
           "markup_range": 0.05138614751068861,
           "min_markup": 0.003970187082925035,
           "n_close_orders": 11,
           "rentry_pprice_dist": 0.010827203550691916,
           "rentry_pprice_dist_wallet_exposure_weighting": 6.141713276170089,
           "wallet_exposure_limit": 1.0}}