{"config_name": "recursive_grid_SNXUSDT_1215days",
 "logging_level": 0,
 "long": {"auto_unstuck_delay_minutes": 549.5091984851133,
          "auto_unstuck_ema_dist": -0.005124387001854415,
          "auto_unstuck_qty_pct": 0.010211668336644181,
          "auto_unstuck_wallet_exposure_threshold": 0.0909810391926811,
          "backwards_tp": false,
          "ddown_factor": 1.4628496849395507,
          "ema_span_0": 241.56439858491711,
          "ema_span_1": 964.8015425373088,
          "enabled": true,
          "initial_eprice_ema_dist": 0.01,
          "initial_qty_pct": 0.001,
          "markup_range": 0.01570008701259074,
          "min_markup": 0.0036178308408157923,
          "n_close_orders": 3,
          "rentry_pprice_dist": 0.009992211945992138,
          "rentry_pprice_dist_wallet_exposure_weighting": 2.495527631484158,
          "wallet_exposure_limit": 1.0},
 "short": {"auto_unstuck_delay_minutes": 1318.0812282733966,
           "auto_unstuck_ema_dist": -0.06270469559740488,
           "auto_unstuck_qty_pct": 0.08272584103210336,
           "auto_unstuck_wallet_exposure_threshold": 0.26288906874268025,
           "backwards_tp": true,
           "ddown_factor": 1.9324348350932405,
           "ema_span_0": 389.3844011679065,
           "ema_span_1": 949.1661920951146,
           "enabled": false,
           "initial_eprice_ema_dist": -0.08250183066050847,
           "initial_qty_pct": 0.03843841972716698,
           "markup_range": 0.03942611875084917,
           "min_markup": 0.009187056625845222,
           "n_close_orders": 14,
           "rentry_pprice_dist": 0.03641071239059297,
           "rentry_pprice_dist_wallet_exposure_weighting": 6.302185071537634,
           "wallet_exposure_limit": 1.0}}