{"config_name": "recursive_grid_THETAUSDT_1294days",
 "logging_level": 0,
 "long": {"auto_unstuck_delay_minutes": 1439.983794627789,
          "auto_unstuck_ema_dist": 0.004887172838405636,
          "auto_unstuck_qty_pct": 0.01026862447505517,
          "auto_unstuck_wallet_exposure_threshold": 0.06001675963611997,
          "backwards_tp": false,
          "ddown_factor": 1.000114846991787,
          "ema_span_0": 866.083922488339,
          "ema_span_1": 1400.187436489636,
          "enabled": true,
          "initial_eprice_ema_dist": 0.004134732021278887,
          "initial_qty_pct": 0.001,
          "markup_range": 0.005,
          "min_markup": 0.005046808295428169,
          "n_close_orders": 5,
          "rentry_pprice_dist": 0.009988759747017203,
          "rentry_pprice_dist_wallet_exposure_weighting": 2.483854861720632,
          "wallet_exposure_limit": 1.0},
 "short": {"auto_unstuck_delay_minutes": 524.5236900764257,
           "auto_unstuck_ema_dist": -0.06678301305485612,
           "auto_unstuck_qty_pct": 0.08273844603667915,
           "auto_unstuck_wallet_exposure_threshold": 0.27357536219256073,
           "backwards_tp": true,
           "ddown_factor": 2.74289138628612,
           "ema_span_0": 396.17686854050544,
           "ema_span_1": 52.03114680903305,
           "enabled": false,
           "initial_eprice_ema_dist": -0.04262737493075446,
           "initial_qty_pct": 0.03998688619096174,
           "markup_range": 0.006442565615143818,
           "min_markup": 0.008814671752529521,
           "n_close_orders": 7,
           "rentry_pprice_dist": 0.040694522857787366,
           "rentry_pprice_dist_wallet_exposure_weighting": 16.674557158800503,
           "wallet_exposure_limit": 1.0}}