{"config_name": "recursive_grid_OPUSDT_659days",
 "logging_level": 0,
 "long": {"auto_unstuck_delay_minutes": 181.57076851964212,
          "auto_unstuck_ema_dist": -0.05,
          "auto_unstuck_qty_pct": 0.01,
          "auto_unstuck_wallet_exposure_threshold": 0.09999266411594328,
          "backwards_tp": false,
          "ddown_factor": 2.999994696024968,
          "ema_span_0": 1440.0,
          "ema_span_1": 983.503359644581,
          "enabled": true,
          "initial_eprice_ema_dist": 0.009230967660259716,
          "initial_qty_pct": 0.05,
          "markup_range": 0.06213690931365329,
          "min_markup": 0.009893901627921855,
          "n_close_orders": 3,
          "rentry_pprice_dist": 0.041213008927180224,
          "rentry_pprice_dist_wallet_exposure_weighting": 0.5,
          "wallet_exposure_limit": 1.0},
 "short": {"auto_unstuck_delay_minutes": 369.99115494035163,
           "auto_unstuck_ema_dist": -0.07043469453091383,
           "auto_unstuck_qty_pct": 0.03480529081133196,
           "auto_unstuck_wallet_exposure_threshold": 0.45024787412110023,
           "backwards_tp": true,
           "ddown_factor": 1.7112772876819276,
           "ema_span_0": 95.10680047773657,
           "ema_span_1": 672.4394072138231,
           "enabled": false,
           "initial_eprice_ema_dist": 0.0026668055461014084,
           "initial_qty_pct": 0.014421259339328172,
           "markup_range": 0.02912604411014982,
           "min_markup": 0.0017793253812856918,
           "n_close_orders": 2,
           "rentry_pprice_dist": 0.033312228829855337,
           "rentry_pprice_dist_wallet_exposure_weighting": 9.905810428914581,
           "wallet_exposure_limit": 1.0}}