{"config_name": "recursive_grid_ALGOUSDT_1274days",
 "logging_level": 0,
 "long": {"auto_unstuck_delay_minutes": 160.9303591268495,
          "auto_unstuck_ema_dist": 0.004302346545896046,
          "auto_unstuck_qty_pct": 0.022412404638323436,
          "auto_unstuck_wallet_exposure_threshold": 0.06667424342524367,
          "backwards_tp": false,
          "ddown_factor": 1.1913807636161773,
          "ema_span_0": 825.8188165095812,
          "ema_span_1": 571.138097004212,
          "enabled": true,
          "initial_eprice_ema_dist": -0.02488440215955007,
          "initial_qty_pct": 0.001,
          "markup_range": 0.005426620878282346,
          "min_markup": 0.003040132881430859,
          "n_close_orders": 5,
          "rentry_pprice_dist": 0.01,
          "rentry_pprice_dist_wallet_exposure_weighting": 2.436334844492264,
          "wallet_exposure_limit": 1.0},
 "short": {"auto_unstuck_delay_minutes": 800.1563417063971,
           "auto_unstuck_ema_dist": -0.08706887892965215,
           "auto_unstuck_qty_pct": 0.07715807280950047,
           "auto_unstuck_wallet_exposure_threshold": 0.6553493170461298,
           "backwards_tp": true,
           "ddown_factor": 2.627385812865158,
           "ema_span_0": 458.51418519558933,
           "ema_span_1": 495.7143277636727,
           "enabled": false,
           "initial_eprice_ema_dist": -0.06704280553698017,
           "initial_qty_pct": 0.03883031090556181,
           "markup_range": 0.03547127656827307,
           "min_markup": 0.005117890136037605,
           "n_close_orders": 9,
           "rentry_pprice_dist": 0.049231959765806584,
           "rentry_pprice_dist_wallet_exposure_weighting": 2.5416758554619867,
           "wallet_exposure_limit": 1.0}}