{"config_name": "recursive_grid_HBARUSDT_1000days",
 "logging_level": 0,
 "long": {"auto_unstuck_delay_minutes": 1.0,
          "auto_unstuck_ema_dist": 0.0003711962015502835,
          "auto_unstuck_qty_pct": 0.08677301133815218,
          "auto_unstuck_wallet_exposure_threshold": 0.0997697347809327,
          "backwards_tp": false,
          "ddown_factor": 1.6516805582102916,
          "ema_span_0": 569.3686140485565,
          "ema_span_1": 1165.3169782130371,
          "enabled": true,
          "initial_eprice_ema_dist": 0.009820546916064744,
          "initial_qty_pct": 0.001,
          "markup_range": 0.009689655881404137,
          "min_markup": 0.008364848560202955,
          "n_close_orders": 3,
          "rentry_pprice_dist": 0.007979771596015166,
          "rentry_pprice_dist_wallet_exposure_weighting": 2.2634421888803216,
          "wallet_exposure_limit": 1.0},
 "short": {"auto_unstuck_delay_minutes": 1048.0879266293812,
           "auto_unstuck_ema_dist": -0.09977011552017746,
           "auto_unstuck_qty_pct": 0.07792023295683012,
           "auto_unstuck_wallet_exposure_threshold": 0.1698079271309772,
           "backwards_tp": true,
           "ddown_factor": 1.5390452581146703,
           "ema_span_0": 811.8477985699379,
           "ema_span_1": 1287.7184955999012,
           "enabled": false,
           "initial_eprice_ema_dist": -0.05399601792909341,
           "initial_qty_pct": 0.03228647097260448,
           "markup_range": 0.03472841765581563,
           "min_markup": 0.008444121939020666,
           "n_close_orders": 4,
           "rentry_pprice_dist": 0.03052694597966226,
           "rentry_pprice_dist_wallet_exposure_weighting": 19.102545469890188,
           "wallet_exposure_limit": 1.0}}