{"config_name": "recursive_grid_ADAUSDT_1411days",
 "logging_level": 0,
 "long": {"auto_unstuck_delay_minutes": 1326.374787532957,
          "auto_unstuck_ema_dist": 0.004855622801860613,
          "auto_unstuck_qty_pct": 0.04148997683425776,
          "auto_unstuck_wallet_exposure_threshold": 0.05305197076513749,
          "backwards_tp": false,
          "ddown_factor": 1.314587263831,
          "ema_span_0": 811.5422613535495,
          "ema_span_1": 1400.187436489636,
          "enabled": true,
          "initial_eprice_ema_dist": 0.01,
          "initial_qty_pct": 0.001,
          "markup_range": 0.016636287312964283,
          "min_markup": 0.007970360257375492,
          "n_close_orders": 9,
          "rentry_pprice_dist": 0.00999333041314834,
          "rentry_pprice_dist_wallet_exposure_weighting": 2.4999715992428335,
          "wallet_exposure_limit": 1.0},
 "short": {"auto_unstuck_delay_minutes": 453.7532823456457,
           "auto_unstuck_ema_dist": -0.07864991105002485,
           "auto_unstuck_qty_pct": 0.06672577983647167,
           "auto_unstuck_wallet_exposure_threshold": 0.8809987418621659,
           "backwards_tp": true,
           "ddown_factor": 1.0367505774973367,
           "ema_span_0": 252.03919695987287,
           "ema_span_1": 490.0117074775424,
           "enabled": false,
           "initial_eprice_ema_dist": -0.051178837630088424,
           "initial_qty_pct": 0.048714043423503134,
           "markup_range": 0.005907771770217782,
           "min_markup": 0.009298195237112276,
           "n_close_orders": 13,
           "rentry_pprice_dist": 0.011990773943413552,
           "rentry_pprice_dist_wallet_exposure_weighting": 13.831444287528555,
           "wallet_exposure_limit": 1.0}}