{"config_name": "recursive_grid_OMUSDT_47days",
 "logging_level": 0,
 "long": {"auto_unstuck_delay_minutes": 1509.5276712462069,
          "auto_unstuck_ema_dist": 0.0,
          "auto_unstuck_qty_pct": 0.01,
          "auto_unstuck_wallet_exposure_threshold": 0.059069416281622905,
          "backwards_tp": false,
          "ddown_factor": 1.2840673110913885,
          "ema_span_0": 498.90459074146895,
          "ema_span_1": 918.5259096465048,
          "enabled": true,
          "initial_eprice_ema_dist": -0.006221474753929761,
          "initial_qty_pct": 0.043366701031986386,
          "markup_range": 0.06252366635991437,
          "min_markup": 0.017066408077891695,
          "n_close_orders": 7,
          "rentry_pprice_dist": 0.014080870732886601,
          "rentry_pprice_dist_wallet_exposure_weighting": 4.269172058523219,
          "wallet_exposure_limit": 1.0},
 "short": {"auto_unstuck_delay_minutes": 0.0,
           "auto_unstuck_ema_dist": 0.0,
           "auto_unstuck_qty_pct": 0.0,
           "auto_unstuck_wallet_exposure_threshold": 0.0,
           "backwards_tp": true,
           "ddown_factor": 0.4206698235570091,
           "ema_span_0": 1249.2484662792008,
           "ema_span_1": 1125.9824406774871,
           "enabled": false,
           "initial_eprice_ema_dist": -0.007920749710357446,
           "initial_qty_pct": 0.016859905474423693,
           "markup_range": 0.002992051340289218,
           "min_markup": 0.0027683933632475692,
           "n_close_orders": 4,
           "rentry_pprice_dist": 0.024329120699981045,
           "rentry_pprice_dist_wallet_exposure_weighting": 0.7101680618900865,
           "wallet_exposure_limit": 1.0}}