{"config_name": "recursive_grid_XRPUSDT_1436days",
 "logging_level": 0,
 "long": {"auto_unstuck_delay_minutes": 554.3364028709078,
          "auto_unstuck_ema_dist": -0.0033000157828082773,
          "auto_unstuck_qty_pct": 0.09272057434879513,
          "auto_unstuck_wallet_exposure_threshold": 0.05659672748356574,
          "backwards_tp": false,
          "ddown_factor": 1.8793461947003578,
          "ema_span_0": 664.7721805141235,
          "ema_span_1": 657.6997482798017,
          "enabled": true,
          "initial_eprice_ema_dist": 0.009756104830753334,
          "initial_qty_pct": 0.001,
          "markup_range": 0.019496049244776884,
          "min_markup": 0.004938530182267065,
          "n_close_orders": 8,
          "rentry_pprice_dist": 0.008222234917661306,
          "rentry_pprice_dist_wallet_exposure_weighting": 1.3049636160204257,
          "wallet_exposure_limit": 1.0},
 "short": {"auto_unstuck_delay_minutes": 1031.6821768413186,
           "auto_unstuck_ema_dist": -0.07422038548173021,
           "auto_unstuck_qty_pct": 0.08291959694837435,
           "auto_unstuck_wallet_exposure_threshold": 0.3061428395132271,
           "backwards_tp": true,
           "ddown_factor": 1.7950203708403374,
           "ema_span_0": 86.14204240779601,
           "ema_span_1": 1239.6092781877212,
           "enabled": false,
           "initial_eprice_ema_dist": -0.06908983679400667,
           "initial_qty_pct": 0.014706710277171796,
           "markup_range": 0.0060697661095075505,
           "min_markup": 0.0010080148733136003,
           "n_close_orders": 15,
           "rentry_pprice_dist": 0.03703707043688845,
           "rentry_pprice_dist_wallet_exposure_weighting": 19.338168986804995,
           "wallet_exposure_limit": 1.0}}