{"config_name": "recursive_grid_THETAUSDT_1395days",
 "logging_level": 0,
 "long": {"auto_unstuck_delay_minutes": 0.0,
          "auto_unstuck_ema_dist": 0.0,
          "auto_unstuck_qty_pct": 0.0,
          "auto_unstuck_wallet_exposure_threshold": 0.0,
          "backwards_tp": false,
          "ddown_factor": 0.8,
          "ema_span_0": 1067.7639496520108,
          "ema_span_1": 931.6147434683852,
          "enabled": true,
          "initial_eprice_ema_dist": 0.007475477589988756,
          "initial_qty_pct": 0.05,
          "markup_range": 0.07969639742597512,
          "min_markup": 0.0024833341258871954,
          "n_close_orders": 4,
          "rentry_pprice_dist": 0.06980552337333029,
          "rentry_pprice_dist_wallet_exposure_weighting": 2.9070084264780727,
          "wallet_exposure_limit": 1.0},
 "short": {"auto_unstuck_delay_minutes": 728.6050934033127,
           "auto_unstuck_ema_dist": -0.038205429105339646,
           "auto_unstuck_qty_pct": 0.049752858868666525,
           "auto_unstuck_wallet_exposure_threshold": 0.38196269295866603,
           "backwards_tp": true,
           "ddown_factor": 0.5163273753153287,
           "ema_span_0": 577.0556969480317,
           "ema_span_1": 869.9274680537555,
           "enabled": false,
           "initial_eprice_ema_dist": -0.018475326961115507,
           "initial_qty_pct": 0.031292221388980225,
           "markup_range": 0.002800380210219165,
           "min_markup": 0.008340992341761224,
           "n_close_orders": 15,
           "rentry_pprice_dist": 0.03341023526728193,
           "rentry_pprice_dist_wallet_exposure_weighting": 10.276923285009339,
           "wallet_exposure_limit": 1.0}}