{"config_name": "recursive_grid_ZENUSDT_1113days",
 "logging_level": 0,
 "long": {"auto_unstuck_delay_minutes": 431.6836885072139,
          "auto_unstuck_ema_dist": -0.009218756208794032,
          "auto_unstuck_qty_pct": 0.09798267157105195,
          "auto_unstuck_wallet_exposure_threshold": 0.08978279931186137,
          "backwards_tp": false,
          "ddown_factor": 1.175892462954759,
          "ema_span_0": 732.9630992957708,
          "ema_span_1": 970.8245211788806,
          "enabled": true,
          "initial_eprice_ema_dist": 0.01,
          "initial_qty_pct": 0.001,
          "markup_range": 0.008289794695958379,
          "min_markup": 0.004328940439396965,
          "n_close_orders": 6,
          "rentry_pprice_dist": 0.009806456806418964,
          "rentry_pprice_dist_wallet_exposure_weighting": 1.029383073747334,
          "wallet_exposure_limit": 1.0},
 "short": {"auto_unstuck_delay_minutes": 125.43996257190794,
           "auto_unstuck_ema_dist": -0.0019875842437850483,
           "auto_unstuck_qty_pct": 0.08401589989270034,
           "auto_unstuck_wallet_exposure_threshold": 0.7195145150705391,
           "backwards_tp": true,
           "ddown_factor": 0.8906683548361518,
           "ema_span_0": 902.4833895686203,
           "ema_span_1": 1319.4164463292848,
           "enabled": false,
           "initial_eprice_ema_dist": -0.03991409239911099,
           "initial_qty_pct": 0.03188929602219561,
           "markup_range": 0.05892771632104532,
           "min_markup": 0.006028048973482926,
           "n_close_orders": 14,
           "rentry_pprice_dist": 0.03284883590489456,
           "rentry_pprice_dist_wallet_exposure_weighting": 2.561742051762439,
           "wallet_exposure_limit": 1.0}}