{
    "adg": 0.007316938900674863,
    "adg_w": 0.012639326075064372,
    "calmar_ratio": 0.014758803470896817,
    "calmar_ratio_w": 0.026385423680650066,
    "drawdown_worst": 0.4957677575355809,
    "drawdown_worst_mean_1pct": 0.2846783959743568,
    "equity_balance_diff_neg_max": 0.5232789618834025,
    "equity_balance_diff_neg_mean": 0.0038474940816110802,
    "equity_balance_diff_pos_max": 0.5469842941350118,
    "equity_balance_diff_pos_mean": 0.025704842244712627,
    "equity_choppiness": 1.5976854971870977,
    "equity_choppiness_w": 1.5785335683929023,
    "equity_jerkiness": 0.015522900106736136,
    "equity_jerkiness_w": 0.03016541139549218,
    "expected_shortfall_1pct": 0.24812693198368432,
    "exponential_fit_error": 0.682599819599167,
    "exponential_fit_error_w": 0.20602938349173358,
    "gain": 295859.0225262176,
    "loss_profit_ratio": 0.004282916688320982,
    "loss_profit_ratio_long": 0.004282916688320982,
    "loss_profit_ratio_short": 1.0,
    "loss_profit_ratio_w": 0.004393711081974337,
    "mdg": 0.0009160812113698668,
    "mdg_w": 0.003354579939140285,
    "omega_ratio": 7.678689546802768,
    "omega_ratio_w": 5.746723644784642,
    "pnl_ratio_long_short": 1.0,
    "position_held_hours_max": 420.8666666666667,
    "position_held_hours_mean": 2.621938352958122,
    "position_held_hours_median": 0.13333333333333333,
    "position_unchanged_hours_max": 328.2,
    "positions_held_per_day": 16.071180555555557,
    "sharpe_ratio": 0.08577396858399071,
    "sharpe_ratio_w": 0.1137911885091396,
    "sortino_ratio": 0.15328641466819717,
    "sortino_ratio_w": 0.17147788129388863,
    "sterling_ratio": 0.025702473402070023,
    "sterling_ratio_w": 0.03205215694437759
}