{"config_name": "recursive_grid_DYDXUSDT_456days",
 "logging_level": 0,
 "long": {"auto_unstuck_delay_minutes": 2758.842357333018,
          "auto_unstuck_ema_dist": -0.030291794645593232,
          "auto_unstuck_qty_pct": 0.01,
          "auto_unstuck_wallet_exposure_threshold": 0.05759953124719561,
          "backwards_tp": false,
          "ddown_factor": 2.3,
          "ema_span_0": 206.0308645135286,
          "ema_span_1": 409.0572858699325,
          "enabled": true,
          "initial_eprice_ema_dist": -0.1,
          "initial_qty_pct": 0.02,
          "markup_range": 0.02909870943856125,
          "min_markup": 0.005624681499416144,
          "n_close_orders": 8,
          "rentry_pprice_dist": 0.03,
          "rentry_pprice_dist_wallet_exposure_weighting": 2.4933644477160244,
          "wallet_exposure_limit": 1.0},
 "short": {"auto_unstuck_delay_minutes": 820.0879097841724,
           "auto_unstuck_ema_dist": -0.013686053126258507,
           "auto_unstuck_qty_pct": 0.09726766066005192,
           "auto_unstuck_wallet_exposure_threshold": 0.5967788839792927,
           "backwards_tp": true,
           "ddown_factor": 0.5284356090283663,
           "ema_span_0": 504.80682043440214,
           "ema_span_1": 93.42564817968241,
           "enabled": false,
           "initial_eprice_ema_dist": -0.07903063814833744,
           "initial_qty_pct": 0.01990791649099207,
           "markup_range": 0.017262079693541363,
           "min_markup": 0.0031729249248315925,
           "n_close_orders": 12,
           "rentry_pprice_dist": 0.047284006766897445,
           "rentry_pprice_dist_wallet_exposure_weighting": 4.200540642747887,
           "wallet_exposure_limit": 1.0}}