{
    "adg": 0.007039965958556271,
    "adg_w": 0.00701836483926086,
    "calmar_ratio": 0.010990618119749865,
    "calmar_ratio_w": 0.028313039723028795,
    "drawdown_worst": 0.6405432234885524,
    "drawdown_worst_mean_1pct": 0.28993284638164024,
    "equity_balance_diff_neg_max": 0.6403107742972932,
    "equity_balance_diff_neg_mean": 0.0022428432810230672,
    "equity_balance_diff_pos_max": 0.3743923871067591,
    "equity_balance_diff_pos_mean": 0.0020554602194063506,
    "equity_choppiness": 1.287557561418952,
    "equity_choppiness_w": 1.366497773630274,
    "equity_jerkiness": 0.014418090724293243,
    "equity_jerkiness_w": 0.014831698965031986,
    "expected_shortfall_1pct": 0.27657565410654694,
    "exponential_fit_error": 0.22324071138516619,
    "exponential_fit_error_w": 0.04660113915036264,
    "gain": 37683.674323764906,
    "loss_profit_ratio": 0.24076443697970834,
    "loss_profit_ratio_long": 0.24076443697970834,
    "loss_profit_ratio_short": 1.0,
    "loss_profit_ratio_w": 0.2520409118150807,
    "mdg": 0.0006381495094654998,
    "mdg_w": 0.0007760136843942637,
    "omega_ratio": 8.712749516647952,
    "omega_ratio_w": 8.478591402156734,
    "pnl_ratio_long_short": 1.0,
    "position_held_hours_max": 146.9,
    "position_held_hours_mean": 4.449127103742778,
    "position_held_hours_median": 1.8166666666666667,
    "position_unchanged_hours_max": 122.51666666666667,
    "positions_held_per_day": 5.300932090545939,
    "sharpe_ratio": 0.08093202423911709,
    "sharpe_ratio_w": 0.10848835118533535,
    "sortino_ratio": 0.13031276426452099,
    "sortino_ratio_w": 0.17105390632902093,
    "sterling_ratio": 0.0242813673801192,
    "sterling_ratio_w": 0.03199064298639929
}