{
    "adg": 0.0017594677091463673,
    "adg_w": 0.0016415889925293081,
    "calmar_ratio": 0.029244488023785625,
    "calmar_ratio_w": 0.04956496547675054,
    "drawdown_worst": 0.060164079730694105,
    "drawdown_worst_mean_1pct": 0.03373203182094933,
    "equity_balance_diff_neg_max": 0.06647724059289192,
    "equity_balance_diff_neg_mean": 0.0007924107249894862,
    "equity_balance_diff_pos_max": 0.07502082679250087,
    "equity_balance_diff_pos_mean": 0.003922848722747689,
    "equity_choppiness": 1.2729082259313838,
    "equity_choppiness_w": 1.6036775781991945,
    "equity_jerkiness": 0.003142313428969521,
    "equity_jerkiness_w": 0.0040481305251824275,
    "expected_shortfall_1pct": 0.03207536202668534,
    "exponential_fit_error": 0.002696016682954567,
    "exponential_fit_error_w": 0.0007586030517192364,
    "gain": 2.349846310665224,
    "loss_profit_ratio": 0.0017893025865239086,
    "loss_profit_ratio_long": 0.0017893025865239086,
    "loss_profit_ratio_short": 1.0,
    "loss_profit_ratio_w": 0.00572329034904002,
    "mdg": 0.0003918529720718488,
    "mdg_w": 0.0004751461270869093,
    "omega_ratio": 9.402658617902242,
    "omega_ratio_w": 5.150120766994899,
    "pnl_ratio_long_short": 1.0,
    "position_held_hours_max": 225.25,
    "position_held_hours_mean": 2.1863191928635426,
    "position_held_hours_median": 0.13333333333333333,
    "position_unchanged_hours_max": 225.25,
    "positions_held_per_day": 35.21399176954733,
    "sharpe_ratio": 0.17942166694434278,
    "sharpe_ratio_w": 0.1832618404923699,
    "sortino_ratio": 0.261631140280829,
    "sortino_ratio_w": 0.22116862922404543,
    "sterling_ratio": 0.052160146133078386,
    "sterling_ratio_w": 0.05245347094872303
}