{"config_name": "recursive_grid_LINKUSDT_1425days",
 "logging_level": 0,
 "long": {"auto_unstuck_delay_minutes": 1231.5311005677381,
          "auto_unstuck_ema_dist": 0.004722007384700521,
          "auto_unstuck_qty_pct": 0.04936576409273866,
          "auto_unstuck_wallet_exposure_threshold": 0.08934624568446137,
          "backwards_tp": true,
          "ddown_factor": 1.366136773778072,
          "ema_span_0": 710.2330081885465,
          "ema_span_1": 1193.1899253153513,
          "enabled": true,
          "initial_eprice_ema_dist": 0.01,
          "initial_qty_pct": 0.001,
          "markup_range": 0.00507124065088567,
          "min_markup": 0.0031006124930283005,
          "n_close_orders": 4,
          "rentry_pprice_dist": 0.009336852015191115,
          "rentry_pprice_dist_wallet_exposure_weighting": 2.256930501651982,
          "wallet_exposure_limit": 1.0},
 "short": {"auto_unstuck_delay_minutes": 1177.3137120919328,
           "auto_unstuck_ema_dist": -0.04601609182064547,
           "auto_unstuck_qty_pct": 0.045447566553856525,
           "auto_unstuck_wallet_exposure_threshold": 0.2856019029381768,
           "backwards_tp": true,
           "ddown_factor": 2.9261026431988086,
           "ema_span_0": 111.89588751823662,
           "ema_span_1": 1156.2561748114535,
           "enabled": false,
           "initial_eprice_ema_dist": 0.0006768031790329587,
           "initial_qty_pct": 0.020416134276293525,
           "markup_range": 0.03069034012177316,
           "min_markup": 0.004817600591096464,
           "n_close_orders": 6,
           "rentry_pprice_dist": 0.025722490004432382,
           "rentry_pprice_dist_wallet_exposure_weighting": 11.707588038423689,
           "wallet_exposure_limit": 1.0}}