{"config_name": "recursive_grid_ATOMUSDT_1504days",
 "logging_level": 0,
 "long": {"auto_unstuck_delay_minutes": 0.0,
          "auto_unstuck_ema_dist": 0.0,
          "auto_unstuck_qty_pct": 0.0,
          "auto_unstuck_wallet_exposure_threshold": 0.0,
          "backwards_tp": false,
          "ddown_factor": 0.8002309925650544,
          "ema_span_0": 1334.576385951654,
          "ema_span_1": 418.3689930878696,
          "enabled": true,
          "initial_eprice_ema_dist": 0.0075629963057618895,
          "initial_qty_pct": 0.05,
          "markup_range": 0.07839055883523084,
          "min_markup": 0.003083649571149302,
          "n_close_orders": 6,
          "rentry_pprice_dist": 0.06029816220477942,
          "rentry_pprice_dist_wallet_exposure_weighting": 3.830905758053137,
          "wallet_exposure_limit": 1.0},
 "short": {"auto_unstuck_delay_minutes": 359.3211355445975,
           "auto_unstuck_ema_dist": -0.04893682247322196,
           "auto_unstuck_qty_pct": 0.08680392714537959,
           "auto_unstuck_wallet_exposure_threshold": 0.878942456450443,
           "backwards_tp": true,
           "ddown_factor": 1.5373529403104493,
           "ema_span_0": 514.4577898451965,
           "ema_span_1": 212.06478394897906,
           "enabled": false,
           "initial_eprice_ema_dist": -0.0446587427972895,
           "initial_qty_pct": 0.03066694035467727,
           "markup_range": 0.02863708961200378,
           "min_markup": 0.0020932400963916704,
           "n_close_orders": 5,
           "rentry_pprice_dist": 0.049810851819273756,
           "rentry_pprice_dist_wallet_exposure_weighting": 2.313710085693723,
           "wallet_exposure_limit": 1.0}}