{"config_name": "recursive_grid_XRPUSDT_1537days",
 "logging_level": 0,
 "long": {"auto_unstuck_delay_minutes": 0.0,
          "auto_unstuck_ema_dist": 0.0,
          "auto_unstuck_qty_pct": 0.0,
          "auto_unstuck_wallet_exposure_threshold": 0.0,
          "backwards_tp": false,
          "ddown_factor": 0.9497168330114037,
          "ema_span_0": 400.28500242257047,
          "ema_span_1": 1440.0,
          "enabled": true,
          "initial_eprice_ema_dist": 0.009757782916756478,
          "initial_qty_pct": 0.05,
          "markup_range": 0.08,
          "min_markup": 0.002,
          "n_close_orders": 4,
          "rentry_pprice_dist": 0.03623668020046013,
          "rentry_pprice_dist_wallet_exposure_weighting": 4.7421860298253575,
          "wallet_exposure_limit": 1.0},
 "short": {"auto_unstuck_delay_minutes": 964.3781041939795,
           "auto_unstuck_ema_dist": -0.04573663692963361,
           "auto_unstuck_qty_pct": 0.0939675283243585,
           "auto_unstuck_wallet_exposure_threshold": 0.5814534172963729,
           "backwards_tp": true,
           "ddown_factor": 0.42073174522353896,
           "ema_span_0": 763.2764900169009,
           "ema_span_1": 1202.7186693572105,
           "enabled": false,
           "initial_eprice_ema_dist": -0.08915388610781898,
           "initial_qty_pct": 0.025318801573616392,
           "markup_range": 0.001434002909270493,
           "min_markup": 0.009007602227449972,
           "n_close_orders": 12,
           "rentry_pprice_dist": 0.04371270718615605,
           "rentry_pprice_dist_wallet_exposure_weighting": 12.463493727257791,
           "wallet_exposure_limit": 1.0}}