{"config_name": "recursive_grid_ANKRUSDT_456days",
 "logging_level": 0,
 "long": {"auto_unstuck_delay_minutes": 2600.7793092138736,
          "auto_unstuck_ema_dist": -0.030258089078563227,
          "auto_unstuck_qty_pct": 0.01,
          "auto_unstuck_wallet_exposure_threshold": 0.03,
          "backwards_tp": false,
          "ddown_factor": 2.3,
          "ema_span_0": 373.11824376919515,
          "ema_span_1": 546.0368156138113,
          "enabled": true,
          "initial_eprice_ema_dist": -0.1,
          "initial_qty_pct": 0.02,
          "markup_range": 0.044726445099332005,
          "min_markup": 0.008,
          "n_close_orders": 8,
          "rentry_pprice_dist": 0.03,
          "rentry_pprice_dist_wallet_exposure_weighting": 2.182528409594662,
          "wallet_exposure_limit": 1.0},
 "short": {"auto_unstuck_delay_minutes": 544.0957302450977,
           "auto_unstuck_ema_dist": -0.057089592113394046,
           "auto_unstuck_qty_pct": 0.09132941878285152,
           "auto_unstuck_wallet_exposure_threshold": 0.17044724090762467,
           "backwards_tp": true,
           "ddown_factor": 0.8930100576976053,
           "ema_span_0": 1267.8035222803783,
           "ema_span_1": 677.8284667593158,
           "enabled": false,
           "initial_eprice_ema_dist": -0.0542775322927974,
           "initial_qty_pct": 0.014452135815170282,
           "markup_range": 0.01605634047048143,
           "min_markup": 0.0032897828590768546,
           "n_close_orders": 9,
           "rentry_pprice_dist": 0.023292181386205233,
           "rentry_pprice_dist_wallet_exposure_weighting": 0.10364743846531299,
           "wallet_exposure_limit": 1.0}}