{
    "adg": 0.008705163642980684,
    "adg_w": 0.010026598285181798,
    "calmar_ratio": 0.0173728864110585,
    "calmar_ratio_w": 0.022082812036894273,
    "drawdown_worst": 0.5010775663299979,
    "drawdown_worst_mean_1pct": 0.3912963472640836,
    "equity_balance_diff_neg_max": 0.5276780334402369,
    "equity_balance_diff_neg_mean": 0.008740613610504117,
    "equity_balance_diff_pos_max": 0.47297013824673195,
    "equity_balance_diff_pos_mean": 0.01756961285604105,
    "equity_choppiness": 2.01876669972722,
    "equity_choppiness_w": 2.135171689255121,
    "equity_jerkiness": 0.023638162069518916,
    "equity_jerkiness_w": 0.026330980796099947,
    "expected_shortfall_1pct": 0.32064167861159365,
    "exponential_fit_error": 0.17478260341532773,
    "exponential_fit_error_w": 0.05394788657354153,
    "gain": 83874.73890567149,
    "loss_profit_ratio": 0.07052684519254868,
    "loss_profit_ratio_long": 0.07052684519254868,
    "loss_profit_ratio_short": 1.0,
    "loss_profit_ratio_w": 0.07002914174663308,
    "mdg": 0.004596326942616358,
    "mdg_w": 0.005892295014718352,
    "omega_ratio": 3.3775571037210166,
    "omega_ratio_w": 3.8141345311353403,
    "pnl_ratio_long_short": 1.0,
    "position_held_hours_max": 285.43333333333334,
    "position_held_hours_mean": 2.1691331602460644,
    "position_held_hours_median": 0.25,
    "position_unchanged_hours_max": 271.8666666666667,
    "positions_held_per_day": 10.89525993883792,
    "sharpe_ratio": 0.08620781364468615,
    "sharpe_ratio_w": 0.09362490490731576,
    "sortino_ratio": 0.1146793726767431,
    "sortino_ratio_w": 0.11609201714478674,
    "sterling_ratio": 0.022246984169023234,
    "sterling_ratio_w": 0.02519771163773208
}