{"config_name": "recursive_grid_BELUSDT_1119days",
 "logging_level": 0,
 "long": {"auto_unstuck_delay_minutes": 964.7936947130868,
          "auto_unstuck_ema_dist": -0.0027141578931643468,
          "auto_unstuck_qty_pct": 0.011477397114837114,
          "auto_unstuck_wallet_exposure_threshold": 0.050029377491488385,
          "backwards_tp": false,
          "ddown_factor": 1.0521003440341117,
          "ema_span_0": 902.3157229805107,
          "ema_span_1": 904.7742028547324,
          "enabled": true,
          "initial_eprice_ema_dist": 0.01,
          "initial_qty_pct": 0.001,
          "markup_range": 0.005217463866815476,
          "min_markup": 0.003,
          "n_close_orders": 3,
          "rentry_pprice_dist": 0.01,
          "rentry_pprice_dist_wallet_exposure_weighting": 2.4123798645369523,
          "wallet_exposure_limit": 1.0},
 "short": {"auto_unstuck_delay_minutes": 1167.7629940525062,
           "auto_unstuck_ema_dist": -0.06431264605246931,
           "auto_unstuck_qty_pct": 0.024404360237945354,
           "auto_unstuck_wallet_exposure_threshold": 0.5162532550811432,
           "backwards_tp": true,
           "ddown_factor": 2.75838216202423,
           "ema_span_0": 585.0224589098459,
           "ema_span_1": 927.9961116006572,
           "enabled": false,
           "initial_eprice_ema_dist": -0.09329679360861104,
           "initial_qty_pct": 0.032539569750740654,
           "markup_range": 0.05524572366509836,
           "min_markup": 0.0034719110941615586,
           "n_close_orders": 5,
           "rentry_pprice_dist": 0.02440569917910754,
           "rentry_pprice_dist_wallet_exposure_weighting": 5.709175307313245,
           "wallet_exposure_limit": 1.0}}