{"config_name": "recursive_grid_FTMUSDT_1275days",
 "logging_level": 0,
 "long": {"auto_unstuck_delay_minutes": 0.0,
          "auto_unstuck_ema_dist": 0.0,
          "auto_unstuck_qty_pct": 0.0,
          "auto_unstuck_wallet_exposure_threshold": 0.0,
          "backwards_tp": false,
          "ddown_factor": 2.9024474256463773,
          "ema_span_0": 416.02888834252246,
          "ema_span_1": 1148.3015322309823,
          "enabled": true,
          "initial_eprice_ema_dist": 0.008909530614867786,
          "initial_qty_pct": 0.05,
          "markup_range": 0.03206751159068952,
          "min_markup": 0.002,
          "n_close_orders": 4,
          "rentry_pprice_dist": 0.06807089884659458,
          "rentry_pprice_dist_wallet_exposure_weighting": 5.0,
          "wallet_exposure_limit": 1.0},
 "short": {"auto_unstuck_delay_minutes": 944.5040837324158,
           "auto_unstuck_ema_dist": -0.04511650349129795,
           "auto_unstuck_qty_pct": 0.04778053876740268,
           "auto_unstuck_wallet_exposure_threshold": 0.5542234453498975,
           "backwards_tp": true,
           "ddown_factor": 1.9119966022861434,
           "ema_span_0": 551.7137119978977,
           "ema_span_1": 1282.793492149243,
           "enabled": false,
           "initial_eprice_ema_dist": -0.05569961100056921,
           "initial_qty_pct": 0.01536229410858882,
           "markup_range": 0.0386922799958773,
           "min_markup": 0.003093752782025327,
           "n_close_orders": 2,
           "rentry_pprice_dist": 0.042184774592324656,
           "rentry_pprice_dist_wallet_exposure_weighting": 7.402293413351955,
           "wallet_exposure_limit": 1.0}}