{
    "adg": 0.0035786369789254646,
    "adg_per_exposure_long": 0.0011342747952220174,
    "adg_per_exposure_short": 0.0035786369789254646,
    "adg_w": 0.0029057543988421754,
    "adg_w_per_exposure_long": 0.0009209998094586927,
    "adg_w_per_exposure_short": 0.0029057543988421754,
    "calmar_ratio": 0.0109161559686007,
    "calmar_ratio_w": 0.017267214967367488,
    "drawdown_worst": 0.32782941075769517,
    "drawdown_worst_mean_1pct": 0.11725488372528785,
    "equity_balance_diff_neg_max": 0.268144193130851,
    "equity_balance_diff_neg_mean": 0.0024874072485568896,
    "equity_balance_diff_pos_max": 0.5588068861852906,
    "equity_balance_diff_pos_mean": 0.002706186404593056,
    "equity_choppiness": 1.9605593913527593,
    "equity_choppiness_w": 1.8060690616224224,
    "equity_jerkiness": 0.009899657260860499,
    "equity_jerkiness_w": 0.008327733925665708,
    "expected_shortfall_1pct": 0.07332913674823692,
    "exponential_fit_error": 0.3719431203309462,
    "exponential_fit_error_w": 0.048839130699600095,
    "gain": 467.7062115575775,
    "gain_per_exposure_long": 148.24285627815453,
    "gain_per_exposure_short": 467.7062115575775,
    "loss_profit_ratio": 0.22856676615632737,
    "loss_profit_ratio_long": 0.22856676615632737,
    "loss_profit_ratio_short": 1.0,
    "loss_profit_ratio_w": 0.19609342964029708,
    "mdg": 0.00018838891107456892,
    "mdg_per_exposure_long": 5.971122379542597e-05,
    "mdg_per_exposure_short": 0.00018838891107456892,
    "mdg_w": 3.622493616367311e-05,
    "mdg_w_per_exposure_long": 1.1481754726996232e-05,
    "mdg_w_per_exposure_short": 3.622493616367311e-05,
    "omega_ratio": 4.424352677639014,
    "omega_ratio_w": 3.9638897230492587,
    "pnl_ratio_long_short": 1.0,
    "position_held_hours_max": 398.6,
    "position_held_hours_mean": 14.006816632583504,
    "position_held_hours_median": 5.133333333333334,
    "position_unchanged_hours_max": 322.8666666666667,
    "positions_held_per_day": 1.704822777454968,
    "sharpe_ratio": 0.07784984091660399,
    "sharpe_ratio_w": 0.08859327679460136,
    "sortino_ratio": 0.23956758521843693,
    "sortino_ratio_w": 0.16884257913394665,
    "sterling_ratio": 0.03052015289452439,
    "sterling_ratio_w": 0.02356952546832543,
    "volume_pct_per_day_avg": 0.4948234898814322,
    "volume_pct_per_day_avg_w": 0.4525226805709746
}