{"config_name": "recursive_grid_NEARUSDT_456days",
 "logging_level": 0,
 "long": {"auto_unstuck_delay_minutes": 1303.9368098335885,
          "auto_unstuck_ema_dist": -0.04992370116342011,
          "auto_unstuck_qty_pct": 0.01,
          "auto_unstuck_wallet_exposure_threshold": 0.054736437641856046,
          "backwards_tp": false,
          "ddown_factor": 2.3,
          "ema_span_0": 304.15379355884176,
          "ema_span_1": 711.3918707714679,
          "enabled": true,
          "initial_eprice_ema_dist": -0.1,
          "initial_qty_pct": 0.02,
          "markup_range": 0.05,
          "min_markup": 0.007747317550126106,
          "n_close_orders": 5,
          "rentry_pprice_dist": 0.03,
          "rentry_pprice_dist_wallet_exposure_weighting": 2.2668760863781108,
          "wallet_exposure_limit": 1.0},
 "short": {"auto_unstuck_delay_minutes": 271.6543984647135,
           "auto_unstuck_ema_dist": -0.029717140969948652,
           "auto_unstuck_qty_pct": 0.023077429268749207,
           "auto_unstuck_wallet_exposure_threshold": 0.3605710833390767,
           "backwards_tp": true,
           "ddown_factor": 0.18696451517971835,
           "ema_span_0": 354.36577673942776,
           "ema_span_1": 1172.9450444879037,
           "enabled": false,
           "initial_eprice_ema_dist": -0.09563862518325182,
           "initial_qty_pct": 0.048883805553041886,
           "markup_range": 0.03677673318417456,
           "min_markup": 0.009079152831963942,
           "n_close_orders": 15,
           "rentry_pprice_dist": 0.020489215500636936,
           "rentry_pprice_dist_wallet_exposure_weighting": 16.642693102580633,
           "wallet_exposure_limit": 1.0}}