{
    "adg": 0.003807299792904839,
    "adg_w": 0.0029437994619428754,
    "calmar_ratio": 0.020987592487830685,
    "calmar_ratio_w": 0.022971589756773995,
    "drawdown_worst": 0.1814071716473645,
    "drawdown_worst_mean_1pct": 0.12309742539306011,
    "equity_balance_diff_neg_max": 0.18067899586025077,
    "equity_balance_diff_neg_mean": 0.002825246435411819,
    "equity_balance_diff_pos_max": 0.1634644059684834,
    "equity_balance_diff_pos_mean": 0.002207638777453485,
    "equity_choppiness": 1.8914283996399601,
    "equity_choppiness_w": 2.1395510208022275,
    "equity_jerkiness": 0.010011911908080031,
    "equity_jerkiness_w": 0.00980973219599385,
    "expected_shortfall_1pct": 0.10520956855687869,
    "exponential_fit_error": 0.023383557595073396,
    "exponential_fit_error_w": 0.004312246491908132,
    "gain": 111.28419671170613,
    "loss_profit_ratio": 0.21408189720562773,
    "loss_profit_ratio_long": 0.21408189720562773,
    "loss_profit_ratio_short": 1.0,
    "loss_profit_ratio_w": 0.23645044097645615,
    "mdg": 0.0008944959248445544,
    "mdg_w": 0.0007621188626876982,
    "omega_ratio": 4.0230491775757296,
    "omega_ratio_w": 3.1502221904941017,
    "pnl_ratio_long_short": 1.0,
    "position_held_hours_max": 144.71666666666667,
    "position_held_hours_mean": 7.3004359197907585,
    "position_held_hours_median": 3.316666666666667,
    "position_unchanged_hours_max": 120.2,
    "positions_held_per_day": 2.775,
    "sharpe_ratio": 0.12756119125923057,
    "sharpe_ratio_w": 0.10614577789809046,
    "sortino_ratio": 0.17437612208325284,
    "sortino_ratio_w": 0.13188543420142812,
    "sterling_ratio": 0.030929158597329073,
    "sterling_ratio_w": 0.02541566688000743
}