{
    "adg": 0.018120420299620132,
    "adg_w": 0.017402365053425673,
    "calmar_ratio": 0.025687635577408826,
    "calmar_ratio_w": 0.041539057715324186,
    "drawdown_worst": 0.7054140987408068,
    "drawdown_worst_mean_1pct": 0.5168876390967538,
    "equity_balance_diff_neg_max": 0.7103896087717556,
    "equity_balance_diff_neg_mean": 0.008404169916076624,
    "equity_balance_diff_pos_max": 1.1613052233200152,
    "equity_balance_diff_pos_mean": 0.06536570879070087,
    "equity_choppiness": 1.4303597850062326,
    "equity_choppiness_w": 1.4746807534074269,
    "equity_jerkiness": 0.03722687046237607,
    "equity_jerkiness_w": 0.0430376564622256,
    "expected_shortfall_1pct": 0.49570934359934105,
    "exponential_fit_error": 0.2957965168052756,
    "exponential_fit_error_w": 0.07552774895882683,
    "gain": 6171.432525054722,
    "loss_profit_ratio": 0.002046217731779326,
    "loss_profit_ratio_long": 0.002046217731779326,
    "loss_profit_ratio_short": 1.0,
    "loss_profit_ratio_w": 0.001975592551242124,
    "mdg": 0.0033369134363767524,
    "mdg_w": 0.004283853106816206,
    "omega_ratio": 8.887551895667873,
    "omega_ratio_w": 5.673958758425873,
    "pnl_ratio_long_short": 1.0,
    "position_held_hours_max": 225.28333333333333,
    "position_held_hours_mean": 2.646152597026005,
    "position_held_hours_median": 0.2,
    "position_unchanged_hours_max": 225.28333333333333,
    "positions_held_per_day": 29.56584362139918,
    "sharpe_ratio": 0.08173051948572525,
    "sharpe_ratio_w": 0.11024846286310568,
    "sortino_ratio": 0.18785100356997408,
    "sortino_ratio_w": 0.19217639357609978,
    "sterling_ratio": 0.0350567878374593,
    "sterling_ratio_w": 0.04301906125545235
}