{"config_name": "recursive_grid_RUNEUSDT_1295days",
 "logging_level": 0,
 "long": {"auto_unstuck_delay_minutes": 0.0,
          "auto_unstuck_ema_dist": 0.0,
          "auto_unstuck_qty_pct": 0.0,
          "auto_unstuck_wallet_exposure_threshold": 0.0,
          "backwards_tp": false,
          "ddown_factor": 0.8,
          "ema_span_0": 811.7706222690125,
          "ema_span_1": 895.9454653469932,
          "enabled": true,
          "initial_eprice_ema_dist": 0.00959724545471333,
          "initial_qty_pct": 0.05,
          "markup_range": 0.03,
          "min_markup": 0.0028465233679983684,
          "n_close_orders": 4,
          "rentry_pprice_dist": 0.05055315545535921,
          "rentry_pprice_dist_wallet_exposure_weighting": 2.10769428152172,
          "wallet_exposure_limit": 1.0},
 "short": {"auto_unstuck_delay_minutes": 1411.6073290341747,
           "auto_unstuck_ema_dist": -0.005336810347056409,
           "auto_unstuck_qty_pct": 0.050209939857232336,
           "auto_unstuck_wallet_exposure_threshold": 0.28532702149049805,
           "backwards_tp": true,
           "ddown_factor": 2.6201198556472276,
           "ema_span_0": 11.861318522944408,
           "ema_span_1": 544.7946732986849,
           "enabled": false,
           "initial_eprice_ema_dist": -0.01078274723128142,
           "initial_qty_pct": 0.047790856423496834,
           "markup_range": 0.032350874889731755,
           "min_markup": 0.00757100512322839,
           "n_close_orders": 12,
           "rentry_pprice_dist": 0.04940992057208911,
           "rentry_pprice_dist_wallet_exposure_weighting": 6.687257521960541,
           "wallet_exposure_limit": 1.0}}