{"config_name": "recursive_grid_27_symbols_1540days",
 "logging_level": 0,
 "long": {"auto_unstuck_delay_minutes": 1435.2820478468611,
          "auto_unstuck_ema_dist": -0.04712184863462538,
          "auto_unstuck_qty_pct": 0.01,
          "auto_unstuck_wallet_exposure_threshold": 0.09346211482204639,
          "backwards_tp": false,
          "ddown_factor": 1.2390650508348797,
          "ema_span_0": 869.2705203587922,
          "ema_span_1": 1209.274371145131,
          "enabled": true,
          "initial_eprice_ema_dist": 0.008956011050831296,
          "initial_qty_pct": 0.05,
          "markup_range": 0.03512231380316608,
          "min_markup": 0.002751969800667253,
          "n_close_orders": 6,
          "rentry_pprice_dist": 0.06100154649330574,
          "rentry_pprice_dist_wallet_exposure_weighting": 2.1600769122253523,
          "wallet_exposure_limit": 1.0},
 "short": {"auto_unstuck_delay_minutes": 439.56978111959063,
           "auto_unstuck_ema_dist": -0.0269490762578789,
           "auto_unstuck_qty_pct": 0.09014445007688113,
           "auto_unstuck_wallet_exposure_threshold": 0.3317430209578164,
           "backwards_tp": true,
           "ddown_factor": 1.3476410975015172,
           "ema_span_0": 1434.4804406619144,
           "ema_span_1": 991.9363869397205,
           "enabled": false,
           "initial_eprice_ema_dist": -0.047392361514875046,
           "initial_qty_pct": 0.028079434431697567,
           "markup_range": 0.0012090878458051234,
           "min_markup": 0.0025742743180715063,
           "n_close_orders": 12,
           "rentry_pprice_dist": 0.032214637492738424,
           "rentry_pprice_dist_wallet_exposure_weighting": 17.58640404027141,
           "wallet_exposure_limit": 1.0}}