{
    "adg": 0.0038952648227208453,
    "adg_w": 0.004299809119754095,
    "calmar_ratio": 0.011761805223974962,
    "calmar_ratio_w": 0.013822433957898155,
    "drawdown_worst": 0.33117916412872045,
    "drawdown_worst_mean_1pct": 0.2046737467579815,
    "equity_balance_diff_neg_max": 0.33892887380421133,
    "equity_balance_diff_neg_mean": 0.005238642416363809,
    "equity_balance_diff_pos_max": 0.08010205843754528,
    "equity_balance_diff_pos_mean": 0.0015492491727414988,
    "equity_choppiness": 1.7361219374384045,
    "equity_choppiness_w": 2.026205694591466,
    "equity_jerkiness": 0.009464411044802359,
    "equity_jerkiness_w": 0.013142096482623017,
    "expected_shortfall_1pct": 0.16670096889947705,
    "exponential_fit_error": 0.03219103574031366,
    "exponential_fit_error_w": 0.00995263742809888,
    "gain": 161.59753342087558,
    "loss_profit_ratio": 0.26994128867942707,
    "loss_profit_ratio_long": 0.26994128867942707,
    "loss_profit_ratio_short": 1.0,
    "loss_profit_ratio_w": 0.2811607548399978,
    "mdg": 0.0007747310872137318,
    "mdg_w": 0.0010136486747530133,
    "omega_ratio": 4.217073733181249,
    "omega_ratio_w": 3.7784316500826485,
    "pnl_ratio_long_short": 1.0,
    "position_held_hours_max": 277.6166666666667,
    "position_held_hours_mean": 5.145427704194261,
    "position_held_hours_median": 2.15,
    "position_unchanged_hours_max": 177.66666666666666,
    "positions_held_per_day": 4.617737003058104,
    "sharpe_ratio": 0.10888510251914355,
    "sharpe_ratio_w": 0.1065384512981518,
    "sortino_ratio": 0.11791590108789549,
    "sortino_ratio_w": 0.11431573680041787,
    "sterling_ratio": 0.019031580182713125,
    "sterling_ratio_w": 0.018083968438581705
}