{
    "adg": 0.035655248399316,
    "adg_per_exposure_long": 0.008954105574916122,
    "adg_per_exposure_short": 0.035655248399316,
    "adg_w": 0.01997867009325307,
    "adg_w_per_exposure_long": 0.005017245126381986,
    "adg_w_per_exposure_short": 0.01997867009325307,
    "calmar_ratio": 0.24792653410015586,
    "calmar_ratio_w": 0.23940199197310288,
    "drawdown_worst": 0.14381376535079624,
    "drawdown_worst_mean_1pct": 0.14381376535079624,
    "equity_balance_diff_neg_max": 0.1886429985694605,
    "equity_balance_diff_neg_mean": 0.003954082709334284,
    "equity_balance_diff_pos_max": 0.16731541379707246,
    "equity_balance_diff_pos_mean": 0.002121025204513673,
    "equity_choppiness": 1.2244269381687285,
    "equity_choppiness_w": 1.1696338355999016,
    "equity_jerkiness": 0.042991225099484824,
    "equity_jerkiness_w": 0.024031237643400472,
    "expected_shortfall_1pct": 0.1438137653507962,
    "exponential_fit_error": 0.1357673145632483,
    "exponential_fit_error_w": 0.014511742750518638,
    "gain": 510.8665298838396,
    "gain_per_exposure_long": 128.2939552696734,
    "gain_per_exposure_short": 510.8665298838396,
    "loss_profit_ratio": 0.20851501174170753,
    "loss_profit_ratio_long": 0.20851501174170753,
    "loss_profit_ratio_short": 1.0,
    "loss_profit_ratio_w": 0.2345916127134473,
    "mdg": 0.022817617524586935,
    "mdg_per_exposure_long": 0.0057301902372141975,
    "mdg_per_exposure_short": 0.022817617524586935,
    "mdg_w": 0.015433947389940122,
    "mdg_w_per_exposure_long": 0.0038759285258513614,
    "mdg_w_per_exposure_short": 0.015433947389940122,
    "omega_ratio": 15.89948135132587,
    "omega_ratio_w": 20.961320000089632,
    "pnl_ratio_long_short": 1.0,
    "position_held_hours_max": 67.35,
    "position_held_hours_mean": 4.762630792227204,
    "position_held_hours_median": 2.3333333333333335,
    "position_unchanged_hours_max": 39.21666666666667,
    "positions_held_per_day": 5.01123595505618,
    "sharpe_ratio": 0.5017958265269644,
    "sharpe_ratio_w": 0.45784798790234477,
    "sortino_ratio": 0.8194718834647783,
    "sortino_ratio_w": 0.5601183968013085,
    "sterling_ratio": 0.24792653410015586,
    "sterling_ratio_w": 0.23940199197310288,
    "volume_pct_per_day_avg": 7.264046641094825,
    "volume_pct_per_day_avg_w": 4.838364484168769
}