{
    "adg": 0.014173093343910814,
    "adg_w": 0.013435694283270206,
    "calmar_ratio": 0.026512357870362276,
    "calmar_ratio_w": 0.048719277026324816,
    "drawdown_worst": 0.534584415811416,
    "drawdown_worst_mean_1pct": 0.3503554170605006,
    "equity_balance_diff_neg_max": 0.5595152195640726,
    "equity_balance_diff_neg_mean": 0.0072674460125414985,
    "equity_balance_diff_pos_max": 0.6133252784317913,
    "equity_balance_diff_pos_mean": 0.03459891615580183,
    "equity_choppiness": 1.4832896061680145,
    "equity_choppiness_w": 1.5709325663209877,
    "equity_jerkiness": 0.027651114990029577,
    "equity_jerkiness_w": 0.035811967672250575,
    "expected_shortfall_1pct": 0.297392436057344,
    "exponential_fit_error": 0.1624696104982134,
    "exponential_fit_error_w": 0.04250619070300858,
    "gain": 934.2711723888478,
    "loss_profit_ratio": 0.004275200655939124,
    "loss_profit_ratio_long": 0.004275200655939124,
    "loss_profit_ratio_short": 1.0,
    "loss_profit_ratio_w": 0.003924457266296753,
    "mdg": 0.0032763274552062883,
    "mdg_w": 0.0040363366380383745,
    "omega_ratio": 8.392818955663987,
    "omega_ratio_w": 4.888312178876384,
    "pnl_ratio_long_short": 1.0,
    "position_held_hours_max": 225.23333333333332,
    "position_held_hours_mean": 2.135074213980464,
    "position_held_hours_median": 0.13333333333333333,
    "position_unchanged_hours_max": 225.23333333333332,
    "positions_held_per_day": 35.95061728395062,
    "sharpe_ratio": 0.12634554971739664,
    "sharpe_ratio_w": 0.14592704991218394,
    "sortino_ratio": 0.2310543866259849,
    "sortino_ratio_w": 0.2084652274355847,
    "sterling_ratio": 0.040453472827175825,
    "sterling_ratio_w": 0.05067926897581343
}