{"config_name": "recursive_grid_QTUMUSDT_1391days",
 "logging_level": 0,
 "long": {"auto_unstuck_delay_minutes": 242.4688899643145,
          "auto_unstuck_ema_dist": 0.003238882289020761,
          "auto_unstuck_qty_pct": 0.09999509411517721,
          "auto_unstuck_wallet_exposure_threshold": 0.0543589921109284,
          "backwards_tp": false,
          "ddown_factor": 1.1297477614774014,
          "ema_span_0": 116.72705644007502,
          "ema_span_1": 1336.9069420156518,
          "enabled": true,
          "initial_eprice_ema_dist": 0.01,
          "initial_qty_pct": 0.001,
          "markup_range": 0.02,
          "min_markup": 0.006551553051145247,
          "n_close_orders": 4,
          "rentry_pprice_dist": 0.00999086614179915,
          "rentry_pprice_dist_wallet_exposure_weighting": 2.416152145994959,
          "wallet_exposure_limit": 1.0},
 "short": {"auto_unstuck_delay_minutes": 1062.473107974656,
           "auto_unstuck_ema_dist": -0.018755045199018244,
           "auto_unstuck_qty_pct": 0.09460327005185616,
           "auto_unstuck_wallet_exposure_threshold": 0.1506954854892425,
           "backwards_tp": true,
           "ddown_factor": 0.2414644096275914,
           "ema_span_0": 1202.6759322239957,
           "ema_span_1": 614.2952650265515,
           "enabled": false,
           "initial_eprice_ema_dist": -0.03850275115277054,
           "initial_qty_pct": 0.034571556272783806,
           "markup_range": 0.033770375403476445,
           "min_markup": 0.0013593286831435412,
           "n_close_orders": 12,
           "rentry_pprice_dist": 0.008656684379199498,
           "rentry_pprice_dist_wallet_exposure_weighting": 2.5584770593272155,
           "wallet_exposure_limit": 1.0}}