{"config_name": "recursive_grid_OCEANUSDT_1134days",
 "logging_level": 0,
 "long": {"auto_unstuck_delay_minutes": 376.73844453597434,
          "auto_unstuck_ema_dist": -0.007367771126704299,
          "auto_unstuck_qty_pct": 0.012694559567897981,
          "auto_unstuck_wallet_exposure_threshold": 0.09020703078776962,
          "backwards_tp": false,
          "ddown_factor": 1.0280842659759135,
          "ema_span_0": 123.92051990367759,
          "ema_span_1": 337.5933370291158,
          "enabled": true,
          "initial_eprice_ema_dist": 0.009387714050536582,
          "initial_qty_pct": 0.001,
          "markup_range": 0.013046279440393053,
          "min_markup": 0.0036128141271051578,
          "n_close_orders": 6,
          "rentry_pprice_dist": 0.009999999157237996,
          "rentry_pprice_dist_wallet_exposure_weighting": 2.3132858515855443,
          "wallet_exposure_limit": 1.0},
 "short": {"auto_unstuck_delay_minutes": 651.1095807588005,
           "auto_unstuck_ema_dist": -0.08905879004272832,
           "auto_unstuck_qty_pct": 0.01576562064255239,
           "auto_unstuck_wallet_exposure_threshold": 0.8678269390060046,
           "backwards_tp": true,
           "ddown_factor": 0.11403149399428159,
           "ema_span_0": 1191.289594491844,
           "ema_span_1": 424.0712672614992,
           "enabled": false,
           "initial_eprice_ema_dist": -0.050827601696032516,
           "initial_qty_pct": 0.04982276314878392,
           "markup_range": 0.03902456124661016,
           "min_markup": 0.0022950755521530157,
           "n_close_orders": 13,
           "rentry_pprice_dist": 0.0348635075766257,
           "rentry_pprice_dist_wallet_exposure_weighting": 5.181894859590335,
           "wallet_exposure_limit": 1.0}}