{"config_name": "recursive_grid_ZECUSDT_1406days",
 "logging_level": 0,
 "long": {"auto_unstuck_delay_minutes": 1.0,
          "auto_unstuck_ema_dist": 0.001641401535536562,
          "auto_unstuck_qty_pct": 0.02533698710928388,
          "auto_unstuck_wallet_exposure_threshold": 0.09863946892294145,
          "backwards_tp": false,
          "ddown_factor": 1.8323584424951034,
          "ema_span_0": 73.24181595475507,
          "ema_span_1": 1138.2107809929798,
          "enabled": true,
          "initial_eprice_ema_dist": 0.01,
          "initial_qty_pct": 0.001,
          "markup_range": 0.02,
          "min_markup": 0.0036781019521045354,
          "n_close_orders": 5,
          "rentry_pprice_dist": 0.01,
          "rentry_pprice_dist_wallet_exposure_weighting": 1.8741036642896816,
          "wallet_exposure_limit": 1.0},
 "short": {"auto_unstuck_delay_minutes": 1074.4955489136057,
           "auto_unstuck_ema_dist": -0.06340536935269803,
           "auto_unstuck_qty_pct": 0.08483759211244508,
           "auto_unstuck_wallet_exposure_threshold": 0.8216334095938238,
           "backwards_tp": true,
           "ddown_factor": 1.5257555159764202,
           "ema_span_0": 1310.5270721473262,
           "ema_span_1": 713.5992138380602,
           "enabled": false,
           "initial_eprice_ema_dist": -2.8687060987880875e-05,
           "initial_qty_pct": 0.02067824968937878,
           "markup_range": 0.053341784032225795,
           "min_markup": 0.007685140992119003,
           "n_close_orders": 15,
           "rentry_pprice_dist": 0.024434875737455005,
           "rentry_pprice_dist_wallet_exposure_weighting": 6.5593889019770835,
           "wallet_exposure_limit": 1.0}}