{"config_name": "recursive_grid_EGLDUSDT_1184days",
 "logging_level": 0,
 "long": {"auto_unstuck_delay_minutes": 884.8819736586854,
          "auto_unstuck_ema_dist": -0.005530149855621148,
          "auto_unstuck_qty_pct": 0.09773817200357965,
          "auto_unstuck_wallet_exposure_threshold": 0.052917900272775355,
          "backwards_tp": false,
          "ddown_factor": 1.8604728684368024,
          "ema_span_0": 693.5698922823706,
          "ema_span_1": 1400.1871419473093,
          "enabled": true,
          "initial_eprice_ema_dist": 0.01,
          "initial_qty_pct": 0.001,
          "markup_range": 0.01999122667477073,
          "min_markup": 0.0030660950166028224,
          "n_close_orders": 3,
          "rentry_pprice_dist": 0.009570122125247707,
          "rentry_pprice_dist_wallet_exposure_weighting": 2.5,
          "wallet_exposure_limit": 1.0},
 "short": {"auto_unstuck_delay_minutes": 118.1627822891122,
           "auto_unstuck_ema_dist": -0.06392354766408323,
           "auto_unstuck_qty_pct": 0.0574607409409554,
           "auto_unstuck_wallet_exposure_threshold": 0.8535447615672637,
           "backwards_tp": true,
           "ddown_factor": 2.1735462134328545,
           "ema_span_0": 1281.6114025625482,
           "ema_span_1": 691.4977800469984,
           "enabled": false,
           "initial_eprice_ema_dist": -0.056605374594691,
           "initial_qty_pct": 0.032637051710778776,
           "markup_range": 0.028769517569180034,
           "min_markup": 0.009772924119516309,
           "n_close_orders": 4,
           "rentry_pprice_dist": 0.027059582340093664,
           "rentry_pprice_dist_wallet_exposure_weighting": 0.5678884591256561,
           "wallet_exposure_limit": 1.0}}