{
    "adg": 0.005154109331156453,
    "adg_w": 0.009030065314507585,
    "calmar_ratio": 0.0145722635699535,
    "calmar_ratio_w": 0.026607399238286988,
    "drawdown_worst": 0.353693117504661,
    "drawdown_worst_mean_1pct": 0.17965384515860858,
    "equity_balance_diff_neg_max": 0.377426831441766,
    "equity_balance_diff_neg_mean": 0.00254975750703173,
    "equity_balance_diff_pos_max": 0.5966771514093226,
    "equity_balance_diff_pos_mean": 0.018251889228002003,
    "equity_choppiness": 1.5056725646790754,
    "equity_choppiness_w": 1.4947577547414166,
    "equity_jerkiness": 0.010620054394086701,
    "equity_jerkiness_w": 0.020405516722483898,
    "expected_shortfall_1pct": 0.15693740209559942,
    "exponential_fit_error": 0.3711332225835654,
    "exponential_fit_error_w": 0.10779704365173773,
    "gain": 7211.465443200261,
    "loss_profit_ratio": 0.004184399987384017,
    "loss_profit_ratio_long": 0.004184399987384017,
    "loss_profit_ratio_short": 1.0,
    "loss_profit_ratio_w": 0.004470344952286719,
    "mdg": 0.0005918939665676354,
    "mdg_w": 0.0022555916775774195,
    "omega_ratio": 7.829683429559353,
    "omega_ratio_w": 6.00446697508079,
    "pnl_ratio_long_short": 1.0,
    "position_held_hours_max": 420.85,
    "position_held_hours_mean": 2.659338956688203,
    "position_held_hours_median": 0.15,
    "position_unchanged_hours_max": 328.2,
    "positions_held_per_day": 16.122685185185187,
    "sharpe_ratio": 0.09763091115192485,
    "sharpe_ratio_w": 0.1330186946550676,
    "sortino_ratio": 0.16714661319513582,
    "sortino_ratio_w": 0.1957214549326244,
    "sterling_ratio": 0.02868911225699686,
    "sterling_ratio_w": 0.035045885692737665
}