{"config_name": "recursive_grid_30_symbols_473days",
 "logging_level": 0,
 "long": {"auto_unstuck_delay_minutes": 434.60906040359754,
          "auto_unstuck_ema_dist": 0.0,
          "auto_unstuck_qty_pct": 0.01,
          "auto_unstuck_wallet_exposure_threshold": 0.058339490173314724,
          "backwards_tp": true,
          "ddown_factor": 0.10159389232431874,
          "ema_span_0": 1440.0,
          "ema_span_1": 412.21125353346787,
          "enabled": true,
          "initial_eprice_ema_dist": 0.016256568498877754,
          "initial_qty_pct": 0.02,
          "markup_range": 0.02,
          "min_markup": 0.01,
          "n_close_orders": 7,
          "rentry_pprice_dist": 0.042598723662412755,
          "rentry_pprice_dist_wallet_exposure_weighting": 1.0497058281415692,
          "wallet_exposure_limit": 1.0},
 "short": {"auto_unstuck_delay_minutes": 0.0,
           "auto_unstuck_ema_dist": 0.0,
           "auto_unstuck_qty_pct": 0.0,
           "auto_unstuck_wallet_exposure_threshold": 0.0,
           "backwards_tp": true,
           "ddown_factor": 1.8418069779049986,
           "ema_span_0": 795.1499581277768,
           "ema_span_1": 1363.2575815298815,
           "enabled": false,
           "initial_eprice_ema_dist": -0.0018488422642134947,
           "initial_qty_pct": 0.01982990580345992,
           "markup_range": 0.0004986540342081736,
           "min_markup": 0.007137113777020347,
           "n_close_orders": 6,
           "rentry_pprice_dist": 0.023000912510832618,
           "rentry_pprice_dist_wallet_exposure_weighting": 6.840844057622519,
           "wallet_exposure_limit": 1.0}}