{
    "adg": 0.002853501807775327,
    "adg_w": 0.002689631229729783,
    "calmar_ratio": 0.013426169806770884,
    "calmar_ratio_w": 0.014702824096710526,
    "drawdown_worst": 0.21253282573085674,
    "drawdown_worst_mean_1pct": 0.09794370434011557,
    "equity_balance_diff_neg_max": 0.21670895375911886,
    "equity_balance_diff_neg_mean": 0.0013464021518281963,
    "equity_balance_diff_pos_max": 0.14611873360327915,
    "equity_balance_diff_pos_mean": 0.0005042812861502144,
    "equity_choppiness": 1.2623714715218715,
    "equity_choppiness_w": 1.3294751055109753,
    "equity_jerkiness": 0.005404934001432273,
    "equity_jerkiness_w": 0.005625453793293681,
    "expected_shortfall_1pct": 0.09263400606708709,
    "exponential_fit_error": 0.06466918097722046,
    "exponential_fit_error_w": 0.009302296868200312,
    "gain": 98.8194590482539,
    "loss_profit_ratio": 0.00692445525058803,
    "loss_profit_ratio_long": 0.00692445525058803,
    "loss_profit_ratio_short": 1.0,
    "loss_profit_ratio_w": 0.00483601850735408,
    "mdg": 0.000720044174559462,
    "mdg_w": 0.0006987529238454433,
    "omega_ratio": 9.701366345872371,
    "omega_ratio_w": 9.20041054980781,
    "pnl_ratio_long_short": 1.0,
    "position_held_hours_max": 236.7,
    "position_held_hours_mean": 4.055259540122841,
    "position_held_hours_median": 0.5833333333333334,
    "position_unchanged_hours_max": 225.38333333333333,
    "positions_held_per_day": 9.325682382133994,
    "sharpe_ratio": 0.11032165921841185,
    "sharpe_ratio_w": 0.0973774592482567,
    "sortino_ratio": 0.14225552815204298,
    "sortino_ratio_w": 0.12697445136327876,
    "sterling_ratio": 0.029134101339136263,
    "sterling_ratio_w": 0.022857851884316677
}