{"config_name": "recursive_grid_ICPUSDT_542days",
 "logging_level": 0,
 "long": {"auto_unstuck_delay_minutes": 1439.8985160809027,
          "auto_unstuck_ema_dist": 0.010261946201650439,
          "auto_unstuck_qty_pct": 0.01,
          "auto_unstuck_wallet_exposure_threshold": 0.03,
          "backwards_tp": false,
          "ddown_factor": 1.2544093073791458,
          "ema_span_0": 401.5659995422534,
          "ema_span_1": 400.0006008801518,
          "enabled": true,
          "initial_eprice_ema_dist": 0.0004870433283783415,
          "initial_qty_pct": 0.05,
          "markup_range": 0.08,
          "min_markup": 0.009825987470520802,
          "n_close_orders": 5,
          "rentry_pprice_dist": 0.02,
          "rentry_pprice_dist_wallet_exposure_weighting": 2.854464234696352,
          "wallet_exposure_limit": 1.0},
 "short": {"auto_unstuck_delay_minutes": 1034.4820270032449,
           "auto_unstuck_ema_dist": -0.007386567352315437,
           "auto_unstuck_qty_pct": 0.08812801825006147,
           "auto_unstuck_wallet_exposure_threshold": 0.30074202443362896,
           "backwards_tp": true,
           "ddown_factor": 0.2753409816724934,
           "ema_span_0": 1091.978906536435,
           "ema_span_1": 252.67026743374757,
           "enabled": false,
           "initial_eprice_ema_dist": -0.07377451485196752,
           "initial_qty_pct": 0.047538705308069105,
           "markup_range": 0.0511011134532874,
           "min_markup": 0.009310060051674313,
           "n_close_orders": 11,
           "rentry_pprice_dist": 0.03618341214668446,
           "rentry_pprice_dist_wallet_exposure_weighting": 14.003116603375368,
           "wallet_exposure_limit": 1.0}}