{"config_name": "recursive_grid_TRBUSDT_1195days",
 "logging_level": 0,
 "long": {"auto_unstuck_delay_minutes": 1421.8389701019266,
          "auto_unstuck_ema_dist": -0.0012958880971176722,
          "auto_unstuck_qty_pct": 0.01,
          "auto_unstuck_wallet_exposure_threshold": 0.07855335471630018,
          "backwards_tp": false,
          "ddown_factor": 1.2896373579797669,
          "ema_span_0": 375.3925345343815,
          "ema_span_1": 1394.6638048374368,
          "enabled": true,
          "initial_eprice_ema_dist": 0.01,
          "initial_qty_pct": 0.001,
          "markup_range": 0.017459439469860782,
          "min_markup": 0.0033153759475563925,
          "n_close_orders": 3,
          "rentry_pprice_dist": 0.009979408394955345,
          "rentry_pprice_dist_wallet_exposure_weighting": 2.149105396125882,
          "wallet_exposure_limit": 1.0},
 "short": {"auto_unstuck_delay_minutes": 1162.1388425533987,
           "auto_unstuck_ema_dist": -0.0147801212184909,
           "auto_unstuck_qty_pct": 0.08059846391799955,
           "auto_unstuck_wallet_exposure_threshold": 0.3407909297713877,
           "backwards_tp": true,
           "ddown_factor": 0.8193712395171201,
           "ema_span_0": 473.01543998433624,
           "ema_span_1": 192.03987512026416,
           "enabled": false,
           "initial_eprice_ema_dist": 0.0007802240153538531,
           "initial_qty_pct": 0.04006975240193766,
           "markup_range": 0.020761399553376657,
           "min_markup": 0.0023622809171264638,
           "n_close_orders": 14,
           "rentry_pprice_dist": 0.029861244016265658,
           "rentry_pprice_dist_wallet_exposure_weighting": 1.8339354975754807,
           "wallet_exposure_limit": 1.0}}