{"config_name": "recursive_grid_XRPUSDT_1537days",
 "logging_level": 0,
 "long": {"auto_unstuck_delay_minutes": 773.8896586103482,
          "auto_unstuck_ema_dist": 0.039114615554378444,
          "auto_unstuck_qty_pct": 0.01,
          "auto_unstuck_wallet_exposure_threshold": 0.0582416226904666,
          "backwards_tp": false,
          "ddown_factor": 0.8912852605718207,
          "ema_span_0": 1229.5387711737162,
          "ema_span_1": 1242.4950334472558,
          "enabled": true,
          "initial_eprice_ema_dist": 0.009980157886689336,
          "initial_qty_pct": 0.05,
          "markup_range": 0.05103825261343578,
          "min_markup": 0.008107010137871932,
          "n_close_orders": 4,
          "rentry_pprice_dist": 0.03775267258077449,
          "rentry_pprice_dist_wallet_exposure_weighting": 2.06360914590048,
          "wallet_exposure_limit": 1.0},
 "short": {"auto_unstuck_delay_minutes": 603.0223136995344,
           "auto_unstuck_ema_dist": -0.06373279423123061,
           "auto_unstuck_qty_pct": 0.04099067395200271,
           "auto_unstuck_wallet_exposure_threshold": 0.8025857587982491,
           "backwards_tp": true,
           "ddown_factor": 1.9005395669168217,
           "ema_span_0": 499.88546956199616,
           "ema_span_1": 531.9289451409037,
           "enabled": false,
           "initial_eprice_ema_dist": 0.0004574191734295907,
           "initial_qty_pct": 0.040449151264320096,
           "markup_range": 0.04721576299742821,
           "min_markup": 0.0025449409624638203,
           "n_close_orders": 9,
           "rentry_pprice_dist": 0.013274028911587622,
           "rentry_pprice_dist_wallet_exposure_weighting": 6.60626235240793,
           "wallet_exposure_limit": 1.0}}