{"config_name": "recursive_grid_SANDUSDT_456days",
 "logging_level": 0,
 "long": {"auto_unstuck_delay_minutes": 2771.582679960063,
          "auto_unstuck_ema_dist": -0.05,
          "auto_unstuck_qty_pct": 0.01,
          "auto_unstuck_wallet_exposure_threshold": 0.05924877155566417,
          "backwards_tp": false,
          "ddown_factor": 2.00889815878412,
          "ema_span_0": 212.7764627498461,
          "ema_span_1": 710.6369239015497,
          "enabled": true,
          "initial_eprice_ema_dist": -0.1,
          "initial_qty_pct": 0.02,
          "markup_range": 0.036143708362655805,
          "min_markup": 0.006784970833165612,
          "n_close_orders": 7,
          "rentry_pprice_dist": 0.02139709592063005,
          "rentry_pprice_dist_wallet_exposure_weighting": 2.4970795911299697,
          "wallet_exposure_limit": 1.0},
 "short": {"auto_unstuck_delay_minutes": 189.63568975567787,
           "auto_unstuck_ema_dist": -0.05797508109705911,
           "auto_unstuck_qty_pct": 0.06411285497113228,
           "auto_unstuck_wallet_exposure_threshold": 0.283724136808707,
           "backwards_tp": true,
           "ddown_factor": 1.242767164879812,
           "ema_span_0": 571.5369350877185,
           "ema_span_1": 188.7511029038831,
           "enabled": false,
           "initial_eprice_ema_dist": -0.012544650782896474,
           "initial_qty_pct": 0.012222671411261725,
           "markup_range": 0.0278323534308292,
           "min_markup": 0.001776848702233789,
           "n_close_orders": 4,
           "rentry_pprice_dist": 0.03670495644564781,
           "rentry_pprice_dist_wallet_exposure_weighting": 15.698593104552884,
           "wallet_exposure_limit": 1.0}}