{"config_name": "recursive_grid_IOTAUSDT_1399days",
 "logging_level": 0,
 "long": {"auto_unstuck_delay_minutes": 304.8296456990486,
          "auto_unstuck_ema_dist": 0.0028764457092179205,
          "auto_unstuck_qty_pct": 0.09321008977712936,
          "auto_unstuck_wallet_exposure_threshold": 0.08706557311719539,
          "backwards_tp": false,
          "ddown_factor": 1.995087986107013,
          "ema_span_0": 626.3473016052615,
          "ema_span_1": 1237.5929895818003,
          "enabled": true,
          "initial_eprice_ema_dist": 0.01,
          "initial_qty_pct": 0.001,
          "markup_range": 0.009052684747768438,
          "min_markup": 0.004647761683597619,
          "n_close_orders": 4,
          "rentry_pprice_dist": 0.01,
          "rentry_pprice_dist_wallet_exposure_weighting": 2.0396446802603596,
          "wallet_exposure_limit": 1.0},
 "short": {"auto_unstuck_delay_minutes": 71.77057640813841,
           "auto_unstuck_ema_dist": -0.05583130056219116,
           "auto_unstuck_qty_pct": 0.061390094608744394,
           "auto_unstuck_wallet_exposure_threshold": 0.8113815774340101,
           "backwards_tp": true,
           "ddown_factor": 0.273103604851572,
           "ema_span_0": 992.5433378054187,
           "ema_span_1": 116.27966443536603,
           "enabled": false,
           "initial_eprice_ema_dist": -0.04106769560639183,
           "initial_qty_pct": 0.01690373737753744,
           "markup_range": 0.025059959612348928,
           "min_markup": 0.006376293394676881,
           "n_close_orders": 10,
           "rentry_pprice_dist": 0.006530194376549558,
           "rentry_pprice_dist_wallet_exposure_weighting": 14.360137298513996,
           "wallet_exposure_limit": 1.0}}