{"config_name": "recursive_grid_MATICUSDT_1146days",
 "logging_level": 0,
 "long": {"auto_unstuck_delay_minutes": 1439.8373839865694,
          "auto_unstuck_ema_dist": 0.0019377186237946524,
          "auto_unstuck_qty_pct": 0.017653917456684893,
          "auto_unstuck_wallet_exposure_threshold": 0.09530820860772067,
          "backwards_tp": false,
          "ddown_factor": 1.163347550083057,
          "ema_span_0": 516.0825614366607,
          "ema_span_1": 1383.7560301048336,
          "enabled": true,
          "initial_eprice_ema_dist": 0.01,
          "initial_qty_pct": 0.001,
          "markup_range": 0.019091162417808533,
          "min_markup": 0.0072152357315755904,
          "n_close_orders": 4,
          "rentry_pprice_dist": 0.009995587582135404,
          "rentry_pprice_dist_wallet_exposure_weighting": 1.4836307657989178,
          "wallet_exposure_limit": 1.0},
 "short": {"auto_unstuck_delay_minutes": 268.39013659468515,
           "auto_unstuck_ema_dist": -0.07837140039539389,
           "auto_unstuck_qty_pct": 0.055209601034593506,
           "auto_unstuck_wallet_exposure_threshold": 0.10803793880160768,
           "backwards_tp": true,
           "ddown_factor": 0.6237404562318848,
           "ema_span_0": 923.1893386579263,
           "ema_span_1": 415.25128666165045,
           "enabled": false,
           "initial_eprice_ema_dist": -0.09316128902831522,
           "initial_qty_pct": 0.014358742048870589,
           "markup_range": 0.04477970566859904,
           "min_markup": 0.003486135943735573,
           "n_close_orders": 7,
           "rentry_pprice_dist": 0.01454547382377333,
           "rentry_pprice_dist_wallet_exposure_weighting": 14.38245978235259,
           "wallet_exposure_limit": 1.0}}