{"config_name": "recursive_grid_FILUSDT_1253days",
 "logging_level": 0,
 "long": {"auto_unstuck_delay_minutes": 666.5902273155403,
          "auto_unstuck_ema_dist": -0.04999793335431627,
          "auto_unstuck_qty_pct": 0.01,
          "auto_unstuck_wallet_exposure_threshold": 0.063080445885478,
          "backwards_tp": false,
          "ddown_factor": 1.2824326677933884,
          "ema_span_0": 1335.712717032879,
          "ema_span_1": 1188.577199604709,
          "enabled": true,
          "initial_eprice_ema_dist": 0.009779898139263261,
          "initial_qty_pct": 0.05,
          "markup_range": 0.05008896201374908,
          "min_markup": 0.007652471975339358,
          "n_close_orders": 3,
          "rentry_pprice_dist": 0.03663416301923654,
          "rentry_pprice_dist_wallet_exposure_weighting": 3.163845751511427,
          "wallet_exposure_limit": 1.0},
 "short": {"auto_unstuck_delay_minutes": 1328.3909541614328,
           "auto_unstuck_ema_dist": -0.03420877389928649,
           "auto_unstuck_qty_pct": 0.07005934894530999,
           "auto_unstuck_wallet_exposure_threshold": 0.2957600604540619,
           "backwards_tp": true,
           "ddown_factor": 0.25701890966448837,
           "ema_span_0": 1433.132039438391,
           "ema_span_1": 845.1593926363578,
           "enabled": false,
           "initial_eprice_ema_dist": -0.012429958730662452,
           "initial_qty_pct": 0.037453913832173565,
           "markup_range": 0.0278879923854762,
           "min_markup": 0.0012100059082395026,
           "n_close_orders": 15,
           "rentry_pprice_dist": 0.007535926163492754,
           "rentry_pprice_dist_wallet_exposure_weighting": 0.494662490215827,
           "wallet_exposure_limit": 1.0}}