{"config_name": "recursive_grid_WOOUSDT_456days",
 "logging_level": 0,
 "long": {"auto_unstuck_delay_minutes": 2790.0896209780167,
          "auto_unstuck_ema_dist": -0.04787818262416716,
          "auto_unstuck_qty_pct": 0.01,
          "auto_unstuck_wallet_exposure_threshold": 0.032744133157254524,
          "backwards_tp": false,
          "ddown_factor": 2.3,
          "ema_span_0": 699.9893897680139,
          "ema_span_1": 772.6789098319756,
          "enabled": true,
          "initial_eprice_ema_dist": -0.1,
          "initial_qty_pct": 0.02,
          "markup_range": 0.04880759097819716,
          "min_markup": 0.007279560901425475,
          "n_close_orders": 6,
          "rentry_pprice_dist": 0.0268606574190465,
          "rentry_pprice_dist_wallet_exposure_weighting": 2.0,
          "wallet_exposure_limit": 1.0},
 "short": {"auto_unstuck_delay_minutes": 255.6465148473495,
           "auto_unstuck_ema_dist": -0.038972080264937314,
           "auto_unstuck_qty_pct": 0.025454018157127535,
           "auto_unstuck_wallet_exposure_threshold": 0.38107260216664496,
           "backwards_tp": true,
           "ddown_factor": 0.760095737889644,
           "ema_span_0": 1340.1587029642385,
           "ema_span_1": 946.7244311732899,
           "enabled": false,
           "initial_eprice_ema_dist": 0.0007068339679619506,
           "initial_qty_pct": 0.017883075498485675,
           "markup_range": 0.01940946593488271,
           "min_markup": 0.0022490201126803403,
           "n_close_orders": 4,
           "rentry_pprice_dist": 0.022524658789080856,
           "rentry_pprice_dist_wallet_exposure_weighting": 17.843637375399616,
           "wallet_exposure_limit": 1.0}}