{"config_name": "recursive_grid_1000LUNCUSDT_456days",
 "logging_level": 0,
 "long": {"auto_unstuck_delay_minutes": 2786.2621077507843,
          "auto_unstuck_ema_dist": -0.04767348867088406,
          "auto_unstuck_qty_pct": 0.01,
          "auto_unstuck_wallet_exposure_threshold": 0.043894964632736656,
          "backwards_tp": false,
          "ddown_factor": 2.00703367949702,
          "ema_span_0": 435.44362752055696,
          "ema_span_1": 687.1158880557768,
          "enabled": true,
          "initial_eprice_ema_dist": -0.1,
          "initial_qty_pct": 0.02,
          "markup_range": 0.03467818359385266,
          "min_markup": 0.003011208773426793,
          "n_close_orders": 5,
          "rentry_pprice_dist": 0.025151015958736974,
          "rentry_pprice_dist_wallet_exposure_weighting": 2.427064527310648,
          "wallet_exposure_limit": 1.0},
 "short": {"auto_unstuck_delay_minutes": 433.7439260369759,
           "auto_unstuck_ema_dist": -0.002109461746656577,
           "auto_unstuck_qty_pct": 0.0788179203980078,
           "auto_unstuck_wallet_exposure_threshold": 0.7588731844299174,
           "backwards_tp": true,
           "ddown_factor": 2.0612306783242538,
           "ema_span_0": 1285.0219006412071,
           "ema_span_1": 1336.1728634449191,
           "enabled": false,
           "initial_eprice_ema_dist": -0.026846764760365488,
           "initial_qty_pct": 0.03924959568811672,
           "markup_range": 0.05044679740694218,
           "min_markup": 0.008630089954947403,
           "n_close_orders": 4,
           "rentry_pprice_dist": 0.008135581962700065,
           "rentry_pprice_dist_wallet_exposure_weighting": 2.2716760982298267,
           "wallet_exposure_limit": 1.0}}