{"config_name": "recursive_grid_27_symbols_1540days",
 "logging_level": 0,
 "long": {"auto_unstuck_delay_minutes": 1411.9943753020427,
          "auto_unstuck_ema_dist": -0.03397627820337418,
          "auto_unstuck_qty_pct": 0.01,
          "auto_unstuck_wallet_exposure_threshold": 0.060190833576222826,
          "backwards_tp": false,
          "ddown_factor": 1.0,
          "ema_span_0": 807.5355330889533,
          "ema_span_1": 1400.0,
          "enabled": true,
          "initial_eprice_ema_dist": 0.009999519709638627,
          "initial_qty_pct": 0.05,
          "markup_range": 0.0788481398447062,
          "min_markup": 0.0030122136005740277,
          "n_close_orders": 5,
          "rentry_pprice_dist": 0.05062649869991747,
          "rentry_pprice_dist_wallet_exposure_weighting": 0.7,
          "wallet_exposure_limit": 1.0},
 "short": {"auto_unstuck_delay_minutes": 747.9110720429279,
           "auto_unstuck_ema_dist": -0.03197408941037129,
           "auto_unstuck_qty_pct": 0.038729875799025884,
           "auto_unstuck_wallet_exposure_threshold": 0.5909134347313242,
           "backwards_tp": true,
           "ddown_factor": 0.2774840406718473,
           "ema_span_0": 45.822844927835604,
           "ema_span_1": 1412.3512500775535,
           "enabled": false,
           "initial_eprice_ema_dist": -0.01763098816999399,
           "initial_qty_pct": 0.03446166858649484,
           "markup_range": 0.02252250778037137,
           "min_markup": 0.009298327732597682,
           "n_close_orders": 3,
           "rentry_pprice_dist": 0.04698308470164216,
           "rentry_pprice_dist_wallet_exposure_weighting": 7.113480117674305,
           "wallet_exposure_limit": 1.0}}