{
    "adg": 0.002734192531180124,
    "adg_w": 0.0014261143464858073,
    "calmar_ratio": 0.01315533656906617,
    "calmar_ratio_w": 0.011277863675637156,
    "drawdown_worst": 0.20783904059204245,
    "drawdown_worst_mean_1pct": 0.12032097649723175,
    "equity_balance_diff_neg_max": 0.2077903052619461,
    "equity_balance_diff_neg_mean": 0.0019881066741939393,
    "equity_balance_diff_pos_max": 0.30883711577432876,
    "equity_balance_diff_pos_mean": 0.0010918253428641139,
    "equity_choppiness": 1.6577443547182678,
    "equity_choppiness_w": 1.7894072413482003,
    "equity_jerkiness": 0.00633689101795463,
    "equity_jerkiness_w": 0.004221120795023282,
    "expected_shortfall_1pct": 0.09786152622558383,
    "exponential_fit_error": 0.19027723379951186,
    "exponential_fit_error_w": 0.019713379771898926,
    "gain": 81.57344818690504,
    "loss_profit_ratio": 0.03884862069004998,
    "loss_profit_ratio_long": 0.03884862069004998,
    "loss_profit_ratio_short": 1.0,
    "loss_profit_ratio_w": 0.020006932131159765,
    "mdg": 0.0005000674562528243,
    "mdg_w": 0.00034824634061677163,
    "omega_ratio": 6.002294029450051,
    "omega_ratio_w": 3.8803992975961092,
    "pnl_ratio_long_short": 1.0,
    "position_held_hours_max": 447.95,
    "position_held_hours_mean": 11.548066157760815,
    "position_held_hours_median": 2.6,
    "position_unchanged_hours_max": 185.76666666666668,
    "positions_held_per_day": 1.218982630272953,
    "sharpe_ratio": 0.09123300366454899,
    "sharpe_ratio_w": 0.07472191276228313,
    "sortino_ratio": 0.13693087054656308,
    "sortino_ratio_w": 0.09389058944251703,
    "sterling_ratio": 0.022724155095624827,
    "sterling_ratio_w": 0.01511716057259642
}