{"config_name": "recursive_grid_27_symbols_1540days",
 "logging_level": 0,
 "long": {"auto_unstuck_delay_minutes": 1408.7487765078372,
          "auto_unstuck_ema_dist": 0.0026017498639035797,
          "auto_unstuck_qty_pct": 0.01,
          "auto_unstuck_wallet_exposure_threshold": 0.06293568561340267,
          "backwards_tp": false,
          "ddown_factor": 1.1751935343784912,
          "ema_span_0": 1123.983609851553,
          "ema_span_1": 1004.885385303085,
          "enabled": true,
          "initial_eprice_ema_dist": 0.0084055200959012,
          "initial_qty_pct": 0.05,
          "markup_range": 0.052720826180338506,
          "min_markup": 0.0030369372359878933,
          "n_close_orders": 6,
          "rentry_pprice_dist": 0.050211055086042435,
          "rentry_pprice_dist_wallet_exposure_weighting": 0.7013905310960729,
          "wallet_exposure_limit": 1.0},
 "short": {"auto_unstuck_delay_minutes": 12.916645042948918,
           "auto_unstuck_ema_dist": -0.08180384318096173,
           "auto_unstuck_qty_pct": 0.08551466832982234,
           "auto_unstuck_wallet_exposure_threshold": 0.3273664260473006,
           "backwards_tp": true,
           "ddown_factor": 1.5808585184331763,
           "ema_span_0": 205.33772671751007,
           "ema_span_1": 854.216767954046,
           "enabled": false,
           "initial_eprice_ema_dist": -0.06091536285241435,
           "initial_qty_pct": 0.02530673959517795,
           "markup_range": 0.039725237612332626,
           "min_markup": 0.0030736516233329982,
           "n_close_orders": 14,
           "rentry_pprice_dist": 0.022264616026703193,
           "rentry_pprice_dist_wallet_exposure_weighting": 14.328657297230798,
           "wallet_exposure_limit": 1.0}}