{"config_name": "recursive_grid_AUDIOUSDT_456days",
 "logging_level": 0,
 "long": {"auto_unstuck_delay_minutes": 2794.2445499014166,
          "auto_unstuck_ema_dist": -0.05,
          "auto_unstuck_qty_pct": 0.01,
          "auto_unstuck_wallet_exposure_threshold": 0.044158563117065786,
          "backwards_tp": false,
          "ddown_factor": 2.2517942815520575,
          "ema_span_0": 200.0,
          "ema_span_1": 690.4342316206557,
          "enabled": true,
          "initial_eprice_ema_dist": -0.1,
          "initial_qty_pct": 0.02,
          "markup_range": 0.02,
          "min_markup": 0.0059510639990325,
          "n_close_orders": 8,
          "rentry_pprice_dist": 0.03,
          "rentry_pprice_dist_wallet_exposure_weighting": 2.4998535516697173,
          "wallet_exposure_limit": 1.0},
 "short": {"auto_unstuck_delay_minutes": 818.5767818345237,
           "auto_unstuck_ema_dist": -0.0496229064970595,
           "auto_unstuck_qty_pct": 0.08754407765210805,
           "auto_unstuck_wallet_exposure_threshold": 0.22268950591470313,
           "backwards_tp": true,
           "ddown_factor": 1.0003123955097029,
           "ema_span_0": 655.8733107531277,
           "ema_span_1": 245.6601259962325,
           "enabled": false,
           "initial_eprice_ema_dist": -0.09061291689121473,
           "initial_qty_pct": 0.03501861846057097,
           "markup_range": 0.023678686108148026,
           "min_markup": 0.009604316609903272,
           "n_close_orders": 10,
           "rentry_pprice_dist": 0.04679566594140259,
           "rentry_pprice_dist_wallet_exposure_weighting": 17.84860502060662,
           "wallet_exposure_limit": 1.0}}