{"config_name": "recursive_grid_FLMUSDT_1169days",
 "logging_level": 0,
 "long": {"auto_unstuck_delay_minutes": 1098.3306639368277,
          "auto_unstuck_ema_dist": 0.004150214964173526,
          "auto_unstuck_qty_pct": 0.04811314199464203,
          "auto_unstuck_wallet_exposure_threshold": 0.08315888068014192,
          "backwards_tp": false,
          "ddown_factor": 1.0000197124095636,
          "ema_span_0": 73.24181595475507,
          "ema_span_1": 1398.5435746747694,
          "enabled": true,
          "initial_eprice_ema_dist": 0.01,
          "initial_qty_pct": 0.001,
          "markup_range": 0.010512670273451805,
          "min_markup": 0.004301183574280514,
          "n_close_orders": 4,
          "rentry_pprice_dist": 0.01,
          "rentry_pprice_dist_wallet_exposure_weighting": 1.8114247127696426,
          "wallet_exposure_limit": 1.0},
 "short": {"auto_unstuck_delay_minutes": 414.6384747760242,
           "auto_unstuck_ema_dist": -0.05692188152982266,
           "auto_unstuck_qty_pct": 0.0364378035084614,
           "auto_unstuck_wallet_exposure_threshold": 0.8451067958409368,
           "backwards_tp": true,
           "ddown_factor": 0.4980958157552423,
           "ema_span_0": 44.166625307174556,
           "ema_span_1": 462.1101648498725,
           "enabled": false,
           "initial_eprice_ema_dist": -0.004859451906717702,
           "initial_qty_pct": 0.018704881636804754,
           "markup_range": 0.03326899505881798,
           "min_markup": 0.00267201040243988,
           "n_close_orders": 3,
           "rentry_pprice_dist": 0.04788813886543511,
           "rentry_pprice_dist_wallet_exposure_weighting": 18.891005086419973,
           "wallet_exposure_limit": 1.0}}