{"config_name": "recursive_grid_HBARUSDT_1000days",
 "logging_level": 0,
 "long": {"auto_unstuck_delay_minutes": 1.0,
          "auto_unstuck_ema_dist": 0.002057118526381681,
          "auto_unstuck_qty_pct": 0.010221346813653125,
          "auto_unstuck_wallet_exposure_threshold": 0.09346839856993297,
          "backwards_tp": true,
          "ddown_factor": 1.2259812586521612,
          "ema_span_0": 545.9874187300477,
          "ema_span_1": 614.634896843808,
          "enabled": true,
          "initial_eprice_ema_dist": 0.009996651603345702,
          "initial_qty_pct": 0.001,
          "markup_range": 0.006899372552095699,
          "min_markup": 0.0072854314979809735,
          "n_close_orders": 5,
          "rentry_pprice_dist": 0.008449272675291233,
          "rentry_pprice_dist_wallet_exposure_weighting": 1.141338492725025,
          "wallet_exposure_limit": 1.0},
 "short": {"auto_unstuck_delay_minutes": 692.42273480343,
           "auto_unstuck_ema_dist": -0.07073948466647484,
           "auto_unstuck_qty_pct": 0.05111946468520049,
           "auto_unstuck_wallet_exposure_threshold": 0.5720531244700946,
           "backwards_tp": true,
           "ddown_factor": 2.204512360074942,
           "ema_span_0": 498.47381892251764,
           "ema_span_1": 619.2745623915172,
           "enabled": false,
           "initial_eprice_ema_dist": -0.06823489619928907,
           "initial_qty_pct": 0.032376509611384746,
           "markup_range": 0.02698702542926258,
           "min_markup": 0.00875564205585878,
           "n_close_orders": 12,
           "rentry_pprice_dist": 0.012000402425647367,
           "rentry_pprice_dist_wallet_exposure_weighting": 10.74543944528248,
           "wallet_exposure_limit": 1.0}}