{
    "adg": 0.0066033659051041305,
    "adg_w": 0.006211729714538272,
    "calmar_ratio": 0.013815654294213121,
    "calmar_ratio_w": 0.015023334465213742,
    "drawdown_worst": 0.4779625897175237,
    "drawdown_worst_mean_1pct": 0.22830424447855333,
    "equity_balance_diff_neg_max": 0.48417180953209715,
    "equity_balance_diff_neg_mean": 0.003083364498560795,
    "equity_balance_diff_pos_max": 0.3285772568682644,
    "equity_balance_diff_pos_mean": 0.0012305740025130415,
    "equity_choppiness": 1.26451857789125,
    "equity_choppiness_w": 1.3757705646748106,
    "equity_jerkiness": 0.012406352175234425,
    "equity_jerkiness_w": 0.013140144447342832,
    "expected_shortfall_1pct": 0.21740696935523524,
    "exponential_fit_error": 0.3479908924349796,
    "exponential_fit_error_w": 0.04993840886732661,
    "gain": 40523.38990045814,
    "loss_profit_ratio": 0.005441513906870699,
    "loss_profit_ratio_long": 0.005441513906870699,
    "loss_profit_ratio_short": 1.0,
    "loss_profit_ratio_w": 0.003938122488211662,
    "mdg": 0.0015760754685664106,
    "mdg_w": 0.0015427026277363613,
    "omega_ratio": 10.219314421968877,
    "omega_ratio_w": 9.211243400011229,
    "pnl_ratio_long_short": 1.0,
    "position_held_hours_max": 236.7,
    "position_held_hours_mean": 4.004227180705924,
    "position_held_hours_median": 0.5666666666666667,
    "position_unchanged_hours_max": 225.38333333333333,
    "positions_held_per_day": 9.397022332506204,
    "sharpe_ratio": 0.09481795945220095,
    "sharpe_ratio_w": 0.08421372669284215,
    "sortino_ratio": 0.14292830196565096,
    "sortino_ratio_w": 0.12645027859459942,
    "sterling_ratio": 0.028923535434858916,
    "sterling_ratio_w": 0.022105367106331993
}