{"config_name": "recursive_grid_VETUSDT_1397days",
 "logging_level": 0,
 "long": {"auto_unstuck_delay_minutes": 4.629074654620579,
          "auto_unstuck_ema_dist": 0.002347980768420652,
          "auto_unstuck_qty_pct": 0.01028252763847032,
          "auto_unstuck_wallet_exposure_threshold": 0.05047813651242174,
          "backwards_tp": false,
          "ddown_factor": 1.0010065108689532,
          "ema_span_0": 897.9759047958848,
          "ema_span_1": 1400.187436489636,
          "enabled": true,
          "initial_eprice_ema_dist": 0.009999997873994988,
          "initial_qty_pct": 0.001,
          "markup_range": 0.013556673085864258,
          "min_markup": 0.008453867007450946,
          "n_close_orders": 9,
          "rentry_pprice_dist": 0.01,
          "rentry_pprice_dist_wallet_exposure_weighting": 2.4998671127767453,
          "wallet_exposure_limit": 1.0},
 "short": {"auto_unstuck_delay_minutes": 560.7901850659821,
           "auto_unstuck_ema_dist": -0.0846589420522282,
           "auto_unstuck_qty_pct": 0.05335216393863747,
           "auto_unstuck_wallet_exposure_threshold": 0.7217097816582387,
           "backwards_tp": true,
           "ddown_factor": 0.6609756435372321,
           "ema_span_0": 850.1642511462545,
           "ema_span_1": 1066.382137851653,
           "enabled": false,
           "initial_eprice_ema_dist": -0.08276482267097837,
           "initial_qty_pct": 0.010615687761561094,
           "markup_range": 0.03602145761834717,
           "min_markup": 0.003922793826956362,
           "n_close_orders": 3,
           "rentry_pprice_dist": 0.046635420732975504,
           "rentry_pprice_dist_wallet_exposure_weighting": 11.266645081534424,
           "wallet_exposure_limit": 1.0}}