{"config_name": "recursive_grid_ADAUSDT_1411days",
 "logging_level": 0,
 "long": {"auto_unstuck_delay_minutes": 874.8195551557415,
          "auto_unstuck_ema_dist": -0.00020828242456135247,
          "auto_unstuck_qty_pct": 0.014534232983462807,
          "auto_unstuck_wallet_exposure_threshold": 0.057757118091404575,
          "backwards_tp": false,
          "ddown_factor": 1.1530830138450363,
          "ema_span_0": 315.45400078322194,
          "ema_span_1": 663.7349310554434,
          "enabled": true,
          "initial_eprice_ema_dist": -0.09921741988208982,
          "initial_qty_pct": 0.001,
          "markup_range": 0.005906756987199005,
          "min_markup": 0.0031341597480992276,
          "n_close_orders": 5,
          "rentry_pprice_dist": 0.008918056396733522,
          "rentry_pprice_dist_wallet_exposure_weighting": 2.017322610110714,
          "wallet_exposure_limit": 1.0},
 "short": {"auto_unstuck_delay_minutes": 299.0554734644456,
           "auto_unstuck_ema_dist": -0.09493816424208625,
           "auto_unstuck_qty_pct": 0.06215563665414201,
           "auto_unstuck_wallet_exposure_threshold": 0.8869349041734539,
           "backwards_tp": true,
           "ddown_factor": 0.7860148553273025,
           "ema_span_0": 283.7147962139331,
           "ema_span_1": 941.6512787549369,
           "enabled": false,
           "initial_eprice_ema_dist": 0.0005294098680587028,
           "initial_qty_pct": 0.012257112803695179,
           "markup_range": 0.012237943321982764,
           "min_markup": 0.009425824821950174,
           "n_close_orders": 8,
           "rentry_pprice_dist": 0.02271476641886942,
           "rentry_pprice_dist_wallet_exposure_weighting": 9.654911922713701,
           "wallet_exposure_limit": 1.0}}