{
    "adg": 0.0631308902663521,
    "adg_per_exposure_long": 0.008416329858199187,
    "adg_per_exposure_short": 0.0631308902663521,
    "adg_w": 0.03508482382911917,
    "adg_w_per_exposure_long": 0.004677352863500755,
    "adg_w_per_exposure_short": 0.03508482382911917,
    "calmar_ratio": 0.2594042857964652,
    "calmar_ratio_w": 0.20230479100642268,
    "drawdown_worst": 0.24336872489410646,
    "drawdown_worst_mean_1pct": 0.24336872489410646,
    "equity_balance_diff_neg_max": 0.3549960111071461,
    "equity_balance_diff_neg_mean": 0.007194074733834919,
    "equity_balance_diff_pos_max": 0.2998177766132787,
    "equity_balance_diff_pos_mean": 0.003937464212357705,
    "equity_choppiness": 1.2583865655729558,
    "equity_choppiness_w": 1.1785233971807663,
    "equity_jerkiness": 0.07387401276491486,
    "equity_jerkiness_w": 0.04265957388714557,
    "expected_shortfall_1pct": 0.2178001619088773,
    "exponential_fit_error": 0.39938709186292626,
    "exponential_fit_error_w": 0.04253619592773148,
    "gain": 54005.65227899711,
    "gain_per_exposure_long": 7199.793664710986,
    "gain_per_exposure_short": 54005.65227899711,
    "loss_profit_ratio": 0.2716919066105576,
    "loss_profit_ratio_long": 0.2716919066105576,
    "loss_profit_ratio_short": 1.0,
    "loss_profit_ratio_w": 0.2849160735887486,
    "mdg": 0.043543140720200026,
    "mdg_per_exposure_long": 0.0058049780989468105,
    "mdg_per_exposure_short": 0.043543140720200026,
    "mdg_w": 0.028043579001717722,
    "mdg_w_per_exposure_long": 0.003738645380844917,
    "mdg_w_per_exposure_short": 0.028043579001717722,
    "omega_ratio": 15.181160555771985,
    "omega_ratio_w": 13.79736933507382,
    "pnl_ratio_long_short": 1.0,
    "position_held_hours_max": 67.25,
    "position_held_hours_mean": 4.6474471188913205,
    "position_held_hours_median": 2.35,
    "position_unchanged_hours_max": 39.21666666666667,
    "positions_held_per_day": 5.134831460674158,
    "sharpe_ratio": 0.45735074428009925,
    "sharpe_ratio_w": 0.3736836759561199,
    "sortino_ratio": 0.8152072288478703,
    "sortino_ratio_w": 0.4461033622975739,
    "sterling_ratio": 0.2594042857964652,
    "sterling_ratio_w": 0.20230479100642268,
    "volume_pct_per_day_avg": 14.098605081490536,
    "volume_pct_per_day_avg_w": 10.01712090432237
}