{"config_name": "recursive_grid_OMGUSDT_1258days",
 "logging_level": 0,
 "long": {"auto_unstuck_delay_minutes": 553.8139086108756,
          "auto_unstuck_ema_dist": 0.0030707945890038734,
          "auto_unstuck_qty_pct": 0.03560685055536301,
          "auto_unstuck_wallet_exposure_threshold": 0.05000044530737135,
          "backwards_tp": false,
          "ddown_factor": 1.5131422141254782,
          "ema_span_0": 872.3940997907397,
          "ema_span_1": 1205.2659272388457,
          "enabled": true,
          "initial_eprice_ema_dist": 0.00999900669557359,
          "initial_qty_pct": 0.001,
          "markup_range": 0.010859049186122176,
          "min_markup": 0.003037006345890384,
          "n_close_orders": 3,
          "rentry_pprice_dist": 0.009979411479738572,
          "rentry_pprice_dist_wallet_exposure_weighting": 1.613031886057255,
          "wallet_exposure_limit": 1.0},
 "short": {"auto_unstuck_delay_minutes": 175.247953143148,
           "auto_unstuck_ema_dist": -0.00034531428581666135,
           "auto_unstuck_qty_pct": 0.027195991732430307,
           "auto_unstuck_wallet_exposure_threshold": 0.657555284500851,
           "backwards_tp": true,
           "ddown_factor": 2.200429140728273,
           "ema_span_0": 1041.9315600093294,
           "ema_span_1": 357.8692981201212,
           "enabled": false,
           "initial_eprice_ema_dist": -0.05905800640439541,
           "initial_qty_pct": 0.011169182791747452,
           "markup_range": 0.047586471035945176,
           "min_markup": 0.004153139522265279,
           "n_close_orders": 15,
           "rentry_pprice_dist": 0.03481935362229885,
           "rentry_pprice_dist_wallet_exposure_weighting": 13.994538830368533,
           "wallet_exposure_limit": 1.0}}