{
    "adg": 0.014474490087204916,
    "adg_w": 0.012532945133786222,
    "calmar_ratio": 0.017951069404652218,
    "calmar_ratio_w": 0.015543568989062487,
    "drawdown_worst": 0.806330239214255,
    "drawdown_worst_mean_1pct": 0.5420187968030769,
    "equity_balance_diff_neg_max": 0.808753287368151,
    "equity_balance_diff_neg_mean": 0.006805033431314479,
    "equity_balance_diff_pos_max": 0.6309083531276041,
    "equity_balance_diff_pos_mean": 0.0017955526664672602,
    "equity_choppiness": 1.7320391187868311,
    "equity_choppiness_w": 1.8049566420743033,
    "equity_jerkiness": 0.027491853351250366,
    "equity_jerkiness_w": 0.03028751613450028,
    "expected_shortfall_1pct": 0.49437523051064386,
    "exponential_fit_error": 2.211654445780132,
    "exponential_fit_error_w": 0.26461375820662997,
    "gain": 11500131128.152637,
    "loss_profit_ratio": 0.07578940382649667,
    "loss_profit_ratio_long": 0.07578940382649667,
    "loss_profit_ratio_short": 1.0,
    "loss_profit_ratio_w": 0.0784015843078463,
    "mdg": 0.00324530436544626,
    "mdg_w": 0.003184240399242866,
    "omega_ratio": 11.33068408991001,
    "omega_ratio_w": 6.617991015505207,
    "pnl_ratio_long_short": 1.0,
    "position_held_hours_max": 236.88333333333333,
    "position_held_hours_mean": 6.107062960897316,
    "position_held_hours_median": 1.15,
    "position_unchanged_hours_max": 235.06666666666666,
    "positions_held_per_day": 6.673697270471464,
    "sharpe_ratio": 0.04984811707305429,
    "sharpe_ratio_w": 0.041663970021555176,
    "sortino_ratio": 0.1398413341897742,
    "sortino_ratio_w": 0.10892030830052432,
    "sterling_ratio": 0.0267047751343275,
    "sterling_ratio_w": 0.019443502829139692
}