{
    "adg": 0.0010259697869994255,
    "adg_w": 0.0020045597751015,
    "calmar_ratio": 0.013630643078683568,
    "calmar_ratio_w": 0.028096969069389126,
    "drawdown_worst": 0.07526936044594255,
    "drawdown_worst_mean_1pct": 0.0357209128124511,
    "equity_balance_diff_neg_max": 0.08298660194058806,
    "equity_balance_diff_neg_mean": 0.0005238575239577272,
    "equity_balance_diff_pos_max": 0.05888418767507335,
    "equity_balance_diff_pos_mean": 0.001342021070912615,
    "equity_choppiness": 1.2899979989790817,
    "equity_choppiness_w": 1.3283610635022518,
    "equity_jerkiness": 0.00199598643658978,
    "equity_jerkiness_w": 0.003939040194299332,
    "expected_shortfall_1pct": 0.03307616115204186,
    "exponential_fit_error": 0.017938430682900512,
    "exponential_fit_error_w": 0.005197716979596029,
    "gain": 5.882412430165527,
    "loss_profit_ratio": 0.0020466685934509878,
    "loss_profit_ratio_long": 0.0020466685934509878,
    "loss_profit_ratio_short": 1.0,
    "loss_profit_ratio_w": 0.003181211166372981,
    "mdg": 0.00013153477334276056,
    "mdg_w": 0.0004903661362524903,
    "omega_ratio": 8.77226349403518,
    "omega_ratio_w": 7.780238023779797,
    "pnl_ratio_long_short": 1.0,
    "position_held_hours_max": 412.1166666666667,
    "position_held_hours_mean": 2.770971785660829,
    "position_held_hours_median": 0.15,
    "position_unchanged_hours_max": 328.2,
    "positions_held_per_day": 15.465277777777779,
    "sharpe_ratio": 0.11317703115809426,
    "sharpe_ratio_w": 0.1667880677364965,
    "sortino_ratio": 0.15641193569964112,
    "sortino_ratio_w": 0.2077646331347764,
    "sterling_ratio": 0.028721824450180546,
    "sterling_ratio_w": 0.03826772199360526
}