{"config_name": "recursive_grid_OCEANUSDT_456days",
 "logging_level": 0,
 "long": {"auto_unstuck_delay_minutes": 2736.765294191377,
          "auto_unstuck_ema_dist": -0.031390814604982914,
          "auto_unstuck_qty_pct": 0.01,
          "auto_unstuck_wallet_exposure_threshold": 0.052099696069038276,
          "backwards_tp": false,
          "ddown_factor": 2.2955967875626007,
          "ema_span_0": 456.5983601645363,
          "ema_span_1": 482.86480644512557,
          "enabled": true,
          "initial_eprice_ema_dist": -0.1,
          "initial_qty_pct": 0.02,
          "markup_range": 0.02006730994078271,
          "min_markup": 0.0038884014627317363,
          "n_close_orders": 8,
          "rentry_pprice_dist": 0.01876546189941473,
          "rentry_pprice_dist_wallet_exposure_weighting": 2.121809608307851,
          "wallet_exposure_limit": 1.0},
 "short": {"auto_unstuck_delay_minutes": 359.24104384123154,
           "auto_unstuck_ema_dist": -0.08592972437308655,
           "auto_unstuck_qty_pct": 0.09096241213098841,
           "auto_unstuck_wallet_exposure_threshold": 0.6130312359757171,
           "backwards_tp": true,
           "ddown_factor": 2.9064239961495586,
           "ema_span_0": 506.50985343809606,
           "ema_span_1": 1327.0671407988975,
           "enabled": false,
           "initial_eprice_ema_dist": -0.04505222904278843,
           "initial_qty_pct": 0.041516706979910535,
           "markup_range": 0.032542240621586005,
           "min_markup": 0.0025860913762833357,
           "n_close_orders": 5,
           "rentry_pprice_dist": 0.025102077329802307,
           "rentry_pprice_dist_wallet_exposure_weighting": 11.85340631371226,
           "wallet_exposure_limit": 1.0}}