{"config_name": "recursive_grid_BANDUSDT_1231days",
 "logging_level": 0,
 "long": {"auto_unstuck_delay_minutes": 911.0403093508253,
          "auto_unstuck_ema_dist": 0.002516084739815784,
          "auto_unstuck_qty_pct": 0.01721536503748962,
          "auto_unstuck_wallet_exposure_threshold": 0.09390452880022902,
          "backwards_tp": false,
          "ddown_factor": 1.0824192401793087,
          "ema_span_0": 574.8935209271908,
          "ema_span_1": 998.9987946723857,
          "enabled": true,
          "initial_eprice_ema_dist": 0.01,
          "initial_qty_pct": 0.001,
          "markup_range": 0.008066483500949573,
          "min_markup": 0.00400229608563573,
          "n_close_orders": 5,
          "rentry_pprice_dist": 0.009975965049531745,
          "rentry_pprice_dist_wallet_exposure_weighting": 2.043831521667847,
          "wallet_exposure_limit": 1.0},
 "short": {"auto_unstuck_delay_minutes": 1194.3911255407954,
           "auto_unstuck_ema_dist": -0.017605575211739943,
           "auto_unstuck_qty_pct": 0.055683589465225704,
           "auto_unstuck_wallet_exposure_threshold": 0.3380109369548755,
           "backwards_tp": true,
           "ddown_factor": 0.7535103526750437,
           "ema_span_0": 1320.2231498368826,
           "ema_span_1": 457.1011537288075,
           "enabled": false,
           "initial_eprice_ema_dist": -0.06184468048447422,
           "initial_qty_pct": 0.02097124012912615,
           "markup_range": 0.05383187403623523,
           "min_markup": 0.0023160312106217757,
           "n_close_orders": 7,
           "rentry_pprice_dist": 0.016031559058179507,
           "rentry_pprice_dist_wallet_exposure_weighting": 13.565666332971627,
           "wallet_exposure_limit": 1.0}}