{
    "adg": 0.0038220755154356745,
    "adg_per_exposure_long": 0.0011631392317211426,
    "adg_per_exposure_short": 0.0038220755154356745,
    "adg_w": 0.0030626088207645675,
    "adg_w_per_exposure_long": 0.0009320172917725403,
    "adg_w_per_exposure_short": 0.0030626088207645675,
    "calmar_ratio": 0.012174009105292831,
    "calmar_ratio_w": 0.017486148294307363,
    "drawdown_worst": 0.31395372571012536,
    "drawdown_worst_mean_1pct": 0.12564562171992635,
    "equity_balance_diff_neg_max": 0.2792794437925416,
    "equity_balance_diff_neg_mean": 0.0025785993239494883,
    "equity_balance_diff_pos_max": 0.5802296880451357,
    "equity_balance_diff_pos_mean": 0.0028155297290633594,
    "equity_choppiness": 1.8977591465071377,
    "equity_choppiness_w": 1.7894452672279566,
    "equity_jerkiness": 0.010315421269929409,
    "equity_jerkiness_w": 0.00873643970929826,
    "expected_shortfall_1pct": 0.08324868274114758,
    "exponential_fit_error": 0.3688676635576693,
    "exponential_fit_error_w": 0.04803285119155361,
    "gain": 709.9918504722464,
    "gain_per_exposure_long": 216.06568790999586,
    "gain_per_exposure_short": 709.9918504722464,
    "loss_profit_ratio": 0.21456319074249178,
    "loss_profit_ratio_long": 0.21456319074249178,
    "loss_profit_ratio_short": 1.0,
    "loss_profit_ratio_w": 0.19362963874826952,
    "mdg": 0.00019905539126225633,
    "mdg_per_exposure_long": 6.057680805302992e-05,
    "mdg_per_exposure_short": 0.00019905539126225633,
    "mdg_w": 3.8125204046047154e-05,
    "mdg_w_per_exposure_long": 1.160231407366012e-05,
    "mdg_w_per_exposure_short": 3.8125204046047154e-05,
    "omega_ratio": 4.563212395880568,
    "omega_ratio_w": 4.010707632266838,
    "pnl_ratio_long_short": 1.0,
    "position_held_hours_max": 398.6,
    "position_held_hours_mean": 14.017661437016827,
    "position_held_hours_median": 5.125,
    "position_unchanged_hours_max": 322.8666666666667,
    "positions_held_per_day": 1.7036606624055781,
    "sharpe_ratio": 0.07714297544384927,
    "sharpe_ratio_w": 0.0861444774254062,
    "sortino_ratio": 0.23407322849102735,
    "sortino_ratio_w": 0.16489236844067748,
    "sterling_ratio": 0.03041948826482288,
    "sterling_ratio_w": 0.02307368493859409,
    "volume_pct_per_day_avg": 0.5235934450822713,
    "volume_pct_per_day_avg_w": 0.47475905222603443
}