{
    "adg": 0.0018445113416023506,
    "adg_w": 0.0012927669362314154,
    "calmar_ratio": 0.01971119753987199,
    "calmar_ratio_w": 0.016247970361949693,
    "drawdown_worst": 0.09357682798679565,
    "drawdown_worst_mean_1pct": 0.05836422007621514,
    "equity_balance_diff_neg_max": 0.09656712214777652,
    "equity_balance_diff_neg_mean": 0.0010850985102082596,
    "equity_balance_diff_pos_max": 0.04885938512791243,
    "equity_balance_diff_pos_mean": 3.5642557288785155e-05,
    "equity_choppiness": 1.51372349590314,
    "equity_choppiness_w": 1.7618665708787797,
    "equity_jerkiness": 0.003415182041604115,
    "equity_jerkiness_w": 0.003257810104318544,
    "expected_shortfall_1pct": 0.04762519181916261,
    "exponential_fit_error": 0.05763231622313769,
    "exponential_fit_error_w": 0.006224509302041599,
    "gain": 28.93278251657406,
    "loss_profit_ratio": 0.06643440579108634,
    "loss_profit_ratio_long": 0.06643440579108634,
    "loss_profit_ratio_short": 1.0,
    "loss_profit_ratio_w": 0.07860555309467265,
    "mdg": 0.0006864500166451072,
    "mdg_w": 0.0005323480928276892,
    "omega_ratio": 7.004204599150992,
    "omega_ratio_w": 4.159309277801111,
    "pnl_ratio_long_short": 1.0,
    "position_held_hours_max": 438.98333333333335,
    "position_held_hours_mean": 4.654801293021487,
    "position_held_hours_median": 0.7333333333333333,
    "position_unchanged_hours_max": 351.73333333333335,
    "positions_held_per_day": 18.240416210295727,
    "sharpe_ratio": 0.14558318963698114,
    "sharpe_ratio_w": 0.11346673531136875,
    "sortino_ratio": 0.1690502600249836,
    "sortino_ratio_w": 0.11284106241942049,
    "sterling_ratio": 0.031603460805159196,
    "sterling_ratio_w": 0.02070308532905147
}