{"config_name": "recursive_grid_ENJUSDT_1169days",
 "logging_level": 0,
 "long": {"auto_unstuck_delay_minutes": 1134.4427381518908,
          "auto_unstuck_ema_dist": 0.002029395489348516,
          "auto_unstuck_qty_pct": 0.0407233917310771,
          "auto_unstuck_wallet_exposure_threshold": 0.05625560287891739,
          "backwards_tp": false,
          "ddown_factor": 1.0,
          "ema_span_0": 869.1183497997641,
          "ema_span_1": 1400.187436489636,
          "enabled": true,
          "initial_eprice_ema_dist": 0.009999071076840964,
          "initial_qty_pct": 0.001,
          "markup_range": 0.018115911772081505,
          "min_markup": 0.005141705320999528,
          "n_close_orders": 3,
          "rentry_pprice_dist": 0.009291183893578116,
          "rentry_pprice_dist_wallet_exposure_weighting": 1.2245432815888297,
          "wallet_exposure_limit": 1.0},
 "short": {"auto_unstuck_delay_minutes": 287.58872402331536,
           "auto_unstuck_ema_dist": -0.030917858371440052,
           "auto_unstuck_qty_pct": 0.06747302766315195,
           "auto_unstuck_wallet_exposure_threshold": 0.5193441917131817,
           "backwards_tp": true,
           "ddown_factor": 1.8230443376377354,
           "ema_span_0": 1058.5128528689838,
           "ema_span_1": 1426.7659224142292,
           "enabled": false,
           "initial_eprice_ema_dist": -0.005963705551294926,
           "initial_qty_pct": 0.025627006127132375,
           "markup_range": 0.03214653050979203,
           "min_markup": 0.003677583650463908,
           "n_close_orders": 15,
           "rentry_pprice_dist": 0.03233387319030096,
           "rentry_pprice_dist_wallet_exposure_weighting": 18.18831198626797,
           "wallet_exposure_limit": 1.0}}