{
    "adg": 0.009427449106883534,
    "adg_w": 0.015762499990579083,
    "calmar_ratio": 0.011182583042111855,
    "calmar_ratio_w": 0.019556189818266415,
    "drawdown_worst": 0.8430475384248199,
    "drawdown_worst_mean_1pct": 0.5449195292945939,
    "equity_balance_diff_neg_max": 0.8437715024263754,
    "equity_balance_diff_neg_mean": 0.00823823786065145,
    "equity_balance_diff_pos_max": 0.7271031689043024,
    "equity_balance_diff_pos_mean": 0.01987693778043884,
    "equity_choppiness": 2.383913811159278,
    "equity_choppiness_w": 2.494819823174235,
    "equity_jerkiness": 0.021848261050964,
    "equity_jerkiness_w": 0.05741355222226818,
    "expected_shortfall_1pct": 0.4618433907512329,
    "exponential_fit_error": 1.141548882479981,
    "exponential_fit_error_w": 0.25440847917763654,
    "gain": 11010079.586522669,
    "loss_profit_ratio": 0.09691873349580486,
    "loss_profit_ratio_long": 0.09691873349580486,
    "loss_profit_ratio_short": 1.0,
    "loss_profit_ratio_w": 0.09763035310868153,
    "mdg": 0.0011394339037679635,
    "mdg_w": 0.003620097063484143,
    "omega_ratio": 5.695958423826483,
    "omega_ratio_w": 3.5799781228776837,
    "pnl_ratio_long_short": 1.0,
    "position_held_hours_max": 273.21666666666664,
    "position_held_hours_mean": 2.1954093708166,
    "position_held_hours_median": 0.18333333333333332,
    "position_unchanged_hours_max": 228.8,
    "positions_held_per_day": 18.01215277777778,
    "sharpe_ratio": 0.03520063435145513,
    "sharpe_ratio_w": 0.04009322924723223,
    "sortino_ratio": 0.1018458028395386,
    "sortino_ratio_w": 0.1073176398526043,
    "sterling_ratio": 0.017300626239414658,
    "sterling_ratio_w": 0.021798367715286187
}