{
    "adg": 0.004977503635608116,
    "adg_w": 0.004949890353959097,
    "calmar_ratio": 0.012720668161033248,
    "calmar_ratio_w": 0.019108142007327793,
    "drawdown_worst": 0.39129262493109584,
    "drawdown_worst_mean_1pct": 0.21945726081630965,
    "equity_balance_diff_neg_max": 0.4274478936348296,
    "equity_balance_diff_neg_mean": 0.0072671153650551235,
    "equity_balance_diff_pos_max": 0.04053453282993309,
    "equity_balance_diff_pos_mean": 0.00012356193638490208,
    "equity_choppiness": 2.1199764889358166,
    "equity_choppiness_w": 2.253971378362614,
    "equity_jerkiness": 0.012088951454339468,
    "equity_jerkiness_w": 0.01386542211613621,
    "expected_shortfall_1pct": 0.17754223727879256,
    "exponential_fit_error": 0.3407979828089935,
    "exponential_fit_error_w": 0.04420897209501741,
    "gain": 8659.189017723606,
    "loss_profit_ratio": 0.2936892318240677,
    "loss_profit_ratio_long": 0.2936892318240677,
    "loss_profit_ratio_short": 1.0,
    "loss_profit_ratio_w": 0.2842055122476238,
    "mdg": 0.003052127450433658,
    "mdg_w": 0.003228742678878385,
    "omega_ratio": 3.4668206444770124,
    "omega_ratio_w": 2.962009668866346,
    "pnl_ratio_long_short": 1.0,
    "position_held_hours_max": 305.68333333333334,
    "position_held_hours_mean": 1.7798833745841032,
    "position_held_hours_median": 0.38333333333333336,
    "position_unchanged_hours_max": 138.78333333333333,
    "positions_held_per_day": 47.12979189485213,
    "sharpe_ratio": 0.1306063371686517,
    "sharpe_ratio_w": 0.13795888171538745,
    "sortino_ratio": 0.12018848464286393,
    "sortino_ratio_w": 0.12572422723232907,
    "sterling_ratio": 0.022680970395298934,
    "sterling_ratio_w": 0.023237810337027997
}