{
    "adg": 0.0014712786862358662,
    "adg_per_exposure_long": 0.001277151637357523,
    "adg_per_exposure_short": 0.0014712786862358662,
    "adg_w": 0.0012974791339052994,
    "adg_w_per_exposure_long": 0.001126283970403906,
    "adg_w_per_exposure_short": 0.0012974791339052994,
    "calmar_ratio": 0.014821654355450044,
    "calmar_ratio_w": 0.020777322018063236,
    "drawdown_worst": 0.09926548352511438,
    "drawdown_worst_mean_1pct": 0.03507698487032565,
    "equity_balance_diff_neg_max": 0.10039366620348997,
    "equity_balance_diff_neg_mean": 0.0008045247943915421,
    "equity_balance_diff_pos_max": 0.20411262228942798,
    "equity_balance_diff_pos_mean": 0.0010719780727711117,
    "equity_choppiness": 1.702974371479285,
    "equity_choppiness_w": 1.6446829652597164,
    "equity_jerkiness": 0.00368474418877789,
    "equity_jerkiness_w": 0.0032404139875050844,
    "expected_shortfall_1pct": 0.027271578035471825,
    "exponential_fit_error": 0.08748660003695301,
    "exponential_fit_error_w": 0.011857003353396667,
    "gain": 12.55613955162878,
    "gain_per_exposure_long": 10.899426694122205,
    "gain_per_exposure_short": 12.55613955162878,
    "loss_profit_ratio": 0.21119940477496318,
    "loss_profit_ratio_long": 0.21119940477496318,
    "loss_profit_ratio_short": 1.0,
    "loss_profit_ratio_w": 0.1866038121240909,
    "mdg": 6.958241394109986e-05,
    "mdg_per_exposure_long": 6.0401400990538076e-05,
    "mdg_per_exposure_short": 6.958241394109986e-05,
    "mdg_w": 1.4575823389203599e-05,
    "mdg_w_per_exposure_long": 1.2652624469794792e-05,
    "mdg_w_per_exposure_short": 1.4575823389203599e-05,
    "omega_ratio": 5.286503278487225,
    "omega_ratio_w": 4.653769768718961,
    "pnl_ratio_long_short": 1.0,
    "position_held_hours_max": 398.6,
    "position_held_hours_mean": 14.089824020111987,
    "position_held_hours_median": 5.133333333333334,
    "position_unchanged_hours_max": 322.8666666666667,
    "positions_held_per_day": 1.694944799535154,
    "sharpe_ratio": 0.08729439762304414,
    "sharpe_ratio_w": 0.10136671737011342,
    "sortino_ratio": 0.27938679885019413,
    "sortino_ratio_w": 0.20243833860129873,
    "sterling_ratio": 0.04194427461981019,
    "sterling_ratio_w": 0.028609350972906268,
    "volume_pct_per_day_avg": 0.16949641392958179,
    "volume_pct_per_day_avg_w": 0.16077969823565055
}