{
    "adg": 0.0026563854028676115,
    "adg_w": 0.001864555704822668,
    "calmar_ratio": 0.019192105316182984,
    "calmar_ratio_w": 0.016040066956080595,
    "drawdown_worst": 0.1384103181545028,
    "drawdown_worst_mean_1pct": 0.08438751879524661,
    "equity_balance_diff_neg_max": 0.13916004144494765,
    "equity_balance_diff_neg_mean": 0.0015634866824098443,
    "equity_balance_diff_pos_max": 0.06153982892932371,
    "equity_balance_diff_pos_mean": 5.3954598951065454e-05,
    "equity_choppiness": 1.5734923607470785,
    "equity_choppiness_w": 1.8027856592514744,
    "equity_jerkiness": 0.004890143293937339,
    "equity_jerkiness_w": 0.004719617076872687,
    "expected_shortfall_1pct": 0.07024647198607842,
    "exponential_fit_error": 0.1232791651129016,
    "exponential_fit_error_w": 0.013153833995221464,
    "gain": 126.99257929946342,
    "loss_profit_ratio": 0.07201110431142593,
    "loss_profit_ratio_long": 0.07201110431142593,
    "loss_profit_ratio_short": 1.0,
    "loss_profit_ratio_w": 0.07996901057439662,
    "mdg": 0.000995896116510904,
    "mdg_w": 0.0007676884810833624,
    "omega_ratio": 7.102673294336466,
    "omega_ratio_w": 4.107436063204334,
    "pnl_ratio_long_short": 1.0,
    "position_held_hours_max": 438.98333333333335,
    "position_held_hours_mean": 4.659013610551933,
    "position_held_hours_median": 0.7333333333333333,
    "position_unchanged_hours_max": 351.73333333333335,
    "positions_held_per_day": 18.227272727272727,
    "sharpe_ratio": 0.14205992346891239,
    "sharpe_ratio_w": 0.11128197150857569,
    "sortino_ratio": 0.16718270036974914,
    "sortino_ratio_w": 0.11119366196595286,
    "sterling_ratio": 0.031478415775121005,
    "sterling_ratio_w": 0.020510908487111047
}