{"config_name": "recursive_grid_SNXUSDT_1316days",
 "logging_level": 0,
 "long": {"auto_unstuck_delay_minutes": 1356.0187193422103,
          "auto_unstuck_ema_dist": 0.022951564605784028,
          "auto_unstuck_qty_pct": 0.01,
          "auto_unstuck_wallet_exposure_threshold": 0.1,
          "backwards_tp": false,
          "ddown_factor": 1.2614267809876332,
          "ema_span_0": 554.4618717700785,
          "ema_span_1": 900.4711591422486,
          "enabled": true,
          "initial_eprice_ema_dist": 0.008845072356664778,
          "initial_qty_pct": 0.05,
          "markup_range": 0.08,
          "min_markup": 0.0076381482122290035,
          "n_close_orders": 7,
          "rentry_pprice_dist": 0.05384664216774068,
          "rentry_pprice_dist_wallet_exposure_weighting": 0.6779390635404752,
          "wallet_exposure_limit": 1.0},
 "short": {"auto_unstuck_delay_minutes": 1374.8675838637935,
           "auto_unstuck_ema_dist": -0.03812275534603004,
           "auto_unstuck_qty_pct": 0.015206456117909706,
           "auto_unstuck_wallet_exposure_threshold": 0.2929726387699977,
           "backwards_tp": true,
           "ddown_factor": 2.5216552730077613,
           "ema_span_0": 644.057924636853,
           "ema_span_1": 154.35835721017605,
           "enabled": false,
           "initial_eprice_ema_dist": -0.017993596363682723,
           "initial_qty_pct": 0.023771565410004393,
           "markup_range": 0.051023575874487775,
           "min_markup": 0.00782477421696583,
           "n_close_orders": 13,
           "rentry_pprice_dist": 0.027288804533063732,
           "rentry_pprice_dist_wallet_exposure_weighting": 10.446591178878224,
           "wallet_exposure_limit": 1.0}}