{"config_name": "recursive_grid_ENJUSDT_456days",
 "logging_level": 0,
 "long": {"auto_unstuck_delay_minutes": 2800.0,
          "auto_unstuck_ema_dist": -0.03,
          "auto_unstuck_qty_pct": 0.01,
          "auto_unstuck_wallet_exposure_threshold": 0.05326838778694678,
          "backwards_tp": false,
          "ddown_factor": 2.229250963630011,
          "ema_span_0": 565.1546769029452,
          "ema_span_1": 410.00556050176726,
          "enabled": true,
          "initial_eprice_ema_dist": -0.1,
          "initial_qty_pct": 0.02,
          "markup_range": 0.04883097224543913,
          "min_markup": 0.0036705474434491586,
          "n_close_orders": 7,
          "rentry_pprice_dist": 0.03,
          "rentry_pprice_dist_wallet_exposure_weighting": 2.5,
          "wallet_exposure_limit": 1.0},
 "short": {"auto_unstuck_delay_minutes": 412.78572259037577,
           "auto_unstuck_ema_dist": -0.09285734439122707,
           "auto_unstuck_qty_pct": 0.052091227872838854,
           "auto_unstuck_wallet_exposure_threshold": 0.5718121676786971,
           "backwards_tp": true,
           "ddown_factor": 0.8622082735326597,
           "ema_span_0": 1329.4781674449368,
           "ema_span_1": 665.2541513597616,
           "enabled": false,
           "initial_eprice_ema_dist": -0.03144117508928665,
           "initial_qty_pct": 0.011949005502795549,
           "markup_range": 0.035865954840060034,
           "min_markup": 0.0089307713268716,
           "n_close_orders": 5,
           "rentry_pprice_dist": 0.016980815543314914,
           "rentry_pprice_dist_wallet_exposure_weighting": 13.33666544172609,
           "wallet_exposure_limit": 1.0}}