{"config_name": "recursive_grid_TRXUSDT_1427days",
 "logging_level": 0,
 "long": {"auto_unstuck_delay_minutes": 1439.8494396411918,
          "auto_unstuck_ema_dist": -0.0019510112059426845,
          "auto_unstuck_qty_pct": 0.01,
          "auto_unstuck_wallet_exposure_threshold": 0.09997036144540787,
          "backwards_tp": false,
          "ddown_factor": 1.2766672797346765,
          "ema_span_0": 603.9347555406646,
          "ema_span_1": 695.7424529941164,
          "enabled": true,
          "initial_eprice_ema_dist": 0.004415436289639669,
          "initial_qty_pct": 0.001,
          "markup_range": 0.005296416697438781,
          "min_markup": 0.003010690557414342,
          "n_close_orders": 7,
          "rentry_pprice_dist": 0.009997610469978092,
          "rentry_pprice_dist_wallet_exposure_weighting": 1.0123869101552954,
          "wallet_exposure_limit": 1.0},
 "short": {"auto_unstuck_delay_minutes": 1340.54543429992,
           "auto_unstuck_ema_dist": -0.013926320601552106,
           "auto_unstuck_qty_pct": 0.08661021382713843,
           "auto_unstuck_wallet_exposure_threshold": 0.7090362639519802,
           "backwards_tp": true,
           "ddown_factor": 2.2358830912450824,
           "ema_span_0": 1181.9754212449525,
           "ema_span_1": 659.1664646174315,
           "enabled": false,
           "initial_eprice_ema_dist": -0.07959639789625275,
           "initial_qty_pct": 0.046316943335356325,
           "markup_range": 0.023163721369734894,
           "min_markup": 0.007301765452196162,
           "n_close_orders": 11,
           "rentry_pprice_dist": 0.025629929531720202,
           "rentry_pprice_dist_wallet_exposure_weighting": 5.612825306406089,
           "wallet_exposure_limit": 1.0}}