{"config_name": "recursive_grid_XMRUSDT_1408days",
 "logging_level": 0,
 "long": {"auto_unstuck_delay_minutes": 1087.9701093436795,
          "auto_unstuck_ema_dist": 0.003030890213592632,
          "auto_unstuck_qty_pct": 0.027031434748226814,
          "auto_unstuck_wallet_exposure_threshold": 0.057730975200276945,
          "backwards_tp": false,
          "ddown_factor": 1.0207278302764626,
          "ema_span_0": 432.425698613307,
          "ema_span_1": 1378.8852097350016,
          "enabled": true,
          "initial_eprice_ema_dist": -0.004071716620826974,
          "initial_qty_pct": 0.001,
          "markup_range": 0.01816662772305356,
          "min_markup": 0.004344764708379995,
          "n_close_orders": 6,
          "rentry_pprice_dist": 0.009818909988201497,
          "rentry_pprice_dist_wallet_exposure_weighting": 1.457432306020304,
          "wallet_exposure_limit": 1.0},
 "short": {"auto_unstuck_delay_minutes": 139.7165755375096,
           "auto_unstuck_ema_dist": -0.03130964120082455,
           "auto_unstuck_qty_pct": 0.08780431469657712,
           "auto_unstuck_wallet_exposure_threshold": 0.8600280219091356,
           "backwards_tp": true,
           "ddown_factor": 1.6587758356497495,
           "ema_span_0": 1205.8053669773344,
           "ema_span_1": 316.15441613268905,
           "enabled": false,
           "initial_eprice_ema_dist": -0.09996318334878772,
           "initial_qty_pct": 0.04132676811416133,
           "markup_range": 0.007232098439085392,
           "min_markup": 0.003041830338598125,
           "n_close_orders": 16,
           "rentry_pprice_dist": 0.02090722104545548,
           "rentry_pprice_dist_wallet_exposure_weighting": 11.673823671266723,
           "wallet_exposure_limit": 1.0}}