{"config_name": "recursive_grid_33_symbols_486days",
 "logging_level": 0,
 "long": {"auto_unstuck_delay_minutes": 0,
          "auto_unstuck_ema_dist": -0.03246243745764129,
          "auto_unstuck_qty_pct": 0,
          "auto_unstuck_wallet_exposure_threshold": 0.01,
          "backwards_tp": true,
          "ddown_factor": 1.6306106672730651,
          "ema_span_0": 1440,
          "ema_span_1": 1440,
          "enabled": true,
          "initial_eprice_ema_dist": 0.009715699905459747,
          "initial_qty_pct": 0.011479907356798102,
          "markup_range": 0.02411410798475942,
          "min_markup": 0.006915966300617178,
          "n_close_orders": 1,
          "rentry_pprice_dist": 0.038165441137337074,
          "rentry_pprice_dist_wallet_exposure_weighting": 3.7194585257366595,
          "wallet_exposure_limit": 1.0},
 "short": {"auto_unstuck_delay_minutes": 0.0,
           "auto_unstuck_ema_dist": -0.03509032245080293,
           "auto_unstuck_qty_pct": 0.0,
           "auto_unstuck_wallet_exposure_threshold": 0.05082721334555784,
           "backwards_tp": true,
           "ddown_factor": 2.2823412632868583,
           "ema_span_0": 1162.903565446327,
           "ema_span_1": 589.248004893833,
           "enabled": false,
           "initial_eprice_ema_dist": -0.0006141437813019079,
           "initial_qty_pct": 0.09995197378149748,
           "markup_range": 0.05184745354909043,
           "min_markup": 0.008131399757912217,
           "n_close_orders": 12,
           "rentry_pprice_dist": 0.009509170265539258,
           "rentry_pprice_dist_wallet_exposure_weighting": 5.432698734078853,
           "wallet_exposure_limit": 1.0}}