{"config_name": "recursive_grid_23_symbols_730days",
 "logging_level": 0,
 "long": {"auto_unstuck_delay_minutes": 88.63550159849042,
          "auto_unstuck_ema_dist": -0.008908440525742412,
          "auto_unstuck_qty_pct": 0.09975681393913512,
          "auto_unstuck_wallet_exposure_threshold": 0.05568719787441044,
          "backwards_tp": false,
          "ddown_factor": 1.027469623003534,
          "ema_span_0": 73.25228102586009,
          "ema_span_1": 1398.3613519161424,
          "enabled": true,
          "initial_eprice_ema_dist": 0.01,
          "initial_qty_pct": 0.001,
          "markup_range": 0.019892039101299056,
          "min_markup": 0.0030000018727183372,
          "n_close_orders": 3,
          "rentry_pprice_dist": 0.009999991386473154,
          "rentry_pprice_dist_wallet_exposure_weighting": 2.4999999991312736,
          "wallet_exposure_limit": 1.0},
 "short": {"auto_unstuck_delay_minutes": 368.5388067069581,
           "auto_unstuck_ema_dist": -0.02996310763068019,
           "auto_unstuck_qty_pct": 0.09958357621105754,
           "auto_unstuck_wallet_exposure_threshold": 0.5022311896156727,
           "backwards_tp": true,
           "ddown_factor": 1.1130057711696957,
           "ema_span_0": 1165.7038462716898,
           "ema_span_1": 337.6813985715531,
           "enabled": false,
           "initial_eprice_ema_dist": -0.08118920253620632,
           "initial_qty_pct": 0.024634915496769667,
           "markup_range": 0.0330473088391212,
           "min_markup": 0.0012923266412055911,
           "n_close_orders": 7,
           "rentry_pprice_dist": 0.012808615475579885,
           "rentry_pprice_dist_wallet_exposure_weighting": 7.522593073431533,
           "wallet_exposure_limit": 1.0}}