{"config_name": "recursive_grid_ZRXUSDT_1266days",
 "logging_level": 0,
 "long": {"auto_unstuck_delay_minutes": 1409.5516732031804,
          "auto_unstuck_ema_dist": 0.0033965166924843034,
          "auto_unstuck_qty_pct": 0.010210173305326135,
          "auto_unstuck_wallet_exposure_threshold": 0.07408781718261616,
          "backwards_tp": false,
          "ddown_factor": 1.0,
          "ema_span_0": 871.6540180383046,
          "ema_span_1": 991.1407917073142,
          "enabled": true,
          "initial_eprice_ema_dist": 0.009664953893118396,
          "initial_qty_pct": 0.001,
          "markup_range": 0.005302529459807773,
          "min_markup": 0.0047034233960790645,
          "n_close_orders": 5,
          "rentry_pprice_dist": 0.0095670745022709,
          "rentry_pprice_dist_wallet_exposure_weighting": 2.431822441826903,
          "wallet_exposure_limit": 1.0},
 "short": {"auto_unstuck_delay_minutes": 809.177903248555,
           "auto_unstuck_ema_dist": 0.0010120860684102034,
           "auto_unstuck_qty_pct": 0.086420012184307,
           "auto_unstuck_wallet_exposure_threshold": 0.10344734638309189,
           "backwards_tp": true,
           "ddown_factor": 1.1225407544239747,
           "ema_span_0": 747.9672216248831,
           "ema_span_1": 893.3995219722117,
           "enabled": false,
           "initial_eprice_ema_dist": -0.04019216456006315,
           "initial_qty_pct": 0.021760206881360076,
           "markup_range": 0.014286150293688512,
           "min_markup": 0.0011044653764909933,
           "n_close_orders": 5,
           "rentry_pprice_dist": 0.0122437361520106,
           "rentry_pprice_dist_wallet_exposure_weighting": 16.82440874483136,
           "wallet_exposure_limit": 1.0}}