{"config_name": "recursive_grid_CHRUSDT_456days",
 "logging_level": 0,
 "long": {"auto_unstuck_delay_minutes": 2799.9901877867906,
          "auto_unstuck_ema_dist": -0.04976375663703718,
          "auto_unstuck_qty_pct": 0.01,
          "auto_unstuck_wallet_exposure_threshold": 0.05999151367298552,
          "backwards_tp": false,
          "ddown_factor": 2.0,
          "ema_span_0": 297.68511902069133,
          "ema_span_1": 400.0,
          "enabled": true,
          "initial_eprice_ema_dist": -0.1,
          "initial_qty_pct": 0.02,
          "markup_range": 0.031605469006833885,
          "min_markup": 0.006256977035056996,
          "n_close_orders": 8,
          "rentry_pprice_dist": 0.03,
          "rentry_pprice_dist_wallet_exposure_weighting": 2.4882411264139583,
          "wallet_exposure_limit": 1.0},
 "short": {"auto_unstuck_delay_minutes": 48.14049027242148,
           "auto_unstuck_ema_dist": -0.07689037200833956,
           "auto_unstuck_qty_pct": 0.039916569741070426,
           "auto_unstuck_wallet_exposure_threshold": 0.561381579014932,
           "backwards_tp": true,
           "ddown_factor": 0.2934462040403915,
           "ema_span_0": 309.182682129891,
           "ema_span_1": 119.43980990497253,
           "enabled": false,
           "initial_eprice_ema_dist": -0.018718324997188687,
           "initial_qty_pct": 0.021332568494040118,
           "markup_range": 0.04756948348795527,
           "min_markup": 0.0017043855471040913,
           "n_close_orders": 13,
           "rentry_pprice_dist": 0.02768618649276319,
           "rentry_pprice_dist_wallet_exposure_weighting": 16.24238906353425,
           "wallet_exposure_limit": 1.0}}