{
    "adg": 0.007290884255216623,
    "adg_w": 0.005683233743732275,
    "calmar_ratio": 0.015179963442767078,
    "calmar_ratio_w": 0.016504645600567202,
    "drawdown_worst": 0.48029656215612104,
    "drawdown_worst_mean_1pct": 0.24933206071640443,
    "equity_balance_diff_neg_max": 0.5208192407771196,
    "equity_balance_diff_neg_mean": 0.006891872145942101,
    "equity_balance_diff_pos_max": 0.2640834502565546,
    "equity_balance_diff_pos_mean": 0.0015403320052907144,
    "equity_choppiness": 1.8518794588025396,
    "equity_choppiness_w": 2.100383078192566,
    "equity_jerkiness": 0.015676958865988376,
    "equity_jerkiness_w": 0.016094471820686115,
    "expected_shortfall_1pct": 0.22244353271702025,
    "exponential_fit_error": 0.6737571080611299,
    "exponential_fit_error_w": 0.07541606289295191,
    "gain": 576572.8222222066,
    "loss_profit_ratio": 0.0920877141622693,
    "loss_profit_ratio_long": 0.0920877141622693,
    "loss_profit_ratio_short": 1.0,
    "loss_profit_ratio_w": 0.09128286388561885,
    "mdg": 0.0023613125698503743,
    "mdg_w": 0.001849623057788402,
    "omega_ratio": 5.1520070173307335,
    "omega_ratio_w": 3.83597202208163,
    "pnl_ratio_long_short": 1.0,
    "position_held_hours_max": 441.7,
    "position_held_hours_mean": 5.167213195470212,
    "position_held_hours_median": 0.8333333333333334,
    "position_unchanged_hours_max": 351.73333333333335,
    "positions_held_per_day": 16.684008762322016,
    "sharpe_ratio": 0.11695568483952977,
    "sharpe_ratio_w": 0.09887876070394429,
    "sortino_ratio": 0.14061759829960185,
    "sortino_ratio_w": 0.10653220920210174,
    "sterling_ratio": 0.029241663644329438,
    "sterling_ratio_w": 0.01992463190472213
}