{"config_name": "recursive_grid_OCEANUSDT_1134days",
 "logging_level": 0,
 "long": {"auto_unstuck_delay_minutes": 405.3986406357169,
          "auto_unstuck_ema_dist": 0.0032186901176058293,
          "auto_unstuck_qty_pct": 0.010963501077842218,
          "auto_unstuck_wallet_exposure_threshold": 0.07407615721706579,
          "backwards_tp": false,
          "ddown_factor": 1.868162500780998,
          "ema_span_0": 77.68693457249452,
          "ema_span_1": 746.8817105742014,
          "enabled": true,
          "initial_eprice_ema_dist": 0.01,
          "initial_qty_pct": 0.001,
          "markup_range": 0.01747170133350018,
          "min_markup": 0.0030234011160061368,
          "n_close_orders": 3,
          "rentry_pprice_dist": 0.009999999983305615,
          "rentry_pprice_dist_wallet_exposure_weighting": 2.362167761389768,
          "wallet_exposure_limit": 1.0},
 "short": {"auto_unstuck_delay_minutes": 984.6870715710589,
           "auto_unstuck_ema_dist": -0.07610282763588454,
           "auto_unstuck_qty_pct": 0.0908720691385458,
           "auto_unstuck_wallet_exposure_threshold": 0.4216004634834204,
           "backwards_tp": true,
           "ddown_factor": 0.12099419560238645,
           "ema_span_0": 6.046772186727135,
           "ema_span_1": 106.44185500346244,
           "enabled": false,
           "initial_eprice_ema_dist": -0.045869860421660816,
           "initial_qty_pct": 0.02962279449662713,
           "markup_range": 0.04568945328766307,
           "min_markup": 0.007154682497237636,
           "n_close_orders": 8,
           "rentry_pprice_dist": 0.020810493548385704,
           "rentry_pprice_dist_wallet_exposure_weighting": 7.6680253219446515,
           "wallet_exposure_limit": 1.0}}