{"config_name": "recursive_grid_DOGEUSDT_1250days",
 "logging_level": 0,
 "long": {"auto_unstuck_delay_minutes": 448.95604876067335,
          "auto_unstuck_ema_dist": -0.006577756441564132,
          "auto_unstuck_qty_pct": 0.06922717274560791,
          "auto_unstuck_wallet_exposure_threshold": 0.058585700724230604,
          "backwards_tp": true,
          "ddown_factor": 1.4901758570196557,
          "ema_span_0": 80.61007369493367,
          "ema_span_1": 116.0556253116844,
          "enabled": true,
          "initial_eprice_ema_dist": 0.01,
          "initial_qty_pct": 0.001,
          "markup_range": 0.009335556601280028,
          "min_markup": 0.0061747071369266365,
          "n_close_orders": 7,
          "rentry_pprice_dist": 0.008623008951337056,
          "rentry_pprice_dist_wallet_exposure_weighting": 2.4756168451336196,
          "wallet_exposure_limit": 1.0},
 "short": {"auto_unstuck_delay_minutes": 1417.1912953524366,
           "auto_unstuck_ema_dist": -0.07576832941424369,
           "auto_unstuck_qty_pct": 0.06362215508307313,
           "auto_unstuck_wallet_exposure_threshold": 0.5446822672368808,
           "backwards_tp": true,
           "ddown_factor": 1.8692552830198057,
           "ema_span_0": 843.4462894914861,
           "ema_span_1": 951.1181857139261,
           "enabled": false,
           "initial_eprice_ema_dist": -0.09141615489389726,
           "initial_qty_pct": 0.029302563630975338,
           "markup_range": 0.01634606633240408,
           "min_markup": 0.002614725123487008,
           "n_close_orders": 4,
           "rentry_pprice_dist": 0.040501020023319845,
           "rentry_pprice_dist_wallet_exposure_weighting": 0.35724682824449516,
           "wallet_exposure_limit": 1.0}}