{"config_name": "recursive_grid_LRCUSDT_456days",
 "logging_level": 0,
 "long": {"auto_unstuck_delay_minutes": 2800.0,
          "auto_unstuck_ema_dist": -0.0302461001572846,
          "auto_unstuck_qty_pct": 0.01,
          "auto_unstuck_wallet_exposure_threshold": 0.047201190254873716,
          "backwards_tp": false,
          "ddown_factor": 2.2497144499482835,
          "ema_span_0": 209.64098341481454,
          "ema_span_1": 400.0,
          "enabled": true,
          "initial_eprice_ema_dist": -0.1,
          "initial_qty_pct": 0.02,
          "markup_range": 0.02861571858406213,
          "min_markup": 0.0032205374801284312,
          "n_close_orders": 5,
          "rentry_pprice_dist": 0.02182097153930572,
          "rentry_pprice_dist_wallet_exposure_weighting": 2.031598238142416,
          "wallet_exposure_limit": 1.0},
 "short": {"auto_unstuck_delay_minutes": 279.4455070519952,
           "auto_unstuck_ema_dist": -0.046235391682489864,
           "auto_unstuck_qty_pct": 0.08945844293678934,
           "auto_unstuck_wallet_exposure_threshold": 0.7188509811831035,
           "backwards_tp": true,
           "ddown_factor": 2.3047886115294878,
           "ema_span_0": 83.09419268258843,
           "ema_span_1": 844.93625472381,
           "enabled": false,
           "initial_eprice_ema_dist": -0.0916065692499385,
           "initial_qty_pct": 0.026936362935325794,
           "markup_range": 0.05865432790235972,
           "min_markup": 0.007137884192978285,
           "n_close_orders": 7,
           "rentry_pprice_dist": 0.024719387199195617,
           "rentry_pprice_dist_wallet_exposure_weighting": 16.249211564930505,
           "wallet_exposure_limit": 1.0}}