{"config_name": "recursive_grid_CRVUSDT_456days",
 "logging_level": 0,
 "long": {"auto_unstuck_delay_minutes": 1373.1285947438985,
          "auto_unstuck_ema_dist": -0.030000375581148712,
          "auto_unstuck_qty_pct": 0.01,
          "auto_unstuck_wallet_exposure_threshold": 0.05294635072264016,
          "backwards_tp": false,
          "ddown_factor": 2.0497536696751544,
          "ema_span_0": 514.9925557791022,
          "ema_span_1": 794.5018823823747,
          "enabled": true,
          "initial_eprice_ema_dist": -0.1,
          "initial_qty_pct": 0.02,
          "markup_range": 0.04027058691060098,
          "min_markup": 0.006310156419141138,
          "n_close_orders": 8,
          "rentry_pprice_dist": 0.020947856379696612,
          "rentry_pprice_dist_wallet_exposure_weighting": 2.057532876605995,
          "wallet_exposure_limit": 1.0},
 "short": {"auto_unstuck_delay_minutes": 408.1387528549792,
           "auto_unstuck_ema_dist": -0.042425463293185715,
           "auto_unstuck_qty_pct": 0.07083490628316455,
           "auto_unstuck_wallet_exposure_threshold": 0.6357823511067076,
           "backwards_tp": true,
           "ddown_factor": 0.2682940499913784,
           "ema_span_0": 1360.632699720752,
           "ema_span_1": 1313.7927326151098,
           "enabled": false,
           "initial_eprice_ema_dist": -0.09106160108089682,
           "initial_qty_pct": 0.048063943732901473,
           "markup_range": 0.024901370453545252,
           "min_markup": 0.00944179917036982,
           "n_close_orders": 7,
           "rentry_pprice_dist": 0.009151730350129242,
           "rentry_pprice_dist_wallet_exposure_weighting": 11.640627912644657,
           "wallet_exposure_limit": 1.0}}