{"config_name": "recursive_grid_DOGEUSDT_1351days",
 "logging_level": 0,
 "long": {"auto_unstuck_delay_minutes": 0.0,
          "auto_unstuck_ema_dist": 0.0,
          "auto_unstuck_qty_pct": 0.0,
          "auto_unstuck_wallet_exposure_threshold": 0.0,
          "backwards_tp": false,
          "ddown_factor": 1.4886142994563176,
          "ema_span_0": 703.573563853177,
          "ema_span_1": 644.8445412066038,
          "enabled": true,
          "initial_eprice_ema_dist": 0.009990564084081228,
          "initial_qty_pct": 0.05,
          "markup_range": 0.03091852689259887,
          "min_markup": 0.002,
          "n_close_orders": 7,
          "rentry_pprice_dist": 0.028837051928214168,
          "rentry_pprice_dist_wallet_exposure_weighting": 2.936632870705626,
          "wallet_exposure_limit": 1.0},
 "short": {"auto_unstuck_delay_minutes": 800.6709430699486,
           "auto_unstuck_ema_dist": -0.09123463846509623,
           "auto_unstuck_qty_pct": 0.012977861671392258,
           "auto_unstuck_wallet_exposure_threshold": 0.2758595050411382,
           "backwards_tp": true,
           "ddown_factor": 1.926469465360908,
           "ema_span_0": 1034.3421849850183,
           "ema_span_1": 1254.5028217550669,
           "enabled": false,
           "initial_eprice_ema_dist": -0.03504571554044294,
           "initial_qty_pct": 0.030324789384127197,
           "markup_range": 0.06,
           "min_markup": 0.006424975021848306,
           "n_close_orders": 6,
           "rentry_pprice_dist": 0.021850406815835496,
           "rentry_pprice_dist_wallet_exposure_weighting": 13.08054681301557,
           "wallet_exposure_limit": 1.0}}