{"config_name": "recursive_grid_30_symbols_473days",
 "logging_level": 0,
 "long": {"auto_unstuck_delay_minutes": 2589.4002634323665,
          "auto_unstuck_ema_dist": 0.0,
          "auto_unstuck_qty_pct": 0.01,
          "auto_unstuck_wallet_exposure_threshold": 0.055852207643969955,
          "backwards_tp": true,
          "ddown_factor": 0.10002797122442014,
          "ema_span_0": 787.0098198464508,
          "ema_span_1": 1373.1815231002925,
          "enabled": true,
          "initial_eprice_ema_dist": 0.017333248779360752,
          "initial_qty_pct": 0.02,
          "markup_range": 0.02,
          "min_markup": 0.010069581825652532,
          "n_close_orders": 3,
          "rentry_pprice_dist": 0.043201158007010985,
          "rentry_pprice_dist_wallet_exposure_weighting": 1.01,
          "wallet_exposure_limit": 1.0},
 "short": {"auto_unstuck_delay_minutes": 0.0,
           "auto_unstuck_ema_dist": 0.0,
           "auto_unstuck_qty_pct": 0.0,
           "auto_unstuck_wallet_exposure_threshold": 0.0,
           "backwards_tp": true,
           "ddown_factor": 2.282291458249631,
           "ema_span_0": 942.1106350357343,
           "ema_span_1": 903.8001560591088,
           "enabled": false,
           "initial_eprice_ema_dist": 0.0028444444466197254,
           "initial_qty_pct": 0.018372335645290845,
           "markup_range": 0.008975773545974265,
           "min_markup": 0.005964749372998115,
           "n_close_orders": 3,
           "rentry_pprice_dist": 0.025411950918910197,
           "rentry_pprice_dist_wallet_exposure_weighting": 2.9702870547139453,
           "wallet_exposure_limit": 1.0}}