{"config_name": "recursive_grid_MKRUSDT_1216days",
 "logging_level": 0,
 "long": {"auto_unstuck_delay_minutes": 33.639412818838565,
          "auto_unstuck_ema_dist": -0.0020174402206264005,
          "auto_unstuck_qty_pct": 0.01004301008941927,
          "auto_unstuck_wallet_exposure_threshold": 0.0593957191753995,
          "backwards_tp": false,
          "ddown_factor": 1.1791326349917384,
          "ema_span_0": 85.37015210789066,
          "ema_span_1": 80.95045147300189,
          "enabled": true,
          "initial_eprice_ema_dist": 0.01,
          "initial_qty_pct": 0.001,
          "markup_range": 0.01960238694253327,
          "min_markup": 0.004361449660677255,
          "n_close_orders": 9,
          "rentry_pprice_dist": 0.01,
          "rentry_pprice_dist_wallet_exposure_weighting": 2.094225972815999,
          "wallet_exposure_limit": 1.0},
 "short": {"auto_unstuck_delay_minutes": 1084.4962780372393,
           "auto_unstuck_ema_dist": -0.05535543569517711,
           "auto_unstuck_qty_pct": 0.041365711585295624,
           "auto_unstuck_wallet_exposure_threshold": 0.7231841620077079,
           "backwards_tp": true,
           "ddown_factor": 0.41554526371405653,
           "ema_span_0": 623.6766432485009,
           "ema_span_1": 723.6499749521814,
           "enabled": false,
           "initial_eprice_ema_dist": -0.07387204821470941,
           "initial_qty_pct": 0.017109869609072813,
           "markup_range": 0.05975660561965492,
           "min_markup": 0.005791386087351717,
           "n_close_orders": 5,
           "rentry_pprice_dist": 0.026256279037570537,
           "rentry_pprice_dist_wallet_exposure_weighting": 1.5798930382751508,
           "wallet_exposure_limit": 1.0}}