{"config_name": "recursive_grid_TRBUSDT_1195days",
 "logging_level": 0,
 "long": {"auto_unstuck_delay_minutes": 711.8721249085306,
          "auto_unstuck_ema_dist": 0.004993532413772546,
          "auto_unstuck_qty_pct": 0.01,
          "auto_unstuck_wallet_exposure_threshold": 0.05013615239038403,
          "backwards_tp": false,
          "ddown_factor": 1.0149317601264758,
          "ema_span_0": 177.57485924993117,
          "ema_span_1": 86.61648313433965,
          "enabled": true,
          "initial_eprice_ema_dist": 0.009959668691050718,
          "initial_qty_pct": 0.001,
          "markup_range": 0.019920057042308186,
          "min_markup": 0.0037684999723095326,
          "n_close_orders": 5,
          "rentry_pprice_dist": 0.01,
          "rentry_pprice_dist_wallet_exposure_weighting": 2.402295416879089,
          "wallet_exposure_limit": 1.0},
 "short": {"auto_unstuck_delay_minutes": 458.76299430262793,
           "auto_unstuck_ema_dist": -0.055054244192715804,
           "auto_unstuck_qty_pct": 0.0414019154861292,
           "auto_unstuck_wallet_exposure_threshold": 0.1006840892803286,
           "backwards_tp": true,
           "ddown_factor": 1.1448214831113939,
           "ema_span_0": 1205.057979268514,
           "ema_span_1": 1074.9866430584823,
           "enabled": false,
           "initial_eprice_ema_dist": -0.09443343832899646,
           "initial_qty_pct": 0.01295008067771164,
           "markup_range": 0.023628708836150803,
           "min_markup": 0.003133268785881769,
           "n_close_orders": 12,
           "rentry_pprice_dist": 0.04520143066596164,
           "rentry_pprice_dist_wallet_exposure_weighting": 17.727469894431373,
           "wallet_exposure_limit": 1.0}}