{"config_name": "recursive_grid_23_symbols_1441days",
 "logging_level": 0,
 "long": {"auto_unstuck_delay_minutes": 1429.57279216235,
          "auto_unstuck_ema_dist": -0.051561926483168985,
          "auto_unstuck_qty_pct": 0.01,
          "auto_unstuck_wallet_exposure_threshold": 0.05,
          "backwards_tp": false,
          "ddown_factor": 0.3574398866434734,
          "ema_span_0": 1196.4619880914925,
          "ema_span_1": 161.45191524213186,
          "enabled": true,
          "initial_eprice_ema_dist": 0.008724660664704497,
          "initial_qty_pct": 0.02,
          "markup_range": 0.06,
          "min_markup": 0.0010142334791807797,
          "n_close_orders": 16,
          "rentry_pprice_dist": 0.04458116672309996,
          "rentry_pprice_dist_wallet_exposure_weighting": 0.5434930821802499,
          "wallet_exposure_limit": 1.0},
 "short": {"auto_unstuck_delay_minutes": 896.797897026713,
           "auto_unstuck_ema_dist": -0.04314467994728705,
           "auto_unstuck_qty_pct": 0.03816148885007108,
           "auto_unstuck_wallet_exposure_threshold": 0.619376565371316,
           "backwards_tp": true,
           "ddown_factor": 1.3257705889574085,
           "ema_span_0": 1310.4628366636766,
           "ema_span_1": 1426.1947696004736,
           "enabled": false,
           "initial_eprice_ema_dist": -0.025523207657770552,
           "initial_qty_pct": 0.031032236712854676,
           "markup_range": 0.02399930478307723,
           "min_markup": 0.009201575268591,
           "n_close_orders": 13,
           "rentry_pprice_dist": 0.007707710643864123,
           "rentry_pprice_dist_wallet_exposure_weighting": 10.285888381121177,
           "wallet_exposure_limit": 1.0}}