{"config_name": "recursive_grid_ROSEUSDT_456days",
 "logging_level": 0,
 "long": {"auto_unstuck_delay_minutes": 1898.820702859209,
          "auto_unstuck_ema_dist": -0.044609804013934856,
          "auto_unstuck_qty_pct": 0.01,
          "auto_unstuck_wallet_exposure_threshold": 0.059129599986478196,
          "backwards_tp": false,
          "ddown_factor": 2.2614830231513623,
          "ema_span_0": 202.53182908579802,
          "ema_span_1": 685.1177352862658,
          "enabled": true,
          "initial_eprice_ema_dist": -0.1,
          "initial_qty_pct": 0.02,
          "markup_range": 0.03537654451934884,
          "min_markup": 0.006764359767785357,
          "n_close_orders": 8,
          "rentry_pprice_dist": 0.021833256386632263,
          "rentry_pprice_dist_wallet_exposure_weighting": 2.11942169309316,
          "wallet_exposure_limit": 1.0},
 "short": {"auto_unstuck_delay_minutes": 303.8883667190868,
           "auto_unstuck_ema_dist": -0.03770275236550331,
           "auto_unstuck_qty_pct": 0.05358738646624435,
           "auto_unstuck_wallet_exposure_threshold": 0.749413746058829,
           "backwards_tp": true,
           "ddown_factor": 0.3855326768942915,
           "ema_span_0": 1080.5136382736403,
           "ema_span_1": 1333.4109044862864,
           "enabled": false,
           "initial_eprice_ema_dist": -0.008496376900674327,
           "initial_qty_pct": 0.04800601329285219,
           "markup_range": 0.02306597677725375,
           "min_markup": 0.00570367315120594,
           "n_close_orders": 10,
           "rentry_pprice_dist": 0.009829187297373757,
           "rentry_pprice_dist_wallet_exposure_weighting": 1.8790371213561774,
           "wallet_exposure_limit": 1.0}}