{"config_name": "recursive_grid_SOLUSDT_1285days",
 "logging_level": 0,
 "long": {"auto_unstuck_delay_minutes": 0.0,
          "auto_unstuck_ema_dist": 0.0,
          "auto_unstuck_qty_pct": 0.0,
          "auto_unstuck_wallet_exposure_threshold": 0.0,
          "backwards_tp": false,
          "ddown_factor": 0.8004817719151464,
          "ema_span_0": 1432.5537380763544,
          "ema_span_1": 400.00284071444605,
          "enabled": true,
          "initial_eprice_ema_dist": 0.01,
          "initial_qty_pct": 0.05,
          "markup_range": 0.07818281420673022,
          "min_markup": 0.0020148309476689156,
          "n_close_orders": 3,
          "rentry_pprice_dist": 0.07,
          "rentry_pprice_dist_wallet_exposure_weighting": 3.057569422624218,
          "wallet_exposure_limit": 1.0},
 "short": {"auto_unstuck_delay_minutes": 1060.8246975004704,
           "auto_unstuck_ema_dist": -0.09616352410881587,
           "auto_unstuck_qty_pct": 0.07006698780501093,
           "auto_unstuck_wallet_exposure_threshold": 0.4675904064043539,
           "backwards_tp": true,
           "ddown_factor": 0.2738939427598942,
           "ema_span_0": 504.77496400553775,
           "ema_span_1": 1000.5586811969589,
           "enabled": false,
           "initial_eprice_ema_dist": -0.06409284253626775,
           "initial_qty_pct": 0.03546536335639652,
           "markup_range": 0.01720378007754539,
           "min_markup": 0.01,
           "n_close_orders": 16,
           "rentry_pprice_dist": 0.005,
           "rentry_pprice_dist_wallet_exposure_weighting": 4.299942671268369,
           "wallet_exposure_limit": 1.0}}