{"config_name": "recursive_grid_KSMUSDT_1154days",
 "logging_level": 0,
 "long": {"auto_unstuck_delay_minutes": 1.0,
          "auto_unstuck_ema_dist": -0.006056750803094038,
          "auto_unstuck_qty_pct": 0.0949244561903548,
          "auto_unstuck_wallet_exposure_threshold": 0.053079107783155305,
          "backwards_tp": false,
          "ddown_factor": 1.0438356618951734,
          "ema_span_0": 719.5105245054086,
          "ema_span_1": 877.6293583218466,
          "enabled": true,
          "initial_eprice_ema_dist": 0.01,
          "initial_qty_pct": 0.001,
          "markup_range": 0.01957749782950329,
          "min_markup": 0.003007054376544704,
          "n_close_orders": 3,
          "rentry_pprice_dist": 0.009854269557047662,
          "rentry_pprice_dist_wallet_exposure_weighting": 2.339182685447091,
          "wallet_exposure_limit": 1.0},
 "short": {"auto_unstuck_delay_minutes": 976.6611425499638,
           "auto_unstuck_ema_dist": -0.07406414687434092,
           "auto_unstuck_qty_pct": 0.013669509129355321,
           "auto_unstuck_wallet_exposure_threshold": 0.24992107676451678,
           "backwards_tp": true,
           "ddown_factor": 2.679263106537604,
           "ema_span_0": 1422.956897772477,
           "ema_span_1": 1153.5758612990678,
           "enabled": false,
           "initial_eprice_ema_dist": -0.06706402626062577,
           "initial_qty_pct": 0.03930444352778248,
           "markup_range": 0.00076730319733187,
           "min_markup": 0.009776416848014172,
           "n_close_orders": 4,
           "rentry_pprice_dist": 0.04647993364350277,
           "rentry_pprice_dist_wallet_exposure_weighting": 14.300542418038201,
           "wallet_exposure_limit": 1.0}}