{
    "adg": 0.005507008032203942,
    "adg_w": 0.006090676073462609,
    "calmar_ratio": 0.010145690637712446,
    "calmar_ratio_w": 0.030199276070035964,
    "drawdown_worst": 0.5427928200110791,
    "drawdown_worst_mean_1pct": 0.2220944490833517,
    "equity_balance_diff_neg_max": 0.5425414328032829,
    "equity_balance_diff_neg_mean": 0.0015219977544706032,
    "equity_balance_diff_pos_max": 0.29305198404875665,
    "equity_balance_diff_pos_mean": 0.0015388123687317798,
    "equity_choppiness": 1.2836074884042237,
    "equity_choppiness_w": 1.314201476467845,
    "equity_jerkiness": 0.011276737968675668,
    "equity_jerkiness_w": 0.012561045097928405,
    "expected_shortfall_1pct": 0.21280336052975146,
    "exponential_fit_error": 0.15987558383721212,
    "exponential_fit_error_w": 0.037828296876276264,
    "gain": 3823.1641013094313,
    "loss_profit_ratio": 0.22791038823896576,
    "loss_profit_ratio_long": 0.22791038823896576,
    "loss_profit_ratio_short": 1.0,
    "loss_profit_ratio_w": 0.2343806921182366,
    "mdg": 0.0005299040294476896,
    "mdg_w": 0.0006601052722659292,
    "omega_ratio": 8.354816027267104,
    "omega_ratio_w": 9.103983764998333,
    "pnl_ratio_long_short": 1.0,
    "position_held_hours_max": 146.9,
    "position_held_hours_mean": 4.432795900512436,
    "position_held_hours_median": 1.8166666666666667,
    "position_unchanged_hours_max": 128.51666666666668,
    "positions_held_per_day": 5.326897470039947,
    "sharpe_ratio": 0.0907647918230362,
    "sharpe_ratio_w": 0.12109423104888654,
    "sortino_ratio": 0.13065467360876937,
    "sortino_ratio_w": 0.19798630633251574,
    "sterling_ratio": 0.024795793208398333,
    "sterling_ratio_w": 0.03674323283596639
}