{"config_name": "recursive_grid_23_symbols_1472days",
 "logging_level": 0,
 "long": {"auto_unstuck_delay_minutes": 1395.3524616758234,
          "auto_unstuck_ema_dist": -0.005990304856538014,
          "auto_unstuck_qty_pct": 0.01,
          "auto_unstuck_wallet_exposure_threshold": 0.09657391403983931,
          "backwards_tp": false,
          "ddown_factor": 0.9667189139369573,
          "ema_span_0": 627.5447194465793,
          "ema_span_1": 1059.0406546146535,
          "enabled": true,
          "initial_eprice_ema_dist": 0.006939949706398131,
          "initial_qty_pct": 0.01,
          "markup_range": 0.04613630020575753,
          "min_markup": 0.0036319443548194206,
          "n_close_orders": 7,
          "rentry_pprice_dist": 0.025399525677512934,
          "rentry_pprice_dist_wallet_exposure_weighting": 2.2671321810700515,
          "wallet_exposure_limit": 1.0},
 "short": {"auto_unstuck_delay_minutes": 1138.8161906468563,
           "auto_unstuck_ema_dist": -0.07412429228921309,
           "auto_unstuck_qty_pct": 0.03388198230224939,
           "auto_unstuck_wallet_exposure_threshold": 0.6303062562036958,
           "backwards_tp": true,
           "ddown_factor": 0.8623946382367715,
           "ema_span_0": 31.083810654815757,
           "ema_span_1": 864.2540852231964,
           "enabled": false,
           "initial_eprice_ema_dist": -0.007936049538207202,
           "initial_qty_pct": 0.029697211995812586,
           "markup_range": 0.057861769629605334,
           "min_markup": 0.008508496411667354,
           "n_close_orders": 5,
           "rentry_pprice_dist": 0.007534598043827624,
           "rentry_pprice_dist_wallet_exposure_weighting": 3.7380361518268246,
           "wallet_exposure_limit": 1.0}}