{"config_name": "recursive_grid_ONDOUSDT_71days",
 "logging_level": 0,
 "long": {"auto_unstuck_delay_minutes": 1670.0345280025958,
          "auto_unstuck_ema_dist": 0.0,
          "auto_unstuck_qty_pct": 0.01,
          "auto_unstuck_wallet_exposure_threshold": 0.03456965984547345,
          "backwards_tp": false,
          "ddown_factor": 2.5997790653384953,
          "ema_span_0": 1330.656338670699,
          "ema_span_1": 1110.1447185789987,
          "enabled": true,
          "initial_eprice_ema_dist": 0.02782107221906042,
          "initial_qty_pct": 0.02820719988831146,
          "markup_range": 0.08070986106176245,
          "min_markup": 0.019019302979741717,
          "n_close_orders": 5,
          "rentry_pprice_dist": 0.016722501033425003,
          "rentry_pprice_dist_wallet_exposure_weighting": 0.8250141578193745,
          "wallet_exposure_limit": 1.0},
 "short": {"auto_unstuck_delay_minutes": 0.0,
           "auto_unstuck_ema_dist": 0.0,
           "auto_unstuck_qty_pct": 0.0,
           "auto_unstuck_wallet_exposure_threshold": 0.0,
           "backwards_tp": true,
           "ddown_factor": 1.551878524350348,
           "ema_span_0": 807.8771773583171,
           "ema_span_1": 1157.1918688051114,
           "enabled": false,
           "initial_eprice_ema_dist": -0.005080276402254602,
           "initial_qty_pct": 0.014196833301053459,
           "markup_range": 0.0012185416823067975,
           "min_markup": 0.008241358881560225,
           "n_close_orders": 4,
           "rentry_pprice_dist": 0.03475283832637109,
           "rentry_pprice_dist_wallet_exposure_weighting": 3.1124577056705593,
           "wallet_exposure_limit": 1.0}}