{
    "adg": 0.0036579723079197546,
    "adg_w": 0.002791772672569226,
    "calmar_ratio": 0.012590853402978247,
    "calmar_ratio_w": 0.015309651178520466,
    "drawdown_worst": 0.2905261614001872,
    "drawdown_worst_mean_1pct": 0.14337724034486718,
    "equity_balance_diff_neg_max": 0.33849194551198725,
    "equity_balance_diff_neg_mean": 0.0035870041004473063,
    "equity_balance_diff_pos_max": 0.11410099816296972,
    "equity_balance_diff_pos_mean": 0.0010141575713013607,
    "equity_choppiness": 1.9061082723389386,
    "equity_choppiness_w": 2.2236254069831767,
    "equity_jerkiness": 0.008986359205643881,
    "equity_jerkiness_w": 0.009259064453827738,
    "expected_shortfall_1pct": 0.12212048507220663,
    "exponential_fit_error": 0.21010748640376226,
    "exponential_fit_error_w": 0.02357646421432743,
    "gain": 786.2466204401145,
    "loss_profit_ratio": 0.1635058183465842,
    "loss_profit_ratio_long": 0.1635058183465842,
    "loss_profit_ratio_short": 1.0,
    "loss_profit_ratio_w": 0.16465688095304545,
    "mdg": 0.0011136891423506664,
    "mdg_w": 0.0008703080758996944,
    "omega_ratio": 4.302112836939046,
    "omega_ratio_w": 3.099094493044773,
    "pnl_ratio_long_short": 1.0,
    "position_held_hours_max": 439.3333333333333,
    "position_held_hours_mean": 5.243135951795486,
    "position_held_hours_median": 0.8666666666666667,
    "position_unchanged_hours_max": 351.73333333333335,
    "positions_held_per_day": 16.480832420591458,
    "sharpe_ratio": 0.12077969796337332,
    "sharpe_ratio_w": 0.09849487260848529,
    "sortino_ratio": 0.13116155787578884,
    "sortino_ratio_w": 0.09868738222430476,
    "sterling_ratio": 0.025512921710037,
    "sterling_ratio_w": 0.017576584255342607
}