{"config_name": "recursive_grid_DOGEUSDT_1250days",
 "logging_level": 0,
 "long": {"auto_unstuck_delay_minutes": 1.0,
          "auto_unstuck_ema_dist": -0.003440149426558795,
          "auto_unstuck_qty_pct": 0.020256250914343896,
          "auto_unstuck_wallet_exposure_threshold": 0.051272613898452106,
          "backwards_tp": false,
          "ddown_factor": 1.8539623009207071,
          "ema_span_0": 180.52620337297427,
          "ema_span_1": 131.63402532691288,
          "enabled": true,
          "initial_eprice_ema_dist": 0.009997076572286786,
          "initial_qty_pct": 0.001,
          "markup_range": 0.019553793974023802,
          "min_markup": 0.003220104516880571,
          "n_close_orders": 6,
          "rentry_pprice_dist": 0.006599638077576554,
          "rentry_pprice_dist_wallet_exposure_weighting": 2.026235826612361,
          "wallet_exposure_limit": 1.0},
 "short": {"auto_unstuck_delay_minutes": 354.4710838204399,
           "auto_unstuck_ema_dist": -0.09452970370370363,
           "auto_unstuck_qty_pct": 0.05507247345663213,
           "auto_unstuck_wallet_exposure_threshold": 0.12494480773772754,
           "backwards_tp": true,
           "ddown_factor": 1.6661389056716,
           "ema_span_0": 530.6872754987243,
           "ema_span_1": 297.7021102292077,
           "enabled": false,
           "initial_eprice_ema_dist": -0.0845621307328972,
           "initial_qty_pct": 0.04005046938739963,
           "markup_range": 0.040187757550488326,
           "min_markup": 0.0013810424881175074,
           "n_close_orders": 7,
           "rentry_pprice_dist": 0.04930802968479466,
           "rentry_pprice_dist_wallet_exposure_weighting": 0.014857564080821284,
           "wallet_exposure_limit": 1.0}}