{"config_name": "recursive_grid_SNXUSDT_1215days",
 "logging_level": 0,
 "long": {"auto_unstuck_delay_minutes": 1318.7856911577226,
          "auto_unstuck_ema_dist": -0.00042118168785196833,
          "auto_unstuck_qty_pct": 0.06508821142414292,
          "auto_unstuck_wallet_exposure_threshold": 0.08955048565401172,
          "backwards_tp": false,
          "ddown_factor": 1.6459915973490808,
          "ema_span_0": 328.3537798595946,
          "ema_span_1": 692.9832940067713,
          "enabled": true,
          "initial_eprice_ema_dist": 0.01,
          "initial_qty_pct": 0.001,
          "markup_range": 0.01998319691171141,
          "min_markup": 0.0039054160948027734,
          "n_close_orders": 4,
          "rentry_pprice_dist": 0.00999653834892684,
          "rentry_pprice_dist_wallet_exposure_weighting": 1.9521132182048746,
          "wallet_exposure_limit": 1.0},
 "short": {"auto_unstuck_delay_minutes": 560.2568517630345,
           "auto_unstuck_ema_dist": -0.0056817527784756156,
           "auto_unstuck_qty_pct": 0.040670827559926175,
           "auto_unstuck_wallet_exposure_threshold": 0.8606858848233894,
           "backwards_tp": true,
           "ddown_factor": 0.9684261030379182,
           "ema_span_0": 764.7572458934135,
           "ema_span_1": 709.724473295124,
           "enabled": false,
           "initial_eprice_ema_dist": -0.07057394222429306,
           "initial_qty_pct": 0.021167423719513787,
           "markup_range": 0.053558138434703056,
           "min_markup": 0.002739535080425166,
           "n_close_orders": 7,
           "rentry_pprice_dist": 0.0475652199685489,
           "rentry_pprice_dist_wallet_exposure_weighting": 19.70764620770685,
           "wallet_exposure_limit": 1.0}}