{"config_name": "recursive_grid_SOLUSDT_1184days",
 "logging_level": 0,
 "long": {"auto_unstuck_delay_minutes": 63.91241099691986,
          "auto_unstuck_ema_dist": -0.00989550623738241,
          "auto_unstuck_qty_pct": 0.09144181743041559,
          "auto_unstuck_wallet_exposure_threshold": 0.09037058965892114,
          "backwards_tp": true,
          "ddown_factor": 1.6017358656348701,
          "ema_span_0": 387.9388304287715,
          "ema_span_1": 322.73674276809004,
          "enabled": true,
          "initial_eprice_ema_dist": 0.01,
          "initial_qty_pct": 0.001,
          "markup_range": 0.005220699407760573,
          "min_markup": 0.004374313705136367,
          "n_close_orders": 4,
          "rentry_pprice_dist": 0.009875074235482941,
          "rentry_pprice_dist_wallet_exposure_weighting": 1.7080730624721778,
          "wallet_exposure_limit": 1.0},
 "short": {"auto_unstuck_delay_minutes": 1144.7553142977056,
           "auto_unstuck_ema_dist": -0.09344921635801581,
           "auto_unstuck_qty_pct": 0.09395993955001976,
           "auto_unstuck_wallet_exposure_threshold": 0.11754770819843899,
           "backwards_tp": true,
           "ddown_factor": 2.31983930396387,
           "ema_span_0": 402.54530306939574,
           "ema_span_1": 865.3064522681332,
           "enabled": false,
           "initial_eprice_ema_dist": 0.001901883478319863,
           "initial_qty_pct": 0.03814471773899656,
           "markup_range": 0.032328136238687126,
           "min_markup": 0.006593721388917773,
           "n_close_orders": 10,
           "rentry_pprice_dist": 0.009178844070138501,
           "rentry_pprice_dist_wallet_exposure_weighting": 17.71181671686402,
           "wallet_exposure_limit": 1.0}}