{
    "adg": 0.00149054495032086,
    "adg_per_exposure_long": 0.0009786900527385819,
    "adg_per_exposure_short": 0.014905449503208601,
    "adg_w": 0.0008728960179039014,
    "adg_w_per_exposure_long": 0.000573142493699213,
    "adg_w_per_exposure_short": 0.008728960179039014,
    "calmar_ratio": 0.00913318918351478,
    "calmar_ratio_w": 0.014705468552864498,
    "drawdown_worst": 0.16320092799689984,
    "drawdown_worst_mean_1pct": 0.07410686703448943,
    "equity_balance_diff_neg_max": 0.1626131536938536,
    "equity_balance_diff_neg_mean": 0.002969075896234823,
    "equity_balance_diff_pos_max": 0.05827990882925753,
    "equity_balance_diff_pos_mean": 0.0011655731364135981,
    "equity_choppiness": 1.7861312662573205,
    "equity_choppiness_w": 1.7759078994848037,
    "equity_jerkiness": 0.003308515011716223,
    "equity_jerkiness_w": 0.0023800224967321566,
    "expected_shortfall_1pct": 0.060234205103788706,
    "exponential_fit_error": 0.09757357242273104,
    "exponential_fit_error_w": 0.009929128855457959,
    "gain": 15.175900230446926,
    "gain_per_exposure_long": 9.964478155250772,
    "gain_per_exposure_short": 151.75900230446925,
    "loss_profit_ratio": 0.10842995022404027,
    "loss_profit_ratio_long": 0.10842995022404027,
    "loss_profit_ratio_short": 1.0,
    "loss_profit_ratio_w": 0.11000739158172704,
    "mdg": 0.00034721526133670065,
    "mdg_per_exposure_long": 0.00022798113022764324,
    "mdg_per_exposure_short": 0.0034721526133670065,
    "mdg_w": 0.00022916497624514355,
    "mdg_w_per_exposure_long": 0.00015046945255754667,
    "mdg_w_per_exposure_short": 0.0022916497624514355,
    "omega_ratio": 4.768167498710648,
    "omega_ratio_w": 3.805557127705204,
    "pnl_ratio_long_short": 1.0,
    "position_held_hours_max": 389.56666666666666,
    "position_held_hours_mean": 35.24784598815293,
    "position_held_hours_median": 17.158333333333335,
    "position_unchanged_hours_max": 389.56666666666666,
    "positions_held_per_day": 1.3559693318729464,
    "sharpe_ratio": 0.10607937794523643,
    "sharpe_ratio_w": 0.09693837952978605,
    "sortino_ratio": 0.12094481661534268,
    "sortino_ratio_w": 0.10270744107190762,
    "sterling_ratio": 0.02011345250403257,
    "sterling_ratio_w": 0.018332353320263676,
    "volume_pct_per_day_avg": 0.4455411794464501,
    "volume_pct_per_day_avg_w": 0.318131380433025
}