{"config_name": "recursive_grid_XLMUSDT_1523days",
 "logging_level": 0,
 "long": {"auto_unstuck_delay_minutes": 1440.0,
          "auto_unstuck_ema_dist": -0.05,
          "auto_unstuck_qty_pct": 0.01,
          "auto_unstuck_wallet_exposure_threshold": 0.03,
          "backwards_tp": false,
          "ddown_factor": 2.4482286248115304,
          "ema_span_0": 584.447075105845,
          "ema_span_1": 1279.4729982418692,
          "enabled": true,
          "initial_eprice_ema_dist": 0.006449785591604732,
          "initial_qty_pct": 0.05,
          "markup_range": 0.03,
          "min_markup": 0.002,
          "n_close_orders": 3,
          "rentry_pprice_dist": 0.07,
          "rentry_pprice_dist_wallet_exposure_weighting": 2.586387376037646,
          "wallet_exposure_limit": 1.0},
 "short": {"auto_unstuck_delay_minutes": 1039.366862904039,
           "auto_unstuck_ema_dist": -0.035065692623283115,
           "auto_unstuck_qty_pct": 0.030284686345152793,
           "auto_unstuck_wallet_exposure_threshold": 0.14774477042864362,
           "backwards_tp": true,
           "ddown_factor": 1.3429748765621516,
           "ema_span_0": 402.5499790092991,
           "ema_span_1": 575.1954862461375,
           "enabled": false,
           "initial_eprice_ema_dist": -0.09386335697654113,
           "initial_qty_pct": 0.015605930610552647,
           "markup_range": 0.035844004192318514,
           "min_markup": 0.0011839305971750624,
           "n_close_orders": 13,
           "rentry_pprice_dist": 0.01792413218538235,
           "rentry_pprice_dist_wallet_exposure_weighting": 7.077369718017774,
           "wallet_exposure_limit": 1.0}}