{"config_name": "recursive_grid_XMRUSDT_1408days",
 "logging_level": 0,
 "long": {"auto_unstuck_delay_minutes": 921.0758484001799,
          "auto_unstuck_ema_dist": 0.004936345522058154,
          "auto_unstuck_qty_pct": 0.013509069167608422,
          "auto_unstuck_wallet_exposure_threshold": 0.09999999474382476,
          "backwards_tp": false,
          "ddown_factor": 1.0621745915916336,
          "ema_span_0": 886.6765417165514,
          "ema_span_1": 558.4195507145415,
          "enabled": true,
          "initial_eprice_ema_dist": 0.01,
          "initial_qty_pct": 0.001,
          "markup_range": 0.014316759024764812,
          "min_markup": 0.006905003255224932,
          "n_close_orders": 7,
          "rentry_pprice_dist": 0.009967679888040282,
          "rentry_pprice_dist_wallet_exposure_weighting": 2.015852867353554,
          "wallet_exposure_limit": 1.0},
 "short": {"auto_unstuck_delay_minutes": 1283.8653244780066,
           "auto_unstuck_ema_dist": -0.020341107471992706,
           "auto_unstuck_qty_pct": 0.09370658367680387,
           "auto_unstuck_wallet_exposure_threshold": 0.37679583758680324,
           "backwards_tp": true,
           "ddown_factor": 0.38309341105915784,
           "ema_span_0": 537.7253930273386,
           "ema_span_1": 639.1796109713077,
           "enabled": false,
           "initial_eprice_ema_dist": -0.09165896528699645,
           "initial_qty_pct": 0.04753061377003743,
           "markup_range": 0.0010936234333071915,
           "min_markup": 0.004396574143802488,
           "n_close_orders": 6,
           "rentry_pprice_dist": 0.01461730296098173,
           "rentry_pprice_dist_wallet_exposure_weighting": 19.648229396834495,
           "wallet_exposure_limit": 1.0}}