{"config_name": "recursive_grid_DOGEUSDT_1250days",
 "logging_level": 0,
 "long": {"auto_unstuck_delay_minutes": 487.68669381283655,
          "auto_unstuck_ema_dist": 0.004999999999898286,
          "auto_unstuck_qty_pct": 0.08451554451569646,
          "auto_unstuck_wallet_exposure_threshold": 0.08929978292957617,
          "backwards_tp": true,
          "ddown_factor": 1.0696835872558998,
          "ema_span_0": 73.24181595475507,
          "ema_span_1": 81.02933091159343,
          "enabled": true,
          "initial_eprice_ema_dist": 0.009197525098040206,
          "initial_qty_pct": 0.001,
          "markup_range": 0.010804606879704965,
          "min_markup": 0.003,
          "n_close_orders": 5,
          "rentry_pprice_dist": 0.007559518677429817,
          "rentry_pprice_dist_wallet_exposure_weighting": 1.0000048553077725,
          "wallet_exposure_limit": 1.0},
 "short": {"auto_unstuck_delay_minutes": 601.4678917696289,
           "auto_unstuck_ema_dist": -0.06546051330805754,
           "auto_unstuck_qty_pct": 0.05598617427283628,
           "auto_unstuck_wallet_exposure_threshold": 0.32724823605258707,
           "backwards_tp": true,
           "ddown_factor": 0.3457242175540808,
           "ema_span_0": 175.13261321798453,
           "ema_span_1": 1027.568832259557,
           "enabled": false,
           "initial_eprice_ema_dist": -0.032751443785984616,
           "initial_qty_pct": 0.049455728702519554,
           "markup_range": 0.056750880466162175,
           "min_markup": 0.006205015610846109,
           "n_close_orders": 8,
           "rentry_pprice_dist": 0.04961830916067271,
           "rentry_pprice_dist_wallet_exposure_weighting": 15.685359944316566,
           "wallet_exposure_limit": 1.0}}