{"config_name": "recursive_grid_ZECUSDT_1406days",
 "logging_level": 0,
 "long": {"auto_unstuck_delay_minutes": 1273.399526511863,
          "auto_unstuck_ema_dist": 0.0041644792006999805,
          "auto_unstuck_qty_pct": 0.05036096925121571,
          "auto_unstuck_wallet_exposure_threshold": 0.08548868579230856,
          "backwards_tp": false,
          "ddown_factor": 1.0724450868160809,
          "ema_span_0": 73.24181595475507,
          "ema_span_1": 127.18265671553456,
          "enabled": true,
          "initial_eprice_ema_dist": 0.01,
          "initial_qty_pct": 0.001,
          "markup_range": 0.005104881743896172,
          "min_markup": 0.006789926804157356,
          "n_close_orders": 9,
          "rentry_pprice_dist": 0.009563524739540231,
          "rentry_pprice_dist_wallet_exposure_weighting": 2.4842663208247604,
          "wallet_exposure_limit": 1.0},
 "short": {"auto_unstuck_delay_minutes": 62.83001860951049,
           "auto_unstuck_ema_dist": -0.07376063546355086,
           "auto_unstuck_qty_pct": 0.03465937394288172,
           "auto_unstuck_wallet_exposure_threshold": 0.10704457732898637,
           "backwards_tp": true,
           "ddown_factor": 2.8204142009602142,
           "ema_span_0": 897.5752821675193,
           "ema_span_1": 1382.096539108836,
           "enabled": false,
           "initial_eprice_ema_dist": -0.01730834913704679,
           "initial_qty_pct": 0.025637843392337642,
           "markup_range": 0.0014135156202718501,
           "min_markup": 0.0011124807300296323,
           "n_close_orders": 14,
           "rentry_pprice_dist": 0.04525522105808739,
           "rentry_pprice_dist_wallet_exposure_weighting": 0.0776575629262477,
           "wallet_exposure_limit": 1.0}}