{"config_name": "recursive_grid_AVAXUSDT_1175days",
 "logging_level": 0,
 "long": {"auto_unstuck_delay_minutes": 1.0,
          "auto_unstuck_ema_dist": 0.0038431628609226645,
          "auto_unstuck_qty_pct": 0.09538200393349955,
          "auto_unstuck_wallet_exposure_threshold": 0.050089519860642,
          "backwards_tp": true,
          "ddown_factor": 1.059958357157661,
          "ema_span_0": 103.70966209922248,
          "ema_span_1": 526.6717286041167,
          "enabled": true,
          "initial_eprice_ema_dist": 0.01,
          "initial_qty_pct": 0.001,
          "markup_range": 0.006439708522765757,
          "min_markup": 0.0033673454067725582,
          "n_close_orders": 3,
          "rentry_pprice_dist": 0.0068454492329456,
          "rentry_pprice_dist_wallet_exposure_weighting": 1.0610176378428835,
          "wallet_exposure_limit": 1.0},
 "short": {"auto_unstuck_delay_minutes": 926.898398032795,
           "auto_unstuck_ema_dist": -0.05500321799732751,
           "auto_unstuck_qty_pct": 0.09269754486768143,
           "auto_unstuck_wallet_exposure_threshold": 0.7360182868125307,
           "backwards_tp": true,
           "ddown_factor": 2.225121013478872,
           "ema_span_0": 649.9745389316943,
           "ema_span_1": 707.9999615844614,
           "enabled": false,
           "initial_eprice_ema_dist": -0.02910949732543147,
           "initial_qty_pct": 0.030502847063434868,
           "markup_range": 0.006668027647760366,
           "min_markup": 0.008055067096670376,
           "n_close_orders": 11,
           "rentry_pprice_dist": 0.0185989365079922,
           "rentry_pprice_dist_wallet_exposure_weighting": 12.704468587688229,
           "wallet_exposure_limit": 1.0}}