{"config_name": "recursive_grid_OPUSDT_659days",
 "logging_level": 0,
 "long": {"auto_unstuck_delay_minutes": 0.0,
          "auto_unstuck_ema_dist": 0.0,
          "auto_unstuck_qty_pct": 0.0,
          "auto_unstuck_wallet_exposure_threshold": 0.0,
          "backwards_tp": false,
          "ddown_factor": 0.9054230045454172,
          "ema_span_0": 1396.314002648545,
          "ema_span_1": 873.7646119873211,
          "enabled": true,
          "initial_eprice_ema_dist": 0.007471311253929633,
          "initial_qty_pct": 0.05,
          "markup_range": 0.08,
          "min_markup": 0.009990791170258848,
          "n_close_orders": 6,
          "rentry_pprice_dist": 0.04115431983452104,
          "rentry_pprice_dist_wallet_exposure_weighting": 2.79507094868199,
          "wallet_exposure_limit": 1.0},
 "short": {"auto_unstuck_delay_minutes": 747.4833556962769,
           "auto_unstuck_ema_dist": -0.03355721414505188,
           "auto_unstuck_qty_pct": 0.01,
           "auto_unstuck_wallet_exposure_threshold": 0.4306310781763648,
           "backwards_tp": true,
           "ddown_factor": 3,
           "ema_span_0": 631.9901733898469,
           "ema_span_1": 178.33159342900512,
           "enabled": false,
           "initial_eprice_ema_dist": -0.1,
           "initial_qty_pct": 0.03429235792645057,
           "markup_range": 0.04099114772322175,
           "min_markup": 0.001788570503830758,
           "n_close_orders": 2,
           "rentry_pprice_dist": 0.03447172908732956,
           "rentry_pprice_dist_wallet_exposure_weighting": 7.364502607803477,
           "wallet_exposure_limit": 1.0}}