{"config_name": "recursive_grid_ONEUSDT_456days",
 "logging_level": 0,
 "long": {"auto_unstuck_delay_minutes": 2743.6866466962374,
          "auto_unstuck_ema_dist": -0.04343231465604779,
          "auto_unstuck_qty_pct": 0.01,
          "auto_unstuck_wallet_exposure_threshold": 0.05997515243741643,
          "backwards_tp": false,
          "ddown_factor": 2.1879314607553257,
          "ema_span_0": 687.4519919197451,
          "ema_span_1": 602.616119319117,
          "enabled": true,
          "initial_eprice_ema_dist": -0.1,
          "initial_qty_pct": 0.02,
          "markup_range": 0.022697028063575476,
          "min_markup": 0.004466492545855705,
          "n_close_orders": 8,
          "rentry_pprice_dist": 0.03,
          "rentry_pprice_dist_wallet_exposure_weighting": 2.000006117433169,
          "wallet_exposure_limit": 1.0},
 "short": {"auto_unstuck_delay_minutes": 477.82668934373,
           "auto_unstuck_ema_dist": -0.02646392102557786,
           "auto_unstuck_qty_pct": 0.09270108219374769,
           "auto_unstuck_wallet_exposure_threshold": 0.8344847636599279,
           "backwards_tp": true,
           "ddown_factor": 1.192491173720251,
           "ema_span_0": 264.6847435824415,
           "ema_span_1": 125.76625197908096,
           "enabled": false,
           "initial_eprice_ema_dist": -0.08610446108228792,
           "initial_qty_pct": 0.03941699121909201,
           "markup_range": 0.03537926797202134,
           "min_markup": 0.009652069330698797,
           "n_close_orders": 10,
           "rentry_pprice_dist": 0.015969388874900816,
           "rentry_pprice_dist_wallet_exposure_weighting": 11.69227894144084,
           "wallet_exposure_limit": 1.0}}