{"config_name": "recursive_grid_30_symbols_456days",
 "logging_level": 0,
 "long": {"auto_unstuck_delay_minutes": 2900.8460916063273,
          "auto_unstuck_ema_dist": -0.046788735753174694,
          "auto_unstuck_qty_pct": 0.01,
          "auto_unstuck_wallet_exposure_threshold": 0.04330395708925749,
          "backwards_tp": false,
          "ddown_factor": 2.2001661612828003,
          "ema_span_0": 331.2087056997864,
          "ema_span_1": 416.0114102522398,
          "enabled": true,
          "initial_eprice_ema_dist": -0.1,
          "initial_qty_pct": 0.02,
          "markup_range": 0.04704998005287504,
          "min_markup": 0.0028835454385579403,
          "n_close_orders": 5,
          "rentry_pprice_dist": 0.04069994008856001,
          "rentry_pprice_dist_wallet_exposure_weighting": 2.1731641220073343,
          "wallet_exposure_limit": 1.0},
 "short": {"auto_unstuck_delay_minutes": 695.6477939965666,
           "auto_unstuck_ema_dist": 0.00042572598369307324,
           "auto_unstuck_qty_pct": 0.09586003766705409,
           "auto_unstuck_wallet_exposure_threshold": 0.5683522573751331,
           "backwards_tp": true,
           "ddown_factor": 1.7577190672019865,
           "ema_span_0": 220.97748719379194,
           "ema_span_1": 99.93209362570931,
           "enabled": false,
           "initial_eprice_ema_dist": -0.06698682894748725,
           "initial_qty_pct": 0.021877627803091347,
           "markup_range": 0.04426144993996532,
           "min_markup": 0.008593413934986312,
           "n_close_orders": 14,
           "rentry_pprice_dist": 0.04738382548237566,
           "rentry_pprice_dist_wallet_exposure_weighting": 8.603956984920947,
           "wallet_exposure_limit": 1.0}}