{
    "adg": 0.002954037598225545,
    "adg_per_exposure_long": 0.0016338703530008546,
    "adg_per_exposure_short": 0.002954037598225545,
    "adg_w": 0.002393614325434701,
    "adg_w_per_exposure_long": 0.0013239017286696354,
    "adg_w_per_exposure_short": 0.002393614325434701,
    "calmar_ratio": 0.008916940074536101,
    "calmar_ratio_w": 0.007487006739841121,
    "drawdown_worst": 0.33128377823927757,
    "drawdown_worst_mean_1pct": 0.20575233327394898,
    "equity_balance_diff_neg_max": 0.3108360647106227,
    "equity_balance_diff_neg_mean": 0.0008246807633778226,
    "equity_balance_diff_pos_max": 0.29964376049362773,
    "equity_balance_diff_pos_mean": 0.0008029248458240212,
    "equity_choppiness": 1.706288297965166,
    "equity_choppiness_w": 1.5722199386881337,
    "equity_jerkiness": 0.006831000202786311,
    "equity_jerkiness_w": 0.005978886065619858,
    "expected_shortfall_1pct": 0.14800843015604453,
    "exponential_fit_error": 0.3976164486834521,
    "exponential_fit_error_w": 0.04297221672009026,
    "gain": 261.4000065648488,
    "gain_per_exposure_long": 144.57964964869956,
    "gain_per_exposure_short": 261.4000065648488,
    "loss_profit_ratio": 0.25057299234221536,
    "loss_profit_ratio_long": 0.25057299234221536,
    "loss_profit_ratio_short": 1.0,
    "loss_profit_ratio_w": 0.215511543032259,
    "mdg": 0.0004919226800492008,
    "mdg_per_exposure_long": 0.00027208112834579685,
    "mdg_per_exposure_short": 0.0004919226800492008,
    "mdg_w": 0.000496125949818364,
    "mdg_w_per_exposure_long": 0.0002744059456959978,
    "mdg_w_per_exposure_short": 0.000496125949818364,
    "omega_ratio": 5.072865584224598,
    "omega_ratio_w": 4.679909981486032,
    "pnl_ratio_long_short": 1.0,
    "position_held_hours_max": 246.46666666666667,
    "position_held_hours_mean": 8.68541827046446,
    "position_held_hours_median": 2.158333333333333,
    "position_unchanged_hours_max": 168.33333333333334,
    "positions_held_per_day": 2.753577106518283,
    "sharpe_ratio": 0.08303113432563232,
    "sharpe_ratio_w": 0.0590851050348871,
    "sortino_ratio": 0.10795193283406931,
    "sortino_ratio_w": 0.07491899190081071,
    "sterling_ratio": 0.01435724956903595,
    "sterling_ratio_w": 0.011971716316866785,
    "volume_pct_per_day_avg": 0.782979747766114,
    "volume_pct_per_day_avg_w": 0.7156074938131245
}