{"config_name": "recursive_grid_XRPUSDT_1436days",
 "logging_level": 0,
 "long": {"auto_unstuck_delay_minutes": 568.3945068489475,
          "auto_unstuck_ema_dist": 0.003998225633639252,
          "auto_unstuck_qty_pct": 0.09999703896249917,
          "auto_unstuck_wallet_exposure_threshold": 0.08701614970864346,
          "backwards_tp": false,
          "ddown_factor": 1.0396165605153196,
          "ema_span_0": 640.8948098381645,
          "ema_span_1": 680.7052048165842,
          "enabled": true,
          "initial_eprice_ema_dist": 0.0032520315551567104,
          "initial_qty_pct": 0.001,
          "markup_range": 0.014733063292717377,
          "min_markup": 0.00886895091145824,
          "n_close_orders": 8,
          "rentry_pprice_dist": 0.008604627610453315,
          "rentry_pprice_dist_wallet_exposure_weighting": 2.4743245955367597,
          "wallet_exposure_limit": 1.0},
 "short": {"auto_unstuck_delay_minutes": 1001.18498798015,
           "auto_unstuck_ema_dist": -0.09602525887166298,
           "auto_unstuck_qty_pct": 0.07878391778510581,
           "auto_unstuck_wallet_exposure_threshold": 0.3602666694034523,
           "backwards_tp": true,
           "ddown_factor": 0.7915136018769137,
           "ema_span_0": 784.4880173472395,
           "ema_span_1": 722.9001490513045,
           "enabled": false,
           "initial_eprice_ema_dist": -0.03561840720657054,
           "initial_qty_pct": 0.03714604153849223,
           "markup_range": 0.0026336425611901792,
           "min_markup": 0.007763463285052187,
           "n_close_orders": 8,
           "rentry_pprice_dist": 0.02232166505587127,
           "rentry_pprice_dist_wallet_exposure_weighting": 8.212437812839708,
           "wallet_exposure_limit": 1.0}}