{"config_name": "recursive_grid_SOLUSDT_1285days",
 "logging_level": 0,
 "long": {"auto_unstuck_delay_minutes": 608.8922255360974,
          "auto_unstuck_ema_dist": 0.005267946338104966,
          "auto_unstuck_qty_pct": 0.01,
          "auto_unstuck_wallet_exposure_threshold": 0.03390136162974448,
          "backwards_tp": false,
          "ddown_factor": 2.6403902893641162,
          "ema_span_0": 1204.0393633214503,
          "ema_span_1": 412.86520401371854,
          "enabled": true,
          "initial_eprice_ema_dist": 0.0064749076271986925,
          "initial_qty_pct": 0.05,
          "markup_range": 0.07994431037299546,
          "min_markup": 0.0020000000315913164,
          "n_close_orders": 6,
          "rentry_pprice_dist": 0.0430244036813126,
          "rentry_pprice_dist_wallet_exposure_weighting": 0.9921133704190617,
          "wallet_exposure_limit": 1.0},
 "short": {"auto_unstuck_delay_minutes": 1031.5314598414966,
           "auto_unstuck_ema_dist": 0.002733114122717692,
           "auto_unstuck_qty_pct": 0.06587951141814352,
           "auto_unstuck_wallet_exposure_threshold": 0.8744957315332703,
           "backwards_tp": true,
           "ddown_factor": 2.9440702625884523,
           "ema_span_0": 1293.0267200092642,
           "ema_span_1": 1035.8354681650787,
           "enabled": false,
           "initial_eprice_ema_dist": -0.010183722985452906,
           "initial_qty_pct": 0.023487300302326826,
           "markup_range": 0.00451326616288199,
           "min_markup": 0.008444132207599618,
           "n_close_orders": 13,
           "rentry_pprice_dist": 0.029789950351535397,
           "rentry_pprice_dist_wallet_exposure_weighting": 1.3936136208271277,
           "wallet_exposure_limit": 1.0}}