{"config_name": "recursive_grid_ALGOUSDT_1375days",
 "logging_level": 0,
 "long": {"auto_unstuck_delay_minutes": 0.0,
          "auto_unstuck_ema_dist": 0.0,
          "auto_unstuck_qty_pct": 0.0,
          "auto_unstuck_wallet_exposure_threshold": 0.0,
          "backwards_tp": false,
          "ddown_factor": 0.8870825243523813,
          "ema_span_0": 1183.3166588993838,
          "ema_span_1": 400.0,
          "enabled": true,
          "initial_eprice_ema_dist": 0.006307746990014189,
          "initial_qty_pct": 0.05,
          "markup_range": 0.08,
          "min_markup": 0.0023065574786861973,
          "n_close_orders": 4,
          "rentry_pprice_dist": 0.06083257435372129,
          "rentry_pprice_dist_wallet_exposure_weighting": 0.8444920638875457,
          "wallet_exposure_limit": 1.0},
 "short": {"auto_unstuck_delay_minutes": 431.61055034924385,
           "auto_unstuck_ema_dist": -0.07545192147662412,
           "auto_unstuck_qty_pct": 0.04330403804597669,
           "auto_unstuck_wallet_exposure_threshold": 0.5965951597116765,
           "backwards_tp": true,
           "ddown_factor": 0.9450045526178839,
           "ema_span_0": 1110.521778535409,
           "ema_span_1": 655.8621922742977,
           "enabled": false,
           "initial_eprice_ema_dist": -0.08291870525649453,
           "initial_qty_pct": 0.027179669978543652,
           "markup_range": 0.058532966567227916,
           "min_markup": 0.0068844689125865935,
           "n_close_orders": 5,
           "rentry_pprice_dist": 0.01664664369487728,
           "rentry_pprice_dist_wallet_exposure_weighting": 8.497238346279355,
           "wallet_exposure_limit": 1.0}}