{"config_name": "recursive_grid_DOTUSDT_1308days",
 "logging_level": 0,
 "long": {"auto_unstuck_delay_minutes": 1405.938150442396,
          "auto_unstuck_ema_dist": -0.03403427014335363,
          "auto_unstuck_qty_pct": 0.01,
          "auto_unstuck_wallet_exposure_threshold": 0.03,
          "backwards_tp": false,
          "ddown_factor": 0.9129331419177666,
          "ema_span_0": 670.8146336358602,
          "ema_span_1": 540.9159777554157,
          "enabled": true,
          "initial_eprice_ema_dist": 0.0034314995517109627,
          "initial_qty_pct": 0.05,
          "markup_range": 0.03130375543190561,
          "min_markup": 0.0023127031050898393,
          "n_close_orders": 4,
          "rentry_pprice_dist": 0.03282391846917993,
          "rentry_pprice_dist_wallet_exposure_weighting": 0.5000043239038232,
          "wallet_exposure_limit": 1.0},
 "short": {"auto_unstuck_delay_minutes": 8.645512844629593,
           "auto_unstuck_ema_dist": 0.003,
           "auto_unstuck_qty_pct": 0.01,
           "auto_unstuck_wallet_exposure_threshold": 0.1258334983157809,
           "backwards_tp": true,
           "ddown_factor": 0.1,
           "ema_span_0": 775.7538985289548,
           "ema_span_1": 944.5422875385625,
           "enabled": false,
           "initial_eprice_ema_dist": -0.09823717496204575,
           "initial_qty_pct": 0.030624322764324877,
           "markup_range": 0.00676273281292156,
           "min_markup": 0.00443355832054337,
           "n_close_orders": 11,
           "rentry_pprice_dist": 0.05,
           "rentry_pprice_dist_wallet_exposure_weighting": 3.5673833456808013,
           "wallet_exposure_limit": 1.0}}