{"config_name": "recursive_grid_NEOUSDT_1394days",
 "logging_level": 0,
 "long": {"auto_unstuck_delay_minutes": 175.50183021697651,
          "auto_unstuck_ema_dist": -0.007195586799138596,
          "auto_unstuck_qty_pct": 0.02150388174042878,
          "auto_unstuck_wallet_exposure_threshold": 0.09396887733197408,
          "backwards_tp": false,
          "ddown_factor": 1.2187876006232083,
          "ema_span_0": 898.7088072856473,
          "ema_span_1": 619.2599837292449,
          "enabled": true,
          "initial_eprice_ema_dist": 0.01,
          "initial_qty_pct": 0.001,
          "markup_range": 0.019977290721257694,
          "min_markup": 0.003979300515508767,
          "n_close_orders": 3,
          "rentry_pprice_dist": 0.008967883962064755,
          "rentry_pprice_dist_wallet_exposure_weighting": 2.5,
          "wallet_exposure_limit": 1.0},
 "short": {"auto_unstuck_delay_minutes": 1288.3146835679372,
           "auto_unstuck_ema_dist": -0.04249216600061915,
           "auto_unstuck_qty_pct": 0.03994684893182111,
           "auto_unstuck_wallet_exposure_threshold": 0.33625893102370485,
           "backwards_tp": true,
           "ddown_factor": 1.9600246553200553,
           "ema_span_0": 430.0187346237278,
           "ema_span_1": 902.7899456715252,
           "enabled": false,
           "initial_eprice_ema_dist": -0.0037365060735120442,
           "initial_qty_pct": 0.047709732650389206,
           "markup_range": 0.05599463410329563,
           "min_markup": 0.007009392616957881,
           "n_close_orders": 6,
           "rentry_pprice_dist": 0.024132911959845425,
           "rentry_pprice_dist_wallet_exposure_weighting": 15.922269273955925,
           "wallet_exposure_limit": 1.0}}