{
    "adg": 0.0025569238638074587,
    "adg_per_exposure_long": 0.0020390142454604935,
    "adg_per_exposure_short": 0.0025569238638074587,
    "adg_w": 0.0012581396229956576,
    "adg_w_per_exposure_long": 0.0010033011347652771,
    "adg_w_per_exposure_short": 0.0012581396229956576,
    "calmar_ratio": 0.007922627642021488,
    "calmar_ratio_w": 0.011607182255368057,
    "drawdown_worst": 0.32273684683167186,
    "drawdown_worst_mean_1pct": 0.09458677693213637,
    "equity_balance_diff_neg_max": 0.34379770196256126,
    "equity_balance_diff_neg_mean": 0.0005816146085844466,
    "equity_balance_diff_pos_max": 0.11677606852538165,
    "equity_balance_diff_pos_mean": 0.0004161093764306502,
    "equity_choppiness": 1.7109390511661573,
    "equity_choppiness_w": 2.14675191630156,
    "equity_jerkiness": 0.005141987245196811,
    "equity_jerkiness_w": 0.0037995382619945067,
    "expected_shortfall_1pct": 0.07799154625064546,
    "exponential_fit_error": 0.39994570346661173,
    "exponential_fit_error_w": 0.04236118446254358,
    "gain": 96.39926977228262,
    "gain_per_exposure_long": 76.87342087103877,
    "gain_per_exposure_short": 96.39926977228262,
    "loss_profit_ratio": 0.22409729812804768,
    "loss_profit_ratio_long": 0.22409729812804768,
    "loss_profit_ratio_short": 1.0,
    "loss_profit_ratio_w": 0.33039387804218256,
    "mdg": 0.00029482151401128635,
    "mdg_per_exposure_long": 0.0002351048756070864,
    "mdg_per_exposure_short": 0.00029482151401128635,
    "mdg_w": 0.0002992964741596299,
    "mdg_w_per_exposure_long": 0.00023867342436972082,
    "mdg_w_per_exposure_short": 0.0002992964741596299,
    "omega_ratio": 7.47197456506694,
    "omega_ratio_w": 3.6463315468853814,
    "pnl_ratio_long_short": 1.0,
    "position_held_hours_max": 288.06666666666666,
    "position_held_hours_mean": 6.31128243143069,
    "position_held_hours_median": 0.9166666666666666,
    "position_unchanged_hours_max": 227.35,
    "positions_held_per_day": 3.7702627166014535,
    "sharpe_ratio": 0.09112914087146029,
    "sharpe_ratio_w": 0.07026067822187085,
    "sortino_ratio": 0.15135323539070003,
    "sortino_ratio_w": 0.09425989539091657,
    "sterling_ratio": 0.027032572064930253,
    "sterling_ratio_w": 0.0159739885825619,
    "volume_pct_per_day_avg": 0.4935157812536845,
    "volume_pct_per_day_avg_w": 0.40583914696455164
}