{"config_name": "recursive_grid_IOTXUSDT_456days",
 "logging_level": 0,
 "long": {"auto_unstuck_delay_minutes": 2800.0,
          "auto_unstuck_ema_dist": -0.03302298960906937,
          "auto_unstuck_qty_pct": 0.01,
          "auto_unstuck_wallet_exposure_threshold": 0.03,
          "backwards_tp": false,
          "ddown_factor": 2.2794810429364754,
          "ema_span_0": 405.20530187775654,
          "ema_span_1": 400.00156052250367,
          "enabled": true,
          "initial_eprice_ema_dist": -0.1,
          "initial_qty_pct": 0.02,
          "markup_range": 0.04999939743367934,
          "min_markup": 0.003461243025514587,
          "n_close_orders": 6,
          "rentry_pprice_dist": 0.025940543952462942,
          "rentry_pprice_dist_wallet_exposure_weighting": 2.355320214938205,
          "wallet_exposure_limit": 1.0},
 "short": {"auto_unstuck_delay_minutes": 966.6409222321664,
           "auto_unstuck_ema_dist": -0.047049516595769066,
           "auto_unstuck_qty_pct": 0.08767521197456801,
           "auto_unstuck_wallet_exposure_threshold": 0.5210642913913526,
           "backwards_tp": true,
           "ddown_factor": 1.1094277419389778,
           "ema_span_0": 191.55750370606305,
           "ema_span_1": 640.6031829623093,
           "enabled": false,
           "initial_eprice_ema_dist": -0.04467495213681101,
           "initial_qty_pct": 0.015095910318746993,
           "markup_range": 0.050415766691704604,
           "min_markup": 0.0029118192718081432,
           "n_close_orders": 14,
           "rentry_pprice_dist": 0.009752686568656679,
           "rentry_pprice_dist_wallet_exposure_weighting": 13.573818721096407,
           "wallet_exposure_limit": 1.0}}