{
    "adg": 0.0027792409558542452,
    "adg_per_exposure_long": 0.0016672111312862898,
    "adg_per_exposure_short": 0.0027792409558542452,
    "adg_w": 0.0023014096222078394,
    "adg_w_per_exposure_long": 0.001380569659392825,
    "adg_w_per_exposure_short": 0.0023014096222078394,
    "calmar_ratio": 0.00924359272379076,
    "calmar_ratio_w": 0.007653342658944506,
    "drawdown_worst": 0.3006667471080974,
    "drawdown_worst_mean_1pct": 0.18560000356181283,
    "equity_balance_diff_neg_max": 0.28660066990755995,
    "equity_balance_diff_neg_mean": 0.0007260917683610989,
    "equity_balance_diff_pos_max": 0.2768228669355974,
    "equity_balance_diff_pos_mean": 0.0007630283445266349,
    "equity_choppiness": 1.7066658289738803,
    "equity_choppiness_w": 1.5733098642242518,
    "equity_jerkiness": 0.0064664574023180895,
    "equity_jerkiness_w": 0.005647844248469748,
    "expected_shortfall_1pct": 0.13150233187338267,
    "exponential_fit_error": 0.39948164268697467,
    "exponential_fit_error_w": 0.04393840009775829,
    "gain": 188.13379673771888,
    "gain_per_exposure_long": 112.85770650133107,
    "gain_per_exposure_short": 188.13379673771888,
    "loss_profit_ratio": 0.2639682613800875,
    "loss_profit_ratio_long": 0.2639682613800875,
    "loss_profit_ratio_short": 1.0,
    "loss_profit_ratio_w": 0.21407022588219132,
    "mdg": 0.00042965974482427494,
    "mdg_per_exposure_long": 0.00025774429803495795,
    "mdg_per_exposure_short": 0.00042965974482427494,
    "mdg_w": 0.00045468432476114437,
    "mdg_w_per_exposure_long": 0.000272756043647957,
    "mdg_w_per_exposure_short": 0.00045468432476114437,
    "omega_ratio": 5.069166207098482,
    "omega_ratio_w": 4.891904424994514,
    "pnl_ratio_long_short": 1.0,
    "position_held_hours_max": 246.46666666666667,
    "position_held_hours_mean": 8.883123483507115,
    "position_held_hours_median": 2.283333333333333,
    "position_unchanged_hours_max": 167.4,
    "positions_held_per_day": 2.6936936936936937,
    "sharpe_ratio": 0.0843988130338301,
    "sharpe_ratio_w": 0.06007172416735361,
    "sortino_ratio": 0.11337732719074485,
    "sortino_ratio_w": 0.07927836500058744,
    "sterling_ratio": 0.01497435831098267,
    "sterling_ratio_w": 0.012483190207782869,
    "volume_pct_per_day_avg": 0.7266192648335451,
    "volume_pct_per_day_avg_w": 0.6613692594891598
}