{"config_name": "recursive_grid_30_symbols_456days",
 "logging_level": 0,
 "long": {"auto_unstuck_delay_minutes": 2895.304418962688,
          "auto_unstuck_ema_dist": -0.03166030560428473,
          "auto_unstuck_qty_pct": 0.01,
          "auto_unstuck_wallet_exposure_threshold": 0.054454680956085015,
          "backwards_tp": false,
          "ddown_factor": 2.155955839340259,
          "ema_span_0": 294.7186033390809,
          "ema_span_1": 581.44994825943,
          "enabled": true,
          "initial_eprice_ema_dist": -0.1,
          "initial_qty_pct": 0.02,
          "markup_range": 0.03412439500753256,
          "min_markup": 0.0028839950865853095,
          "n_close_orders": 6,
          "rentry_pprice_dist": 0.03013447718578746,
          "rentry_pprice_dist_wallet_exposure_weighting": 2.338336007849656,
          "wallet_exposure_limit": 1.0},
 "short": {"auto_unstuck_delay_minutes": 886.2466320811624,
           "auto_unstuck_ema_dist": -0.09672002842130027,
           "auto_unstuck_qty_pct": 0.05929511549635753,
           "auto_unstuck_wallet_exposure_threshold": 0.773909974690409,
           "backwards_tp": true,
           "ddown_factor": 0.9532461470403508,
           "ema_span_0": 904.4079990593617,
           "ema_span_1": 1294.7691724429294,
           "enabled": false,
           "initial_eprice_ema_dist": -0.025032201554100825,
           "initial_qty_pct": 0.03347621183713629,
           "markup_range": 0.05439108573159379,
           "min_markup": 0.0065763447951951454,
           "n_close_orders": 14,
           "rentry_pprice_dist": 0.009279854901066534,
           "rentry_pprice_dist_wallet_exposure_weighting": 2.8591461238533156,
           "wallet_exposure_limit": 1.0}}