{
    "adg": 0.002488982412865992,
    "adg_per_exposure_long": 0.001236454253783404,
    "adg_per_exposure_short": 0.002488982412865992,
    "adg_w": 0.0021903653481057496,
    "adg_w_per_exposure_long": 0.0010881099593173123,
    "adg_w_per_exposure_short": 0.0021903653481057496,
    "calmar_ratio": 0.014517338732727899,
    "calmar_ratio_w": 0.020093311509728935,
    "drawdown_worst": 0.1714489452019762,
    "drawdown_worst_mean_1pct": 0.06149964122897762,
    "equity_balance_diff_neg_max": 0.17544943498677362,
    "equity_balance_diff_neg_mean": 0.0014101452960585284,
    "equity_balance_diff_pos_max": 0.3567164051603373,
    "equity_balance_diff_pos_mean": 0.0018644196398701176,
    "equity_choppiness": 1.8173557116673462,
    "equity_choppiness_w": 1.6786831459531129,
    "equity_jerkiness": 0.006256842914568095,
    "equity_jerkiness_w": 0.0055383004866539146,
    "expected_shortfall_1pct": 0.047835017820910444,
    "exponential_fit_error": 0.24970596049804714,
    "exponential_fit_error_w": 0.03380183271951688,
    "gain": 72.11173097836415,
    "gain_per_exposure_long": 35.823015885923574,
    "gain_per_exposure_short": 72.11173097836415,
    "loss_profit_ratio": 0.22771318182641975,
    "loss_profit_ratio_long": 0.22771318182641975,
    "loss_profit_ratio_short": 1.0,
    "loss_profit_ratio_w": 0.19373567992711777,
    "mdg": 0.00011464358962324391,
    "mdg_per_exposure_long": 5.695160935084149e-05,
    "mdg_per_exposure_short": 0.00011464358962324391,
    "mdg_w": 2.4614188262078847e-05,
    "mdg_w_per_exposure_long": 1.2227614635906036e-05,
    "mdg_w_per_exposure_short": 2.4614188262078847e-05,
    "omega_ratio": 5.318394721647584,
    "omega_ratio_w": 4.593218202676164,
    "pnl_ratio_long_short": 1.0,
    "position_held_hours_max": 398.6,
    "position_held_hours_mean": 14.0995025728988,
    "position_held_hours_median": 5.133333333333334,
    "position_unchanged_hours_max": 322.8666666666667,
    "positions_held_per_day": 1.6937826844857642,
    "sharpe_ratio": 0.0808921112787862,
    "sharpe_ratio_w": 0.09672769456422851,
    "sortino_ratio": 0.26975696584666203,
    "sortino_ratio_w": 0.1957277173627829,
    "sterling_ratio": 0.04047149484334267,
    "sterling_ratio_w": 0.027656416975136322,
    "volume_pct_per_day_avg": 0.2954651133582509,
    "volume_pct_per_day_avg_w": 0.2809824052391715
}