{"config_name": "recursive_grid_MATICUSDT_1247days",
 "logging_level": 0,
 "long": {"auto_unstuck_delay_minutes": 1387.393011636595,
          "auto_unstuck_ema_dist": -0.009572160109627009,
          "auto_unstuck_qty_pct": 0.01,
          "auto_unstuck_wallet_exposure_threshold": 0.044103891844984144,
          "backwards_tp": false,
          "ddown_factor": 2.505350476652741,
          "ema_span_0": 400.06861221427675,
          "ema_span_1": 453.7202274560276,
          "enabled": true,
          "initial_eprice_ema_dist": 0.009999532462474437,
          "initial_qty_pct": 0.05,
          "markup_range": 0.03741333047200073,
          "min_markup": 0.003360296285545409,
          "n_close_orders": 5,
          "rentry_pprice_dist": 0.03923300283983643,
          "rentry_pprice_dist_wallet_exposure_weighting": 0.5082243902727676,
          "wallet_exposure_limit": 1.0},
 "short": {"auto_unstuck_delay_minutes": 1440,
           "auto_unstuck_ema_dist": 0.003,
           "auto_unstuck_qty_pct": 0.01,
           "auto_unstuck_wallet_exposure_threshold": 0.9,
           "backwards_tp": true,
           "ddown_factor": 1.5234814654941693,
           "ema_span_0": 1043.7383031076188,
           "ema_span_1": 1228.512064274512,
           "enabled": false,
           "initial_eprice_ema_dist": -0.0289240843202504,
           "initial_qty_pct": 0.044547755801856395,
           "markup_range": 0.02019014085765921,
           "min_markup": 0.001,
           "n_close_orders": 8,
           "rentry_pprice_dist": 0.04877530555197184,
           "rentry_pprice_dist_wallet_exposure_weighting": 0.0,
           "wallet_exposure_limit": 1.0}}