{
    "adg": 0.009410145752030807,
    "adg_w": 0.009659003516701837,
    "calmar_ratio": 0.03655615340420342,
    "calmar_ratio_w": 0.05278559616762104,
    "drawdown_worst": 0.25741619059265625,
    "drawdown_worst_mean_1pct": 0.178651258256653,
    "equity_balance_diff_neg_max": 0.26289440829900407,
    "equity_balance_diff_neg_mean": 0.005028228455673782,
    "equity_balance_diff_pos_max": 0.267191754242643,
    "equity_balance_diff_pos_mean": 0.042715697385180565,
    "equity_choppiness": 1.5023983147634068,
    "equity_choppiness_w": 1.5475980528990285,
    "equity_jerkiness": 0.020105390584729446,
    "equity_jerkiness_w": 0.023818741469975067,
    "expected_shortfall_1pct": 0.1721464447673403,
    "exponential_fit_error": 0.0709270829859924,
    "exponential_fit_error_w": 0.017892620767261856,
    "gain": 94.81683954250316,
    "loss_profit_ratio": 0.0013134225594052195,
    "loss_profit_ratio_long": 0.0013134225594052195,
    "loss_profit_ratio_short": 1.0,
    "loss_profit_ratio_w": 0.0019305452620597499,
    "mdg": 0.002466865926254976,
    "mdg_w": 0.0031387886695858,
    "omega_ratio": 6.833483546059527,
    "omega_ratio_w": 5.044804547594417,
    "pnl_ratio_long_short": 1.0,
    "position_held_hours_max": 225.23333333333332,
    "position_held_hours_mean": 2.047933977094094,
    "position_held_hours_median": 0.13333333333333333,
    "position_unchanged_hours_max": 225.23333333333332,
    "positions_held_per_day": 36.650205761316876,
    "sharpe_ratio": 0.16506809377695797,
    "sharpe_ratio_w": 0.16508797779887557,
    "sortino_ratio": 0.25794551779195807,
    "sortino_ratio_w": 0.2202183315210296,
    "sterling_ratio": 0.0526732688247404,
    "sterling_ratio_w": 0.05518554967043264
}