{"config_name": "recursive_grid_LRCUSDT_1149days",
 "logging_level": 0,
 "long": {"auto_unstuck_delay_minutes": 956.0527764058522,
          "auto_unstuck_ema_dist": -0.001201221580846302,
          "auto_unstuck_qty_pct": 0.09903456768591136,
          "auto_unstuck_wallet_exposure_threshold": 0.09197051932633911,
          "backwards_tp": false,
          "ddown_factor": 1.0450973486773458,
          "ema_span_0": 491.61939644899536,
          "ema_span_1": 757.4465135993495,
          "enabled": true,
          "initial_eprice_ema_dist": 0.01,
          "initial_qty_pct": 0.001,
          "markup_range": 0.017981137121337056,
          "min_markup": 0.004684122696483039,
          "n_close_orders": 3,
          "rentry_pprice_dist": 0.008969182801135882,
          "rentry_pprice_dist_wallet_exposure_weighting": 2.1441865435412786,
          "wallet_exposure_limit": 1.0},
 "short": {"auto_unstuck_delay_minutes": 1174.2124155536965,
           "auto_unstuck_ema_dist": -0.08748600691221425,
           "auto_unstuck_qty_pct": 0.077424746256263,
           "auto_unstuck_wallet_exposure_threshold": 0.7575335753613758,
           "backwards_tp": true,
           "ddown_factor": 2.211855544792268,
           "ema_span_0": 513.9813562319464,
           "ema_span_1": 1416.4729478816596,
           "enabled": false,
           "initial_eprice_ema_dist": -0.08679085105329071,
           "initial_qty_pct": 0.014796222383386244,
           "markup_range": 0.0008763325904392726,
           "min_markup": 0.0025459487604281112,
           "n_close_orders": 15,
           "rentry_pprice_dist": 0.008549982508607456,
           "rentry_pprice_dist_wallet_exposure_weighting": 0.7373169589270057,
           "wallet_exposure_limit": 1.0}}