{"config_name": "recursive_grid_XTZUSDT_1405days",
 "logging_level": 0,
 "long": {"auto_unstuck_delay_minutes": 1023.6150496658202,
          "auto_unstuck_ema_dist": -0.001775254295527347,
          "auto_unstuck_qty_pct": 0.0914267362558752,
          "auto_unstuck_wallet_exposure_threshold": 0.06320646694092594,
          "backwards_tp": false,
          "ddown_factor": 1.171510985934691,
          "ema_span_0": 98.47208947314348,
          "ema_span_1": 98.32925356109496,
          "enabled": true,
          "initial_eprice_ema_dist": 0.009998982100655739,
          "initial_qty_pct": 0.001,
          "markup_range": 0.00903630470021724,
          "min_markup": 0.005702607042727945,
          "n_close_orders": 7,
          "rentry_pprice_dist": 0.007909173560896715,
          "rentry_pprice_dist_wallet_exposure_weighting": 2.2111833357786495,
          "wallet_exposure_limit": 1.0},
 "short": {"auto_unstuck_delay_minutes": 1165.4604164835719,
           "auto_unstuck_ema_dist": -0.06252639722397157,
           "auto_unstuck_qty_pct": 0.055920859963857615,
           "auto_unstuck_wallet_exposure_threshold": 0.7433238711796657,
           "backwards_tp": true,
           "ddown_factor": 0.5598265835257193,
           "ema_span_0": 435.83145496637894,
           "ema_span_1": 652.5532482457061,
           "enabled": false,
           "initial_eprice_ema_dist": -0.06134850791231226,
           "initial_qty_pct": 0.011854035276641679,
           "markup_range": 0.053558290882745455,
           "min_markup": 0.001310305817775507,
           "n_close_orders": 16,
           "rentry_pprice_dist": 0.03579845169714186,
           "rentry_pprice_dist_wallet_exposure_weighting": 14.762542911296666,
           "wallet_exposure_limit": 1.0}}