{"config_name": "recursive_grid_LINKUSDT_1526days",
 "logging_level": 0,
 "long": {"auto_unstuck_delay_minutes": 1124.0623922953723,
          "auto_unstuck_ema_dist": -0.04942276770768899,
          "auto_unstuck_qty_pct": 0.01,
          "auto_unstuck_wallet_exposure_threshold": 0.08901736357011089,
          "backwards_tp": false,
          "ddown_factor": 0.9891529078497652,
          "ema_span_0": 1348.5452678979423,
          "ema_span_1": 1354.8005420921966,
          "enabled": true,
          "initial_eprice_ema_dist": 0.0073270905899054835,
          "initial_qty_pct": 0.05,
          "markup_range": 0.0759066179807595,
          "min_markup": 0.007383501722283613,
          "n_close_orders": 3,
          "rentry_pprice_dist": 0.04199692134619417,
          "rentry_pprice_dist_wallet_exposure_weighting": 0.773321307732852,
          "wallet_exposure_limit": 1.0},
 "short": {"auto_unstuck_delay_minutes": 409.3419825735797,
           "auto_unstuck_ema_dist": -0.02974400885904213,
           "auto_unstuck_qty_pct": 0.06182357066672444,
           "auto_unstuck_wallet_exposure_threshold": 0.7690843055657944,
           "backwards_tp": true,
           "ddown_factor": 0.5303583649385086,
           "ema_span_0": 712.4866244377448,
           "ema_span_1": 333.4288713459328,
           "enabled": false,
           "initial_eprice_ema_dist": -0.027620407912439707,
           "initial_qty_pct": 0.034579921282313325,
           "markup_range": 0.029186396419426625,
           "min_markup": 0.001276882517997365,
           "n_close_orders": 11,
           "rentry_pprice_dist": 0.0305037162000969,
           "rentry_pprice_dist_wallet_exposure_weighting": 19.540818924912255,
           "wallet_exposure_limit": 1.0}}