{
    "adg": 0.010316977004223071,
    "adg_w": 0.01097544741793861,
    "calmar_ratio": 0.012395171603225818,
    "calmar_ratio_w": 0.0216583377109929,
    "drawdown_worst": 0.832338376141408,
    "drawdown_worst_mean_1pct": 0.5284595917970576,
    "equity_balance_diff_neg_max": 0.8624475796401609,
    "equity_balance_diff_neg_mean": 0.008327455712669778,
    "equity_balance_diff_pos_max": 0.4443833065536323,
    "equity_balance_diff_pos_mean": 0.003931393905160766,
    "equity_choppiness": 1.5793720881743174,
    "equity_choppiness_w": 1.7407221246454818,
    "equity_jerkiness": 0.023325643462990098,
    "equity_jerkiness_w": 0.026525001255120046,
    "expected_shortfall_1pct": 0.49533883090781905,
    "exponential_fit_error": 0.25603573495088505,
    "exponential_fit_error_w": 0.07478185159519228,
    "gain": 677028.9182690145,
    "loss_profit_ratio": 0.2741467604761935,
    "loss_profit_ratio_long": 0.2741467604761935,
    "loss_profit_ratio_short": 1.0,
    "loss_profit_ratio_w": 0.28376676589923966,
    "mdg": 0.0008554026309305704,
    "mdg_w": 0.0012689479103112106,
    "omega_ratio": 6.12305664692204,
    "omega_ratio_w": 6.28065242105587,
    "pnl_ratio_long_short": 1.0,
    "position_held_hours_max": 273.26666666666665,
    "position_held_hours_mean": 4.683333333333334,
    "position_held_hours_median": 2.033333333333333,
    "position_unchanged_hours_max": 135.58333333333334,
    "positions_held_per_day": 5.075688073394495,
    "sharpe_ratio": 0.03643379620462646,
    "sharpe_ratio_w": 0.09991425362716844,
    "sortino_ratio": 0.11102301296931291,
    "sortino_ratio_w": 0.16118254793086625,
    "sterling_ratio": 0.019522735823830146,
    "sterling_ratio_w": 0.02715530665408389
}