{"config_name": "recursive_grid_DOGEUSDT_1250days",
 "logging_level": 0,
 "long": {"auto_unstuck_delay_minutes": 1.0,
          "auto_unstuck_ema_dist": 0.003,
          "auto_unstuck_qty_pct": 0.05366982066121961,
          "auto_unstuck_wallet_exposure_threshold": 0.1,
          "backwards_tp": false,
          "ddown_factor": 2.0521679196256857,
          "ema_span_0": 2872.3395356930473,
          "ema_span_1": 544.7586069838582,
          "enabled": true,
          "initial_eprice_ema_dist": -0.08422937915479525,
          "initial_qty_pct": 0.001,
          "markup_range": 0.045057786870850255,
          "min_markup": 0.0010418032521791762,
          "n_close_orders": 3,
          "rentry_pprice_dist": 0.005635175913559003,
          "rentry_pprice_dist_wallet_exposure_weighting": 11.012929154274827,
          "wallet_exposure_limit": 1.0},
 "short": {"auto_unstuck_delay_minutes": 142.90894295468536,
           "auto_unstuck_ema_dist": -0.020933465916773655,
           "auto_unstuck_qty_pct": 0.026397232752957425,
           "auto_unstuck_wallet_exposure_threshold": 0.9,
           "backwards_tp": true,
           "ddown_factor": 2.866020222088629,
           "ema_span_0": 60.68669148263302,
           "ema_span_1": 1440,
           "enabled": false,
           "initial_eprice_ema_dist": 0.003,
           "initial_qty_pct": 0.037183107986103525,
           "markup_range": 0.03446598385585282,
           "min_markup": 0.008243282616293627,
           "n_close_orders": 16,
           "rentry_pprice_dist": 0.005,
           "rentry_pprice_dist_wallet_exposure_weighting": 18.716114821502803,
           "wallet_exposure_limit": 1.0}}