{
    "adg": 0.0020631287334507142,
    "adg_per_exposure_long": 0.0010336316299853277,
    "adg_per_exposure_short": 0.020631287334507142,
    "adg_w": 0.0011239027419560176,
    "adg_w_per_exposure_long": 0.0005630775260300689,
    "adg_w_per_exposure_short": 0.011239027419560175,
    "calmar_ratio": 0.009648110177399737,
    "calmar_ratio_w": 0.00835034715340982,
    "drawdown_worst": 0.21383760088929127,
    "drawdown_worst_mean_1pct": 0.10786293490053397,
    "equity_balance_diff_neg_max": 0.21312450787236656,
    "equity_balance_diff_neg_mean": 0.006587540474128364,
    "equity_balance_diff_pos_max": 0.07638389071324247,
    "equity_balance_diff_pos_mean": 0.0015268695111757208,
    "equity_choppiness": 2.1761607533028506,
    "equity_choppiness_w": 2.4279920860114945,
    "equity_jerkiness": 0.005030030308288777,
    "equity_jerkiness_w": 0.004002396950036843,
    "expected_shortfall_1pct": 0.08510018795067927,
    "exponential_fit_error": 0.19099482941934753,
    "exponential_fit_error_w": 0.01937035979106291,
    "gain": 43.09436385359525,
    "gain_per_exposure_long": 21.590362652101827,
    "gain_per_exposure_short": 430.94363853595246,
    "loss_profit_ratio": 0.11340157537292504,
    "loss_profit_ratio_long": 0.11340157537292504,
    "loss_profit_ratio_short": 1.0,
    "loss_profit_ratio_w": 0.1292375387778527,
    "mdg": 0.0005073569890086762,
    "mdg_per_exposure_long": 0.00025418686824081973,
    "mdg_per_exposure_short": 0.005073569890086762,
    "mdg_w": 0.00030463192360005676,
    "mdg_w_per_exposure_long": 0.00015262120420844527,
    "mdg_w_per_exposure_short": 0.0030463192360005676,
    "omega_ratio": 4.037111030330672,
    "omega_ratio_w": 2.6131115939587097,
    "pnl_ratio_long_short": 1.0,
    "position_held_hours_max": 485.78333333333336,
    "position_held_hours_mean": 38.07841041303083,
    "position_held_hours_median": 18.558333333333334,
    "position_unchanged_hours_max": 389.56666666666666,
    "positions_held_per_day": 1.2552026286966047,
    "sharpe_ratio": 0.10408251031901708,
    "sharpe_ratio_w": 0.07815494269442028,
    "sortino_ratio": 0.11617344859254038,
    "sortino_ratio_w": 0.08165922222407165,
    "sterling_ratio": 0.019127318715675894,
    "sterling_ratio_w": 0.01026449128893812,
    "volume_pct_per_day_avg": 0.6028883073504085,
    "volume_pct_per_day_avg_w": 0.41845313437793064
}