{"config_name": "recursive_grid_1000SHIBUSDT_456days",
 "logging_level": 0,
 "long": {"auto_unstuck_delay_minutes": 2594.461170297658,
          "auto_unstuck_ema_dist": -0.031861551373193006,
          "auto_unstuck_qty_pct": 0.01,
          "auto_unstuck_wallet_exposure_threshold": 0.05219217334088495,
          "backwards_tp": false,
          "ddown_factor": 2.1795635014900183,
          "ema_span_0": 316.6039221836907,
          "ema_span_1": 437.81479722497903,
          "enabled": true,
          "initial_eprice_ema_dist": -0.1,
          "initial_qty_pct": 0.02,
          "markup_range": 0.03365438472126988,
          "min_markup": 0.007964603421976548,
          "n_close_orders": 5,
          "rentry_pprice_dist": 0.02162998982823818,
          "rentry_pprice_dist_wallet_exposure_weighting": 2.4120901726696857,
          "wallet_exposure_limit": 1.0},
 "short": {"auto_unstuck_delay_minutes": 1050.4725268725674,
           "auto_unstuck_ema_dist": -0.05435306791901935,
           "auto_unstuck_qty_pct": 0.02541571210854815,
           "auto_unstuck_wallet_exposure_threshold": 0.4230438460331134,
           "backwards_tp": true,
           "ddown_factor": 2.243877402583035,
           "ema_span_0": 813.8267108238911,
           "ema_span_1": 15.524843045693979,
           "enabled": false,
           "initial_eprice_ema_dist": -0.05941094748235068,
           "initial_qty_pct": 0.033389343249352665,
           "markup_range": 0.05350739685691175,
           "min_markup": 0.002691430913101296,
           "n_close_orders": 11,
           "rentry_pprice_dist": 0.03173741609667401,
           "rentry_pprice_dist_wallet_exposure_weighting": 15.667772645523533,
           "wallet_exposure_limit": 1.0}}