{"config_name": "recursive_grid_IOTAUSDT_456days",
 "logging_level": 0,
 "long": {"auto_unstuck_delay_minutes": 2800.0,
          "auto_unstuck_ema_dist": -0.03160272523398084,
          "auto_unstuck_qty_pct": 0.01,
          "auto_unstuck_wallet_exposure_threshold": 0.05084611882032027,
          "backwards_tp": false,
          "ddown_factor": 2.262895251535799,
          "ema_span_0": 210.25664328569292,
          "ema_span_1": 745.6703757091217,
          "enabled": true,
          "initial_eprice_ema_dist": -0.1,
          "initial_qty_pct": 0.02,
          "markup_range": 0.024061129804182565,
          "min_markup": 0.00328946969353104,
          "n_close_orders": 8,
          "rentry_pprice_dist": 0.02833839557599942,
          "rentry_pprice_dist_wallet_exposure_weighting": 2.2908404980690955,
          "wallet_exposure_limit": 1.0},
 "short": {"auto_unstuck_delay_minutes": 1325.7724665182898,
           "auto_unstuck_ema_dist": -0.031005201938045887,
           "auto_unstuck_qty_pct": 0.07936315651812269,
           "auto_unstuck_wallet_exposure_threshold": 0.7602445977497894,
           "backwards_tp": true,
           "ddown_factor": 0.33765925681267256,
           "ema_span_0": 1117.989247656943,
           "ema_span_1": 1074.6380601929839,
           "enabled": false,
           "initial_eprice_ema_dist": -0.022242869633753812,
           "initial_qty_pct": 0.021698767729452704,
           "markup_range": 0.02248958366049132,
           "min_markup": 0.005344282523153482,
           "n_close_orders": 11,
           "rentry_pprice_dist": 0.04748076994731507,
           "rentry_pprice_dist_wallet_exposure_weighting": 2.6586926317119297,
           "wallet_exposure_limit": 1.0}}