{"config_name": "recursive_grid_KNCUSDT_1268days",
 "logging_level": 0,
 "long": {"auto_unstuck_delay_minutes": 57.73119382749015,
          "auto_unstuck_ema_dist": -0.0029092600712773867,
          "auto_unstuck_qty_pct": 0.07116871804407421,
          "auto_unstuck_wallet_exposure_threshold": 0.057331693781229015,
          "backwards_tp": false,
          "ddown_factor": 1.6860621555027957,
          "ema_span_0": 591.6894939505571,
          "ema_span_1": 413.91471076534935,
          "enabled": true,
          "initial_eprice_ema_dist": 0.01,
          "initial_qty_pct": 0.001,
          "markup_range": 0.00814866528318768,
          "min_markup": 0.0037895549175008883,
          "n_close_orders": 6,
          "rentry_pprice_dist": 0.009031766345557884,
          "rentry_pprice_dist_wallet_exposure_weighting": 1.744468300084896,
          "wallet_exposure_limit": 1.0},
 "short": {"auto_unstuck_delay_minutes": 1359.8802329278865,
           "auto_unstuck_ema_dist": -0.09260379728515208,
           "auto_unstuck_qty_pct": 0.03610255836953609,
           "auto_unstuck_wallet_exposure_threshold": 0.21830962415728125,
           "backwards_tp": true,
           "ddown_factor": 0.5088719509183218,
           "ema_span_0": 894.3466792890637,
           "ema_span_1": 1230.509824681509,
           "enabled": false,
           "initial_eprice_ema_dist": -0.05314568266270535,
           "initial_qty_pct": 0.010910346061215383,
           "markup_range": 0.05819399246102925,
           "min_markup": 0.005436561269192833,
           "n_close_orders": 2,
           "rentry_pprice_dist": 0.045564312776864645,
           "rentry_pprice_dist_wallet_exposure_weighting": 14.213045121047582,
           "wallet_exposure_limit": 1.0}}