{"config_name": "recursive_grid_XLMUSDT_1422days",
 "logging_level": 0,
 "long": {"auto_unstuck_delay_minutes": 999.2959387248198,
          "auto_unstuck_ema_dist": -0.0013058362031612715,
          "auto_unstuck_qty_pct": 0.09514655334625197,
          "auto_unstuck_wallet_exposure_threshold": 0.07088375952847104,
          "backwards_tp": true,
          "ddown_factor": 1.0346839586353114,
          "ema_span_0": 390.3213382741108,
          "ema_span_1": 1400.1822424621457,
          "enabled": true,
          "initial_eprice_ema_dist": 0.01,
          "initial_qty_pct": 0.001,
          "markup_range": 0.011477084642208797,
          "min_markup": 0.003945056912452438,
          "n_close_orders": 3,
          "rentry_pprice_dist": 0.008416974340950654,
          "rentry_pprice_dist_wallet_exposure_weighting": 1.6146848831859897,
          "wallet_exposure_limit": 1.0},
 "short": {"auto_unstuck_delay_minutes": 863.279744032852,
           "auto_unstuck_ema_dist": -0.022711488370825372,
           "auto_unstuck_qty_pct": 0.07730312094705895,
           "auto_unstuck_wallet_exposure_threshold": 0.18026320161913995,
           "backwards_tp": true,
           "ddown_factor": 2.04690459011162,
           "ema_span_0": 859.1147186547832,
           "ema_span_1": 940.6127991041864,
           "enabled": false,
           "initial_eprice_ema_dist": -0.08124233472535144,
           "initial_qty_pct": 0.04546789397243683,
           "markup_range": 0.05135058321913971,
           "min_markup": 0.006381808124749669,
           "n_close_orders": 13,
           "rentry_pprice_dist": 0.03757667538748102,
           "rentry_pprice_dist_wallet_exposure_weighting": 19.050310651976126,
           "wallet_exposure_limit": 1.0}}