{
    "adg": 0.0009304336153077575,
    "adg_w": 0.00048718891334895706,
    "calmar_ratio": 0.01277303422780524,
    "calmar_ratio_w": 0.010965096088568113,
    "drawdown_worst": 0.07284358584762296,
    "drawdown_worst_mean_1pct": 0.04184709574441018,
    "equity_balance_diff_neg_max": 0.07282297515250079,
    "equity_balance_diff_neg_mean": 0.0006965856740430047,
    "equity_balance_diff_pos_max": 0.09246616335568221,
    "equity_balance_diff_pos_mean": 0.0003428269393505734,
    "equity_choppiness": 1.5466858746588155,
    "equity_choppiness_w": 1.8054482145837454,
    "equity_jerkiness": 0.002178056553756741,
    "equity_jerkiness_w": 0.0014624163984302229,
    "expected_shortfall_1pct": 0.03398223404434261,
    "exponential_fit_error": 0.023368332200117425,
    "exponential_fit_error_w": 0.002412792086414732,
    "gain": 4.477933469058122,
    "loss_profit_ratio": 0.041502180829653526,
    "loss_profit_ratio_long": 0.041502180829653526,
    "loss_profit_ratio_short": 1.0,
    "loss_profit_ratio_w": 0.025338629767906646,
    "mdg": 0.00017494240647064355,
    "mdg_w": 0.00012185812579984009,
    "omega_ratio": 5.720727556631195,
    "omega_ratio_w": 3.7509959499333974,
    "pnl_ratio_long_short": 1.0,
    "position_held_hours_max": 447.95,
    "position_held_hours_mean": 11.515176151761517,
    "position_held_hours_median": 2.591666666666667,
    "position_unchanged_hours_max": 185.76666666666668,
    "positions_held_per_day": 1.2208436724565757,
    "sharpe_ratio": 0.09772855403015855,
    "sharpe_ratio_w": 0.07669364631092968,
    "sortino_ratio": 0.13402983933263476,
    "sortino_ratio_w": 0.09219799400141421,
    "sterling_ratio": 0.022234126377385276,
    "sterling_ratio_w": 0.014700294515524584
}