{"config_name": "recursive_grid_NEARUSDT_1254days",
 "logging_level": 0,
 "long": {"auto_unstuck_delay_minutes": 1440,
          "auto_unstuck_ema_dist": 0.006212424733271876,
          "auto_unstuck_qty_pct": 0.01,
          "auto_unstuck_wallet_exposure_threshold": 0.0910377048716408,
          "backwards_tp": false,
          "ddown_factor": 0.8002101623183534,
          "ema_span_0": 1278.9087266555468,
          "ema_span_1": 407.13996383792914,
          "enabled": true,
          "initial_eprice_ema_dist": 0.004761349161255491,
          "initial_qty_pct": 0.05,
          "markup_range": 0.07999996694422899,
          "min_markup": 0.004125038318616352,
          "n_close_orders": 7,
          "rentry_pprice_dist": 0.04121352255160654,
          "rentry_pprice_dist_wallet_exposure_weighting": 0.5,
          "wallet_exposure_limit": 1.0},
 "short": {"auto_unstuck_delay_minutes": 1440,
           "auto_unstuck_ema_dist": -0.046127434066527084,
           "auto_unstuck_qty_pct": 0.02518346100093863,
           "auto_unstuck_wallet_exposure_threshold": 0.40732088903727653,
           "backwards_tp": true,
           "ddown_factor": 1.1135429533996837,
           "ema_span_0": 1108.0784499498218,
           "ema_span_1": 490.129841594696,
           "enabled": false,
           "initial_eprice_ema_dist": -0.0018603462221513656,
           "initial_qty_pct": 0.04403463143783939,
           "markup_range": 0.06,
           "min_markup": 0.009632931805931768,
           "n_close_orders": 10,
           "rentry_pprice_dist": 0.016633037366309507,
           "rentry_pprice_dist_wallet_exposure_weighting": 19.291970817018544,
           "wallet_exposure_limit": 1.0}}