{"config_name": "recursive_grid_XRPUSDT_1436days",
 "logging_level": 0,
 "long": {"auto_unstuck_delay_minutes": 894.2512380100559,
          "auto_unstuck_ema_dist": -0.009948412073103603,
          "auto_unstuck_qty_pct": 0.09985559487521758,
          "auto_unstuck_wallet_exposure_threshold": 0.06775829377871288,
          "backwards_tp": false,
          "ddown_factor": 1.7954119068842056,
          "ema_span_0": 75.43468927318881,
          "ema_span_1": 82.61531729973865,
          "enabled": true,
          "initial_eprice_ema_dist": 0.009999999290858704,
          "initial_qty_pct": 0.001,
          "markup_range": 0.019994604088437392,
          "min_markup": 0.00838533298410105,
          "n_close_orders": 6,
          "rentry_pprice_dist": 0.008109036355659969,
          "rentry_pprice_dist_wallet_exposure_weighting": 2.3159431559284736,
          "wallet_exposure_limit": 1.0},
 "short": {"auto_unstuck_delay_minutes": 864.6746810665622,
           "auto_unstuck_ema_dist": -0.08246935657667637,
           "auto_unstuck_qty_pct": 0.08589173770636814,
           "auto_unstuck_wallet_exposure_threshold": 0.14934609596555692,
           "backwards_tp": true,
           "ddown_factor": 0.6452949933663586,
           "ema_span_0": 1393.1178037197512,
           "ema_span_1": 119.41884367694718,
           "enabled": false,
           "initial_eprice_ema_dist": -0.06975839143962985,
           "initial_qty_pct": 0.04056374471564576,
           "markup_range": 0.01388224681979779,
           "min_markup": 0.0036174422029479924,
           "n_close_orders": 9,
           "rentry_pprice_dist": 0.01800301844034825,
           "rentry_pprice_dist_wallet_exposure_weighting": 3.3664921661498437,
           "wallet_exposure_limit": 1.0}}