{"config_name": "recursive_grid_ADAUSDT_1512days",
 "logging_level": 0,
 "long": {"auto_unstuck_delay_minutes": 1440,
          "auto_unstuck_ema_dist": -0.049053424086558085,
          "auto_unstuck_qty_pct": 0.01,
          "auto_unstuck_wallet_exposure_threshold": 0.05955320324247178,
          "backwards_tp": false,
          "ddown_factor": 2.2852390318658258,
          "ema_span_0": 581.8881673894493,
          "ema_span_1": 437.33262198026955,
          "enabled": true,
          "initial_eprice_ema_dist": 0.006716433969660228,
          "initial_qty_pct": 0.05,
          "markup_range": 0.034766983465118306,
          "min_markup": 0.0020134706760725415,
          "n_close_orders": 6,
          "rentry_pprice_dist": 0.07,
          "rentry_pprice_dist_wallet_exposure_weighting": 0.5129929838419991,
          "wallet_exposure_limit": 1.0},
 "short": {"auto_unstuck_delay_minutes": 641.1025600220926,
           "auto_unstuck_ema_dist": -0.08391659579523476,
           "auto_unstuck_qty_pct": 0.015309838616798454,
           "auto_unstuck_wallet_exposure_threshold": 0.7444776752900477,
           "backwards_tp": true,
           "ddown_factor": 1.8338784183748278,
           "ema_span_0": 379.7023313387854,
           "ema_span_1": 646.8723874404884,
           "enabled": false,
           "initial_eprice_ema_dist": -0.0016136160568158142,
           "initial_qty_pct": 0.03590862088960772,
           "markup_range": 0.02166345821623472,
           "min_markup": 0.0068355709718867915,
           "n_close_orders": 15,
           "rentry_pprice_dist": 0.03196560892686551,
           "rentry_pprice_dist_wallet_exposure_weighting": 7.522332557268738,
           "wallet_exposure_limit": 1.0}}