{"config_name": "recursive_grid_DOTUSDT_1207days",
 "logging_level": 0,
 "long": {"auto_unstuck_delay_minutes": 164.75394943582123,
          "auto_unstuck_ema_dist": 0.0040043782183135194,
          "auto_unstuck_qty_pct": 0.042838406880763825,
          "auto_unstuck_wallet_exposure_threshold": 0.08402652659662053,
          "backwards_tp": false,
          "ddown_factor": 1.001298218678811,
          "ema_span_0": 73.25877233004633,
          "ema_span_1": 756.4782560248042,
          "enabled": true,
          "initial_eprice_ema_dist": 0.01,
          "initial_qty_pct": 0.001,
          "markup_range": 0.013978715445849676,
          "min_markup": 0.008098343970690038,
          "n_close_orders": 3,
          "rentry_pprice_dist": 0.009991760214470836,
          "rentry_pprice_dist_wallet_exposure_weighting": 2.3465603956190666,
          "wallet_exposure_limit": 1.0},
 "short": {"auto_unstuck_delay_minutes": 610.656374597783,
           "auto_unstuck_ema_dist": -0.02875897428080089,
           "auto_unstuck_qty_pct": 0.09098172153589136,
           "auto_unstuck_wallet_exposure_threshold": 0.31305863777644505,
           "backwards_tp": true,
           "ddown_factor": 2.138658791254104,
           "ema_span_0": 484.8672892657964,
           "ema_span_1": 392.2257528686365,
           "enabled": false,
           "initial_eprice_ema_dist": -0.07355006290850506,
           "initial_qty_pct": 0.023782922282721823,
           "markup_range": 0.03333884658627816,
           "min_markup": 0.002624910716927666,
           "n_close_orders": 3,
           "rentry_pprice_dist": 0.036403375945021785,
           "rentry_pprice_dist_wallet_exposure_weighting": 11.352598757919242,
           "wallet_exposure_limit": 1.0}}