{
    "adg": 0.004300047842061838,
    "adg_w": 0.007542791817614103,
    "calmar_ratio": 0.014877184216624163,
    "calmar_ratio_w": 0.027286323597355888,
    "drawdown_worst": 0.2890364049708311,
    "drawdown_worst_mean_1pct": 0.14788539080112303,
    "equity_balance_diff_neg_max": 0.3106902407691791,
    "equity_balance_diff_neg_mean": 0.00210052280457964,
    "equity_balance_diff_pos_max": 0.4897057590717127,
    "equity_balance_diff_pos_mean": 0.015360327742611276,
    "equity_choppiness": 1.4932385896142548,
    "equity_choppiness_w": 1.4870716118270364,
    "equity_jerkiness": 0.008837986868606705,
    "equity_jerkiness_w": 0.016996009764230796,
    "expected_shortfall_1pct": 0.12846963580394744,
    "exponential_fit_error": 0.2571918794974315,
    "exponential_fit_error_w": 0.07597712627609443,
    "gain": 1659.9663431984625,
    "loss_profit_ratio": 0.0040352517170101874,
    "loss_profit_ratio_long": 0.0040352517170101874,
    "loss_profit_ratio_short": 1.0,
    "loss_profit_ratio_w": 0.004456065049084966,
    "mdg": 0.0004856395828971127,
    "mdg_w": 0.0018475426970000833,
    "omega_ratio": 7.7975329042842665,
    "omega_ratio_w": 5.993233580321421,
    "pnl_ratio_long_short": 1.0,
    "position_held_hours_max": 420.8666666666667,
    "position_held_hours_mean": 2.6645305299539173,
    "position_held_hours_median": 0.15,
    "position_unchanged_hours_max": 328.2,
    "positions_held_per_day": 16.074074074074073,
    "sharpe_ratio": 0.10203156574184927,
    "sharpe_ratio_w": 0.1395509260254911,
    "sortino_ratio": 0.17021675986798776,
    "sortino_ratio_w": 0.20053898178748725,
    "sterling_ratio": 0.029076894064840812,
    "sterling_ratio_w": 0.035571233859695496
}