{"config_name": "recursive_grid_ICXUSDT_456days",
 "logging_level": 0,
 "long": {"auto_unstuck_delay_minutes": 2797.3916949886934,
          "auto_unstuck_ema_dist": -0.049946704049150796,
          "auto_unstuck_qty_pct": 0.01,
          "auto_unstuck_wallet_exposure_threshold": 0.05482843191494125,
          "backwards_tp": false,
          "ddown_factor": 2.3,
          "ema_span_0": 699.9329816571495,
          "ema_span_1": 798.6636598809607,
          "enabled": true,
          "initial_eprice_ema_dist": -0.1,
          "initial_qty_pct": 0.02,
          "markup_range": 0.039379788354171066,
          "min_markup": 0.003,
          "n_close_orders": 6,
          "rentry_pprice_dist": 0.029934968380936695,
          "rentry_pprice_dist_wallet_exposure_weighting": 2.4279466955265616,
          "wallet_exposure_limit": 1.0},
 "short": {"auto_unstuck_delay_minutes": 1128.8235761192327,
           "auto_unstuck_ema_dist": -0.07691727369983853,
           "auto_unstuck_qty_pct": 0.09891744300143913,
           "auto_unstuck_wallet_exposure_threshold": 0.7123236905933715,
           "backwards_tp": true,
           "ddown_factor": 1.2111893559687257,
           "ema_span_0": 1354.4617877400556,
           "ema_span_1": 1292.8917803092552,
           "enabled": false,
           "initial_eprice_ema_dist": -0.09526941529571765,
           "initial_qty_pct": 0.01737081549679818,
           "markup_range": 0.019251020232476025,
           "min_markup": 0.0019663382354289318,
           "n_close_orders": 7,
           "rentry_pprice_dist": 0.03303601825997212,
           "rentry_pprice_dist_wallet_exposure_weighting": 3.7105151718676166,
           "wallet_exposure_limit": 1.0}}