{
    "adg": 0.0026819799866784066,
    "adg_per_exposure_long": 0.0019448730867863717,
    "adg_per_exposure_short": 0.0026819799866784066,
    "adg_w": 0.0012689913820795428,
    "adg_w_per_exposure_long": 0.0009202258028133015,
    "adg_w_per_exposure_short": 0.0012689913820795428,
    "calmar_ratio": 0.007617428893197456,
    "calmar_ratio_w": 0.009313783602113676,
    "drawdown_worst": 0.35208467637597224,
    "drawdown_worst_mean_1pct": 0.12653738788773808,
    "equity_balance_diff_neg_max": 0.3758845116249765,
    "equity_balance_diff_neg_mean": 0.0006927737068097342,
    "equity_balance_diff_pos_max": 0.12879579568847124,
    "equity_balance_diff_pos_mean": 0.0004649875749344047,
    "equity_choppiness": 1.85566358942705,
    "equity_choppiness_w": 2.426416067295201,
    "equity_jerkiness": 0.005407346298553354,
    "equity_jerkiness_w": 0.004194317520626305,
    "expected_shortfall_1pct": 0.10829545258322476,
    "exponential_fit_error": 0.39996530229310273,
    "exponential_fit_error_w": 0.042118590584538124,
    "gain": 120.49876740385825,
    "gain_per_exposure_long": 87.38126715290663,
    "gain_per_exposure_short": 120.49876740385825,
    "loss_profit_ratio": 0.2762568989224136,
    "loss_profit_ratio_long": 0.2762568989224136,
    "loss_profit_ratio_short": 1.0,
    "loss_profit_ratio_w": 0.4141337101052079,
    "mdg": 0.0003499466601116812,
    "mdg_per_exposure_long": 0.0002537684264769262,
    "mdg_per_exposure_short": 0.0003499466601116812,
    "mdg_w": 0.00034213316447352676,
    "mdg_w_per_exposure_long": 0.00024810236727594397,
    "mdg_w_per_exposure_short": 0.00034213316447352676,
    "omega_ratio": 6.614686251421266,
    "omega_ratio_w": 3.0889309793819657,
    "pnl_ratio_long_short": 1.0,
    "position_held_hours_max": 325.2,
    "position_held_hours_mean": 7.550082904009001,
    "position_held_hours_median": 1.2,
    "position_unchanged_hours_max": 227.35,
    "positions_held_per_day": 3.146450531022918,
    "sharpe_ratio": 0.08498423262574832,
    "sharpe_ratio_w": 0.06271609167513915,
    "sortino_ratio": 0.12515203123304175,
    "sortino_ratio_w": 0.07604108518896636,
    "sterling_ratio": 0.021195158454336168,
    "sterling_ratio_w": 0.011802009968110014,
    "volume_pct_per_day_avg": 0.5524373995662554,
    "volume_pct_per_day_avg_w": 0.46972075304982475
}