{"config_name": "recursive_grid_ATOMUSDT_1504days",
 "logging_level": 0,
 "long": {"auto_unstuck_delay_minutes": 1348.1823891711365,
          "auto_unstuck_ema_dist": -0.0499163450241033,
          "auto_unstuck_qty_pct": 0.01,
          "auto_unstuck_wallet_exposure_threshold": 0.09960534526097763,
          "backwards_tp": false,
          "ddown_factor": 0.8,
          "ema_span_0": 1248.3148727226396,
          "ema_span_1": 401.0978131543409,
          "enabled": true,
          "initial_eprice_ema_dist": 0.009999868748500984,
          "initial_qty_pct": 0.05,
          "markup_range": 0.08,
          "min_markup": 0.004638537279188718,
          "n_close_orders": 7,
          "rentry_pprice_dist": 0.0533060928394527,
          "rentry_pprice_dist_wallet_exposure_weighting": 4.836634192791711,
          "wallet_exposure_limit": 1.0},
 "short": {"auto_unstuck_delay_minutes": 289.80398994186015,
           "auto_unstuck_ema_dist": -0.06078359712329179,
           "auto_unstuck_qty_pct": 0.09630728326717292,
           "auto_unstuck_wallet_exposure_threshold": 0.3801808640384954,
           "backwards_tp": true,
           "ddown_factor": 2.902868391213572,
           "ema_span_0": 1178.2100724873126,
           "ema_span_1": 1232.641839071102,
           "enabled": false,
           "initial_eprice_ema_dist": -0.06713588844339796,
           "initial_qty_pct": 0.04818355356789021,
           "markup_range": 0.041071323518888016,
           "min_markup": 0.001205308720127794,
           "n_close_orders": 4,
           "rentry_pprice_dist": 0.04465537973546456,
           "rentry_pprice_dist_wallet_exposure_weighting": 19.20009036320716,
           "wallet_exposure_limit": 1.0}}