{
    "adg": 0.012247156084090216,
    "adg_w": 0.012797856260020368,
    "calmar_ratio": 0.03552804407871758,
    "calmar_ratio_w": 0.052366139746562734,
    "drawdown_worst": 0.34471799395865554,
    "drawdown_worst_mean_1pct": 0.2399669142773669,
    "equity_balance_diff_neg_max": 0.35106193750819636,
    "equity_balance_diff_neg_mean": 0.006726370849647185,
    "equity_balance_diff_pos_max": 0.35531478181225223,
    "equity_balance_diff_pos_mean": 0.045823088719089466,
    "equity_choppiness": 1.5171013958216133,
    "equity_choppiness_w": 1.5422330969876523,
    "equity_jerkiness": 0.026418237271023787,
    "equity_jerkiness_w": 0.03183897872375287,
    "expected_shortfall_1pct": 0.23163668314661318,
    "exponential_fit_error": 0.11740529765777863,
    "exponential_fit_error_w": 0.03030706251450086,
    "gain": 370.9118685650794,
    "loss_profit_ratio": 0.0014486311817398377,
    "loss_profit_ratio_long": 0.0014486311817398377,
    "loss_profit_ratio_short": 1.0,
    "loss_profit_ratio_w": 0.001910304632372712,
    "mdg": 0.003304663600070877,
    "mdg_w": 0.004186902582225977,
    "omega_ratio": 6.831365948198625,
    "omega_ratio_w": 5.081575012977282,
    "pnl_ratio_long_short": 1.0,
    "position_held_hours_max": 225.23333333333332,
    "position_held_hours_mean": 2.0420265098478483,
    "position_held_hours_median": 0.13333333333333333,
    "position_unchanged_hours_max": 225.23333333333332,
    "positions_held_per_day": 36.73868312757202,
    "sharpe_ratio": 0.15771276074492743,
    "sharpe_ratio_w": 0.15870076073648895,
    "sortino_ratio": 0.2498862771912208,
    "sortino_ratio_w": 0.21615188471337882,
    "sterling_ratio": 0.05103685281352696,
    "sterling_ratio_w": 0.05467371998230337
}