{"config_name": "recursive_grid_HBARUSDT_1000days",
 "logging_level": 0,
 "long": {"auto_unstuck_delay_minutes": 1.0,
          "auto_unstuck_ema_dist": -0.009510223529813068,
          "auto_unstuck_qty_pct": 0.016911098712331818,
          "auto_unstuck_wallet_exposure_threshold": 0.06733451426571946,
          "backwards_tp": false,
          "ddown_factor": 1.9889710385101378,
          "ema_span_0": 902.3156990006624,
          "ema_span_1": 526.8628331801951,
          "enabled": true,
          "initial_eprice_ema_dist": 0.009921557217162572,
          "initial_qty_pct": 0.001,
          "markup_range": 0.0050321697015591705,
          "min_markup": 0.009,
          "n_close_orders": 9,
          "rentry_pprice_dist": 0.009999965098762068,
          "rentry_pprice_dist_wallet_exposure_weighting": 1.2728814441337515,
          "wallet_exposure_limit": 1.0},
 "short": {"auto_unstuck_delay_minutes": 123.05554113134649,
           "auto_unstuck_ema_dist": -0.07225883432172736,
           "auto_unstuck_qty_pct": 0.06876114669166239,
           "auto_unstuck_wallet_exposure_threshold": 0.6879373060411386,
           "backwards_tp": true,
           "ddown_factor": 2.896498448532013,
           "ema_span_0": 1033.994515685391,
           "ema_span_1": 1009.9571990054867,
           "enabled": false,
           "initial_eprice_ema_dist": -0.05219943795268913,
           "initial_qty_pct": 0.016151840237290962,
           "markup_range": 0.01924439442439313,
           "min_markup": 0.004393134044822758,
           "n_close_orders": 15,
           "rentry_pprice_dist": 0.02482592651368456,
           "rentry_pprice_dist_wallet_exposure_weighting": 3.5019507147600093,
           "wallet_exposure_limit": 1.0}}