{"config_name": "recursive_grid_GRTUSDT_456days",
 "logging_level": 0,
 "long": {"auto_unstuck_delay_minutes": 1663.15211897903,
          "auto_unstuck_ema_dist": -0.03662690200404544,
          "auto_unstuck_qty_pct": 0.01,
          "auto_unstuck_wallet_exposure_threshold": 0.04209123055269345,
          "backwards_tp": false,
          "ddown_factor": 2.0888083730366946,
          "ema_span_0": 700.0,
          "ema_span_1": 444.60191314655174,
          "enabled": true,
          "initial_eprice_ema_dist": -0.1,
          "initial_qty_pct": 0.02,
          "markup_range": 0.05,
          "min_markup": 0.003,
          "n_close_orders": 8,
          "rentry_pprice_dist": 0.03,
          "rentry_pprice_dist_wallet_exposure_weighting": 2.0,
          "wallet_exposure_limit": 1.0},
 "short": {"auto_unstuck_delay_minutes": 1213.7107457598388,
           "auto_unstuck_ema_dist": -0.003692040051115772,
           "auto_unstuck_qty_pct": 0.0859769902025373,
           "auto_unstuck_wallet_exposure_threshold": 0.46173107401785074,
           "backwards_tp": true,
           "ddown_factor": 0.7130563816325308,
           "ema_span_0": 163.6949884847067,
           "ema_span_1": 824.8326123035356,
           "enabled": false,
           "initial_eprice_ema_dist": -0.02721310760879188,
           "initial_qty_pct": 0.036042359977906155,
           "markup_range": 0.0031286625531726673,
           "min_markup": 0.005175569402180839,
           "n_close_orders": 10,
           "rentry_pprice_dist": 0.03901414994863602,
           "rentry_pprice_dist_wallet_exposure_weighting": 9.230881375184062,
           "wallet_exposure_limit": 1.0}}