{"config_name": "recursive_grid_ICXUSDT_1183days",
 "logging_level": 0,
 "long": {"auto_unstuck_delay_minutes": 1029.1109592085968,
          "auto_unstuck_ema_dist": 0.00037941735317918935,
          "auto_unstuck_qty_pct": 0.061665806423642874,
          "auto_unstuck_wallet_exposure_threshold": 0.058264539163304936,
          "backwards_tp": false,
          "ddown_factor": 1.0637777451855508,
          "ema_span_0": 153.6215113461878,
          "ema_span_1": 219.5205243086139,
          "enabled": true,
          "initial_eprice_ema_dist": 0.008590195719830229,
          "initial_qty_pct": 0.001,
          "markup_range": 0.013699427665730218,
          "min_markup": 0.003890136067021533,
          "n_close_orders": 4,
          "rentry_pprice_dist": 0.01,
          "rentry_pprice_dist_wallet_exposure_weighting": 2.4310829481947414,
          "wallet_exposure_limit": 1.0},
 "short": {"auto_unstuck_delay_minutes": 966.9611194575684,
           "auto_unstuck_ema_dist": -0.06389739403374499,
           "auto_unstuck_qty_pct": 0.03765688928282807,
           "auto_unstuck_wallet_exposure_threshold": 0.6612249708046425,
           "backwards_tp": true,
           "ddown_factor": 0.9032130297303324,
           "ema_span_0": 821.8403568196861,
           "ema_span_1": 673.9891512510125,
           "enabled": false,
           "initial_eprice_ema_dist": -0.023478545007516283,
           "initial_qty_pct": 0.0483683606064811,
           "markup_range": 0.04390630346936785,
           "min_markup": 0.0017318531350127338,
           "n_close_orders": 8,
           "rentry_pprice_dist": 0.03852378034859486,
           "rentry_pprice_dist_wallet_exposure_weighting": 15.745157657871056,
           "wallet_exposure_limit": 1.0}}