{
    "adg": 0.009432125494212684,
    "adg_w": 0.008985457317090929,
    "calmar_ratio": 0.01339041343979817,
    "calmar_ratio_w": 0.0157726837250754,
    "drawdown_worst": 0.7043938961719506,
    "drawdown_worst_mean_1pct": 0.43307642608283464,
    "equity_balance_diff_neg_max": 0.7310600074691688,
    "equity_balance_diff_neg_mean": 0.014389621973850053,
    "equity_balance_diff_pos_max": 0.07366200126680025,
    "equity_balance_diff_pos_mean": 0.0002280784861481672,
    "equity_choppiness": 2.2848057078652566,
    "equity_choppiness_w": 2.5101719297018876,
    "equity_jerkiness": 0.024217532743539945,
    "equity_jerkiness_w": 0.027075536764811125,
    "expected_shortfall_1pct": 0.3657232036079438,
    "exponential_fit_error": 1.6953349182937978,
    "exponential_fit_error_w": 0.2055001455539419,
    "gain": 27849993.170900397,
    "loss_profit_ratio": 0.30665207872613254,
    "loss_profit_ratio_long": 0.30665207872613254,
    "loss_profit_ratio_short": 1.0,
    "loss_profit_ratio_w": 0.30249706715761887,
    "mdg": 0.005795994535505195,
    "mdg_w": 0.006285451680752246,
    "omega_ratio": 3.384114130931992,
    "omega_ratio_w": 2.8364239053996423,
    "pnl_ratio_long_short": 1.0,
    "position_held_hours_max": 423.9,
    "position_held_hours_mean": 1.7835892566573075,
    "position_held_hours_median": 0.38333333333333336,
    "position_unchanged_hours_max": 138.78333333333333,
    "positions_held_per_day": 47.006024096385545,
    "sharpe_ratio": 0.06833429165144,
    "sharpe_ratio_w": 0.09832590786989001,
    "sortino_ratio": 0.11233785258759778,
    "sortino_ratio_w": 0.10608759446649926,
    "sterling_ratio": 0.021779355619806005,
    "sterling_ratio_w": 0.020452008627984592
}