{"config_name": "recursive_grid_VETUSDT_1397days",
 "logging_level": 0,
 "long": {"auto_unstuck_delay_minutes": 291.21679404922804,
          "auto_unstuck_ema_dist": -0.0071320858451262145,
          "auto_unstuck_qty_pct": 0.08855387209175357,
          "auto_unstuck_wallet_exposure_threshold": 0.07317305277673777,
          "backwards_tp": false,
          "ddown_factor": 1.018115458734716,
          "ema_span_0": 680.0629399335168,
          "ema_span_1": 838.5291312354823,
          "enabled": true,
          "initial_eprice_ema_dist": 0.006757043698115924,
          "initial_qty_pct": 0.001,
          "markup_range": 0.005011843980353679,
          "min_markup": 0.0041475408671794835,
          "n_close_orders": 7,
          "rentry_pprice_dist": 0.00757398437095352,
          "rentry_pprice_dist_wallet_exposure_weighting": 1.9994787318862233,
          "wallet_exposure_limit": 1.0},
 "short": {"auto_unstuck_delay_minutes": 285.5501323414677,
           "auto_unstuck_ema_dist": 0.002484328731244753,
           "auto_unstuck_qty_pct": 0.027038613873922056,
           "auto_unstuck_wallet_exposure_threshold": 0.7606911818134571,
           "backwards_tp": true,
           "ddown_factor": 2.1543948877493295,
           "ema_span_0": 157.45198547568208,
           "ema_span_1": 359.8814765999392,
           "enabled": false,
           "initial_eprice_ema_dist": -0.025357075861980855,
           "initial_qty_pct": 0.018914266554421428,
           "markup_range": 0.05370878599188297,
           "min_markup": 0.004452095275970201,
           "n_close_orders": 5,
           "rentry_pprice_dist": 0.005699851748617139,
           "rentry_pprice_dist_wallet_exposure_weighting": 17.928531792121948,
           "wallet_exposure_limit": 1.0}}