{"config_name": "recursive_grid_DUSKUSDT_815days",
 "logging_level": 0,
 "long": {"auto_unstuck_delay_minutes": 1251.892089859748,
          "auto_unstuck_ema_dist": 0.0,
          "auto_unstuck_qty_pct": 0.01,
          "auto_unstuck_wallet_exposure_threshold": 0.05074447806272244,
          "backwards_tp": false,
          "ddown_factor": 0.7863597047973478,
          "ema_span_0": 653.0593632119719,
          "ema_span_1": 674.5095902000115,
          "enabled": true,
          "initial_eprice_ema_dist": 0.0073661052909515514,
          "initial_qty_pct": 0.02723838411912049,
          "markup_range": 0.05453049629732671,
          "min_markup": 0.014297109275569517,
          "n_close_orders": 6,
          "rentry_pprice_dist": 0.04923042675163912,
          "rentry_pprice_dist_wallet_exposure_weighting": 0.09267864998955636,
          "wallet_exposure_limit": 1.0},
 "short": {"auto_unstuck_delay_minutes": 0.0,
           "auto_unstuck_ema_dist": 0.0,
           "auto_unstuck_qty_pct": 0.0,
           "auto_unstuck_wallet_exposure_threshold": 0.0,
           "backwards_tp": true,
           "ddown_factor": 0.4055019161676249,
           "ema_span_0": 1281.5256507843242,
           "ema_span_1": 1367.7343413186072,
           "enabled": false,
           "initial_eprice_ema_dist": -0.00822672040418368,
           "initial_qty_pct": 0.008091421611639175,
           "markup_range": 0.009162218114130365,
           "min_markup": 0.009552629312972145,
           "n_close_orders": 3,
           "rentry_pprice_dist": 0.03584556968681364,
           "rentry_pprice_dist_wallet_exposure_weighting": 0.09281774400222498,
           "wallet_exposure_limit": 1.0}}