{
    "adg": 0.0038971687135875843,
    "adg_per_exposure_long": 0.0012144495835424071,
    "adg_per_exposure_short": 0.0038971687135875843,
    "adg_w": 0.0029691209519805417,
    "adg_w_per_exposure_long": 0.0009252480373887634,
    "adg_w_per_exposure_short": 0.0029691209519805417,
    "calmar_ratio": 0.012689048722421685,
    "calmar_ratio_w": 0.01700394345567405,
    "drawdown_worst": 0.3071285167895404,
    "drawdown_worst_mean_1pct": 0.13645673523858423,
    "equity_balance_diff_neg_max": 0.27311891793401233,
    "equity_balance_diff_neg_mean": 0.0025627467500856974,
    "equity_balance_diff_pos_max": 0.5659772435363281,
    "equity_balance_diff_pos_mean": 0.0028494373628785608,
    "equity_choppiness": 1.949763980847008,
    "equity_choppiness_w": 1.8805999598192478,
    "equity_jerkiness": 0.01062708108945975,
    "equity_jerkiness_w": 0.008865645231406151,
    "expected_shortfall_1pct": 0.09178673584426048,
    "exponential_fit_error": 0.37711376178234196,
    "exponential_fit_error_w": 0.047698080771550265,
    "gain": 807.539527071675,
    "gain_per_exposure_long": 251.64834125013243,
    "gain_per_exposure_short": 807.539527071675,
    "loss_profit_ratio": 0.22789525054933066,
    "loss_profit_ratio_long": 0.22789525054933066,
    "loss_profit_ratio_short": 1.0,
    "loss_profit_ratio_w": 0.21894039442930513,
    "mdg": 0.0001936451824992511,
    "mdg_per_exposure_long": 6.0344400903474945e-05,
    "mdg_per_exposure_short": 0.0001936451824992511,
    "mdg_w": 3.581909538975687e-05,
    "mdg_w_per_exposure_long": 1.1162073976240844e-05,
    "mdg_w_per_exposure_short": 3.581909538975687e-05,
    "omega_ratio": 4.5904540027806675,
    "omega_ratio_w": 3.733607063646967,
    "pnl_ratio_long_short": 1.0,
    "position_held_hours_max": 398.6,
    "position_held_hours_mean": 14.059174364237656,
    "position_held_hours_median": 5.133333333333334,
    "position_unchanged_hours_max": 322.8666666666667,
    "positions_held_per_day": 1.6984311446833236,
    "sharpe_ratio": 0.07573501738016943,
    "sharpe_ratio_w": 0.08430354524001307,
    "sortino_ratio": 0.22377375160075533,
    "sortino_ratio_w": 0.16126398404899478,
    "sterling_ratio": 0.028559738782945973,
    "sterling_ratio_w": 0.022423555905425392,
    "volume_pct_per_day_avg": 0.5175230715829062,
    "volume_pct_per_day_avg_w": 0.4552294478022982
}