{
    "adg": 0.0074158294135300284,
    "adg_w": 0.007445946881162268,
    "calmar_ratio": 0.012449594178805813,
    "calmar_ratio_w": 0.018887472307166427,
    "drawdown_worst": 0.595668365331517,
    "drawdown_worst_mean_1pct": 0.3270156271147455,
    "equity_balance_diff_neg_max": 0.6307768784777986,
    "equity_balance_diff_neg_mean": 0.010652066929872115,
    "equity_balance_diff_pos_max": 0.06333159777203283,
    "equity_balance_diff_pos_mean": 0.0001854123640281066,
    "equity_choppiness": 2.1395010114432935,
    "equity_choppiness_w": 2.303846936241226,
    "equity_jerkiness": 0.01813518661094541,
    "equity_jerkiness_w": 0.020806010845040173,
    "expected_shortfall_1pct": 0.2723006888693604,
    "exponential_fit_error": 0.7647265751002211,
    "exponential_fit_error_w": 0.1001026823647159,
    "gain": 723127.8853332157,
    "loss_profit_ratio": 0.2937671028215077,
    "loss_profit_ratio_long": 0.2937671028215077,
    "loss_profit_ratio_short": 1.0,
    "loss_profit_ratio_w": 0.28854525664646474,
    "mdg": 0.004415061165415998,
    "mdg_w": 0.004772805862972579,
    "omega_ratio": 3.5203912263072756,
    "omega_ratio_w": 3.0267943291186783,
    "pnl_ratio_long_short": 1.0,
    "position_held_hours_max": 305.68333333333334,
    "position_held_hours_mean": 1.7828202861120483,
    "position_held_hours_median": 0.38333333333333336,
    "position_unchanged_hours_max": 138.78333333333333,
    "positions_held_per_day": 47.073932092004384,
    "sharpe_ratio": 0.11646911342878241,
    "sharpe_ratio_w": 0.12929568440360684,
    "sortino_ratio": 0.11719894091872045,
    "sortino_ratio_w": 0.12379155062921912,
    "sterling_ratio": 0.022677293678469716,
    "sterling_ratio_w": 0.023230486378736922
}