{"config_name": "recursive_grid_COMPUSDT_1260days",
 "logging_level": 0,
 "long": {"auto_unstuck_delay_minutes": 1035.9918341580362,
          "auto_unstuck_ema_dist": -0.009720766118973092,
          "auto_unstuck_qty_pct": 0.09733437836957105,
          "auto_unstuck_wallet_exposure_threshold": 0.08748142058851867,
          "backwards_tp": false,
          "ddown_factor": 1.8282573908067206,
          "ema_span_0": 191.04421547132952,
          "ema_span_1": 1080.8083789425368,
          "enabled": true,
          "initial_eprice_ema_dist": 0.0018093771430635803,
          "initial_qty_pct": 0.001,
          "markup_range": 0.005019737158409691,
          "min_markup": 0.0030798425933650786,
          "n_close_orders": 7,
          "rentry_pprice_dist": 0.00853917998034201,
          "rentry_pprice_dist_wallet_exposure_weighting": 1.4019538942059036,
          "wallet_exposure_limit": 1.0},
 "short": {"auto_unstuck_delay_minutes": 1037.962327144276,
           "auto_unstuck_ema_dist": -0.02720908022700129,
           "auto_unstuck_qty_pct": 0.01440762764886011,
           "auto_unstuck_wallet_exposure_threshold": 0.4851200931996207,
           "backwards_tp": true,
           "ddown_factor": 1.3263755169948228,
           "ema_span_0": 548.9443248584346,
           "ema_span_1": 132.80705543481315,
           "enabled": false,
           "initial_eprice_ema_dist": -0.07059642132017013,
           "initial_qty_pct": 0.0223009252792835,
           "markup_range": 0.03989779750955501,
           "min_markup": 0.005093202832254895,
           "n_close_orders": 4,
           "rentry_pprice_dist": 0.03250558741966452,
           "rentry_pprice_dist_wallet_exposure_weighting": 13.46234776043631,
           "wallet_exposure_limit": 1.0}}