{
    "adg": 0.017936554484451417,
    "adg_per_exposure_long": 0.008171551017973311,
    "adg_per_exposure_short": 0.017936554484451417,
    "adg_w": 0.01087137999881289,
    "adg_w_per_exposure_long": 0.004952792710165326,
    "adg_w_per_exposure_short": 0.01087137999881289,
    "calmar_ratio": 0.2216865973295111,
    "calmar_ratio_w": 0.25592910755440756,
    "drawdown_worst": 0.08090951234995426,
    "drawdown_worst_mean_1pct": 0.08090951234995426,
    "equity_balance_diff_neg_max": 0.09913972347356934,
    "equity_balance_diff_neg_mean": 0.002118702681290438,
    "equity_balance_diff_pos_max": 0.08933261783524923,
    "equity_balance_diff_pos_mean": 0.0011150222703678629,
    "equity_choppiness": 1.2336825551256565,
    "equity_choppiness_w": 1.2000991761659374,
    "equity_jerkiness": 0.02085366176664308,
    "equity_jerkiness_w": 0.013567081833317793,
    "expected_shortfall_1pct": 0.08084530681578926,
    "exponential_fit_error": 0.03253248984134113,
    "exponential_fit_error_w": 0.0035733219951285004,
    "gain": 23.674806466927897,
    "gain_per_exposure_long": 10.785788823201777,
    "gain_per_exposure_short": 23.674806466927897,
    "loss_profit_ratio": 0.2202730051567057,
    "loss_profit_ratio_long": 0.2202730051567057,
    "loss_profit_ratio_short": 1.0,
    "loss_profit_ratio_w": 0.2567496754808315,
    "mdg": 0.01262942480400415,
    "mdg_per_exposure_long": 0.005753724284284351,
    "mdg_per_exposure_short": 0.01262942480400415,
    "mdg_w": 0.00842551954019596,
    "mdg_w_per_exposure_long": 0.003838505485282898,
    "mdg_w_per_exposure_short": 0.00842551954019596,
    "omega_ratio": 13.827885272618605,
    "omega_ratio_w": 17.435704596704426,
    "pnl_ratio_long_short": 1.0,
    "position_held_hours_max": 67.35,
    "position_held_hours_mean": 4.7096821877309685,
    "position_held_hours_median": 2.3333333333333335,
    "position_unchanged_hours_max": 39.21666666666667,
    "positions_held_per_day": 5.067415730337078,
    "sharpe_ratio": 0.5377257832886306,
    "sharpe_ratio_w": 0.47384074053038894,
    "sortino_ratio": 0.775069917724385,
    "sortino_ratio_w": 0.568515171420413,
    "sterling_ratio": 0.2216865973295111,
    "sterling_ratio_w": 0.25592910755440756,
    "volume_pct_per_day_avg": 4.003817978669748,
    "volume_pct_per_day_avg_w": 2.765986280927783
}