{"config_name": "recursive_grid_DOTUSDT_1207days",
 "logging_level": 0,
 "long": {"auto_unstuck_delay_minutes": 388.421431518131,
          "auto_unstuck_ema_dist": -0.008000683478120623,
          "auto_unstuck_qty_pct": 0.011054736425594456,
          "auto_unstuck_wallet_exposure_threshold": 0.09535874583954879,
          "backwards_tp": false,
          "ddown_factor": 1.001376448574442,
          "ema_span_0": 831.2878563515056,
          "ema_span_1": 1322.6907248375069,
          "enabled": true,
          "initial_eprice_ema_dist": 0.009344647791646402,
          "initial_qty_pct": 0.001,
          "markup_range": 0.019879088792292037,
          "min_markup": 0.007111404673528342,
          "n_close_orders": 3,
          "rentry_pprice_dist": 0.009986780628110063,
          "rentry_pprice_dist_wallet_exposure_weighting": 2.430219310818123,
          "wallet_exposure_limit": 1.0},
 "short": {"auto_unstuck_delay_minutes": 584.341128170365,
           "auto_unstuck_ema_dist": -0.07451938151509072,
           "auto_unstuck_qty_pct": 0.017224883782576278,
           "auto_unstuck_wallet_exposure_threshold": 0.3507201176196988,
           "backwards_tp": true,
           "ddown_factor": 1.6741027291942374,
           "ema_span_0": 490.8948774275413,
           "ema_span_1": 1244.713380147269,
           "enabled": false,
           "initial_eprice_ema_dist": -0.003143961729183159,
           "initial_qty_pct": 0.038611690006473375,
           "markup_range": 0.01946444904490934,
           "min_markup": 0.0027003283127287423,
           "n_close_orders": 14,
           "rentry_pprice_dist": 0.03777668209557285,
           "rentry_pprice_dist_wallet_exposure_weighting": 7.796639723294721,
           "wallet_exposure_limit": 1.0}}