{
    "adg": 0.0038456834088347325,
    "adg_w": 0.0035374341703681145,
    "calmar_ratio": 0.013584955659430908,
    "calmar_ratio_w": 0.014412551441799159,
    "drawdown_worst": 0.2830839868192719,
    "drawdown_worst_mean_1pct": 0.13097720610704397,
    "equity_balance_diff_neg_max": 0.28813937133845735,
    "equity_balance_diff_neg_mean": 0.001759428309586785,
    "equity_balance_diff_pos_max": 0.1943851065781877,
    "equity_balance_diff_pos_mean": 0.0005587420221548759,
    "equity_choppiness": 1.256521712205346,
    "equity_choppiness_w": 1.3458455549622885,
    "equity_jerkiness": 0.007254553130771977,
    "equity_jerkiness_w": 0.007392135331735712,
    "expected_shortfall_1pct": 0.1240351346878492,
    "exponential_fit_error": 0.12497093192643084,
    "exponential_fit_error_w": 0.01755118206901051,
    "gain": 486.55598279370787,
    "loss_profit_ratio": 0.005852004468553407,
    "loss_profit_ratio_long": 0.005852004468553407,
    "loss_profit_ratio_short": 1.0,
    "loss_profit_ratio_w": 0.0045024262366914385,
    "mdg": 0.0009616017082288149,
    "mdg_w": 0.0009368112320801093,
    "omega_ratio": 10.105611308189768,
    "omega_ratio_w": 9.266965773153895,
    "pnl_ratio_long_short": 1.0,
    "position_held_hours_max": 236.7,
    "position_held_hours_mean": 4.054128919086953,
    "position_held_hours_median": 0.6,
    "position_unchanged_hours_max": 225.38333333333333,
    "positions_held_per_day": 9.312655086848634,
    "sharpe_ratio": 0.10623655193865113,
    "sharpe_ratio_w": 0.09338579690428338,
    "sortino_ratio": 0.1431190179119264,
    "sortino_ratio_w": 0.1247138064913704,
    "sterling_ratio": 0.029361470771423877,
    "sterling_ratio_w": 0.022477547650518216
}