{"config_name": "recursive_grid_OPUSDT_456days",
 "logging_level": 0,
 "long": {"auto_unstuck_delay_minutes": 2368.049304870878,
          "auto_unstuck_ema_dist": -0.031998822749927186,
          "auto_unstuck_qty_pct": 0.01,
          "auto_unstuck_wallet_exposure_threshold": 0.0555018079044518,
          "backwards_tp": false,
          "ddown_factor": 2.046057174054852,
          "ema_span_0": 480.4771299547699,
          "ema_span_1": 538.8295471748421,
          "enabled": true,
          "initial_eprice_ema_dist": -0.1,
          "initial_qty_pct": 0.02,
          "markup_range": 0.020505926517595464,
          "min_markup": 0.00794317011977596,
          "n_close_orders": 6,
          "rentry_pprice_dist": 0.0235445979410483,
          "rentry_pprice_dist_wallet_exposure_weighting": 2.148954452489861,
          "wallet_exposure_limit": 1.0},
 "short": {"auto_unstuck_delay_minutes": 209.80560075522206,
           "auto_unstuck_ema_dist": -0.013730129867394678,
           "auto_unstuck_qty_pct": 0.03576790745940032,
           "auto_unstuck_wallet_exposure_threshold": 0.8308293510359953,
           "backwards_tp": true,
           "ddown_factor": 0.7924505565000303,
           "ema_span_0": 1233.2413432329413,
           "ema_span_1": 376.9415621482346,
           "enabled": false,
           "initial_eprice_ema_dist": -0.055527105409419394,
           "initial_qty_pct": 0.043999470957032626,
           "markup_range": 0.009234901398527787,
           "min_markup": 0.00998703744961352,
           "n_close_orders": 8,
           "rentry_pprice_dist": 0.041693412968459215,
           "rentry_pprice_dist_wallet_exposure_weighting": 18.915549972799724,
           "wallet_exposure_limit": 1.0}}