{"config_name": "recursive_grid_STORJUSDT_1182days",
 "logging_level": 0,
 "long": {"auto_unstuck_delay_minutes": 1399.4619762500968,
          "auto_unstuck_ema_dist": -0.009873764703306106,
          "auto_unstuck_qty_pct": 0.01,
          "auto_unstuck_wallet_exposure_threshold": 0.07275865426420619,
          "backwards_tp": false,
          "ddown_factor": 1.0322127289133822,
          "ema_span_0": 498.36985403711896,
          "ema_span_1": 1294.7648853034884,
          "enabled": true,
          "initial_eprice_ema_dist": 0.01,
          "initial_qty_pct": 0.001,
          "markup_range": 0.018168023638290513,
          "min_markup": 0.003752767830200696,
          "n_close_orders": 9,
          "rentry_pprice_dist": 0.01,
          "rentry_pprice_dist_wallet_exposure_weighting": 2.489267446769684,
          "wallet_exposure_limit": 1.0},
 "short": {"auto_unstuck_delay_minutes": 553.0684422072169,
           "auto_unstuck_ema_dist": -0.048798624998100226,
           "auto_unstuck_qty_pct": 0.08487784274512691,
           "auto_unstuck_wallet_exposure_threshold": 0.4672214775780006,
           "backwards_tp": true,
           "ddown_factor": 2.975054105063287,
           "ema_span_0": 290.334388051273,
           "ema_span_1": 141.52907443907816,
           "enabled": false,
           "initial_eprice_ema_dist": 0.0013554636150459182,
           "initial_qty_pct": 0.01810711276419363,
           "markup_range": 0.058990447810878845,
           "min_markup": 0.0031734561574419066,
           "n_close_orders": 12,
           "rentry_pprice_dist": 0.020816286283066584,
           "rentry_pprice_dist_wallet_exposure_weighting": 9.432327209185216,
           "wallet_exposure_limit": 1.0}}