{"config_name": "recursive_grid_BELUSDT_1119days",
 "logging_level": 0,
 "long": {"auto_unstuck_delay_minutes": 1392.446949212036,
          "auto_unstuck_ema_dist": -0.009988077445023856,
          "auto_unstuck_qty_pct": 0.034473081008816416,
          "auto_unstuck_wallet_exposure_threshold": 0.05089693924705495,
          "backwards_tp": false,
          "ddown_factor": 1.7672864153449674,
          "ema_span_0": 638.8370384133307,
          "ema_span_1": 81.22076204457287,
          "enabled": true,
          "initial_eprice_ema_dist": 0.01,
          "initial_qty_pct": 0.001,
          "markup_range": 0.005037031787601469,
          "min_markup": 0.0030010449510020397,
          "n_close_orders": 4,
          "rentry_pprice_dist": 0.00999656978373687,
          "rentry_pprice_dist_wallet_exposure_weighting": 2.442339735928788,
          "wallet_exposure_limit": 1.0},
 "short": {"auto_unstuck_delay_minutes": 988.7288389931388,
           "auto_unstuck_ema_dist": -0.030520029419078942,
           "auto_unstuck_qty_pct": 0.07975028758076609,
           "auto_unstuck_wallet_exposure_threshold": 0.8068956239538017,
           "backwards_tp": true,
           "ddown_factor": 0.33237774357278244,
           "ema_span_0": 779.6582687086094,
           "ema_span_1": 578.7411003057503,
           "enabled": false,
           "initial_eprice_ema_dist": -0.002681486178132006,
           "initial_qty_pct": 0.0429052098125318,
           "markup_range": 0.015273929130201945,
           "min_markup": 0.007362153284280917,
           "n_close_orders": 3,
           "rentry_pprice_dist": 0.048021905033522,
           "rentry_pprice_dist_wallet_exposure_weighting": 13.929349250688965,
           "wallet_exposure_limit": 1.0}}