{
    "adg": 0.006232563483189901,
    "adg_w": 0.0033397476242696955,
    "calmar_ratio": 0.012634857885328999,
    "calmar_ratio_w": 0.01111427383108803,
    "drawdown_worst": 0.49328322801531943,
    "drawdown_worst_mean_1pct": 0.2912116662216006,
    "equity_balance_diff_neg_max": 0.4932122362084144,
    "equity_balance_diff_neg_mean": 0.004777053764339513,
    "equity_balance_diff_pos_max": 0.7274480437685308,
    "equity_balance_diff_pos_mean": 0.0025841122797277123,
    "equity_choppiness": 1.667317434905152,
    "equity_choppiness_w": 1.802502634284719,
    "equity_jerkiness": 0.014601173272277836,
    "equity_jerkiness_w": 0.009987069408317732,
    "expected_shortfall_1pct": 0.23833466853185387,
    "exponential_fit_error": 0.9451131161302949,
    "exponential_fit_error_w": 0.09825413970297757,
    "gain": 22375.29825037895,
    "loss_profit_ratio": 0.025700978689668984,
    "loss_profit_ratio_long": 0.025700978689668984,
    "loss_profit_ratio_short": 1.0,
    "loss_profit_ratio_w": 0.019665074164917352,
    "mdg": 0.0011898745667250732,
    "mdg_w": 0.0008289702383015762,
    "omega_ratio": 6.03768986299349,
    "omega_ratio_w": 3.902457855222105,
    "pnl_ratio_long_short": 1.0,
    "position_held_hours_max": 447.95,
    "position_held_hours_mean": 11.526857965126121,
    "position_held_hours_median": 2.6,
    "position_unchanged_hours_max": 185.76666666666668,
    "positions_held_per_day": 1.2214640198511166,
    "sharpe_ratio": 0.07581507560334298,
    "sharpe_ratio_w": 0.06666325356489654,
    "sortino_ratio": 0.12894984950586202,
    "sortino_ratio_w": 0.09162877605534733,
    "sterling_ratio": 0.021402176513241628,
    "sterling_ratio_w": 0.014797640424630975
}