{
    "adg": 0.004025431491293752,
    "adg_w": 0.0029623034196735176,
    "calmar_ratio": 0.013472971181445604,
    "calmar_ratio_w": 0.014884474319927501,
    "drawdown_worst": 0.29877830488032237,
    "drawdown_worst_mean_1pct": 0.1671765519658742,
    "equity_balance_diff_neg_max": 0.3370392435371443,
    "equity_balance_diff_neg_mean": 0.004124990770818603,
    "equity_balance_diff_pos_max": 0.12912130416717615,
    "equity_balance_diff_pos_mean": 0.00011138019377893258,
    "equity_choppiness": 2.0524296596423013,
    "equity_choppiness_w": 2.211481943352248,
    "equity_jerkiness": 0.00873644004652584,
    "equity_jerkiness_w": 0.008941231208855689,
    "expected_shortfall_1pct": 0.1329432786341402,
    "exponential_fit_error": 0.2842570618975485,
    "exponential_fit_error_w": 0.03162263540198488,
    "gain": 1534.075416357684,
    "loss_profit_ratio": 0.14811164321257342,
    "loss_profit_ratio_long": 0.14811164321257342,
    "loss_profit_ratio_short": 1.0,
    "loss_profit_ratio_w": 0.13801098322222005,
    "mdg": 0.0014943860085528105,
    "mdg_w": 0.001234252131393309,
    "omega_ratio": 4.835262987502166,
    "omega_ratio_w": 3.104304106530076,
    "pnl_ratio_long_short": 1.0,
    "position_held_hours_max": 444.75,
    "position_held_hours_mean": 4.228892739810101,
    "position_held_hours_median": 0.75,
    "position_unchanged_hours_max": 210.93333333333334,
    "positions_held_per_day": 20.225629791894853,
    "sharpe_ratio": 0.1017817331755311,
    "sharpe_ratio_w": 0.09872632274167593,
    "sortino_ratio": 0.13176351457456922,
    "sortino_ratio_w": 0.10004485324454049,
    "sterling_ratio": 0.024078924011517264,
    "sterling_ratio_w": 0.017403399780302767
}