{
    "adg": 0.0011288910271727293,
    "adg_per_exposure_long": 0.001042373986309076,
    "adg_per_exposure_short": 0.011288910271727293,
    "adg_w": 0.0006366739500120122,
    "adg_w_per_exposure_long": 0.0005878799169085986,
    "adg_w_per_exposure_short": 0.006366739500120122,
    "calmar_ratio": 0.009726871948301906,
    "calmar_ratio_w": 0.008672359612696912,
    "drawdown_worst": 0.11605899956047108,
    "drawdown_worst_mean_1pct": 0.05915090110925761,
    "equity_balance_diff_neg_max": 0.11560594768860892,
    "equity_balance_diff_neg_mean": 0.0037701434779221867,
    "equity_balance_diff_pos_max": 0.041430936692125934,
    "equity_balance_diff_pos_mean": 0.0008261543398809148,
    "equity_choppiness": 2.0044940541016207,
    "equity_choppiness_w": 2.3525872613172596,
    "equity_jerkiness": 0.00280004728689155,
    "equity_jerkiness_w": 0.0022277198308522923,
    "expected_shortfall_1pct": 0.045408073835226485,
    "exponential_fit_error": 0.05708392241753698,
    "exponential_fit_error_w": 0.005803173356869752,
    "gain": 7.84747926859871,
    "gain_per_exposure_long": 7.246056573036667,
    "gain_per_exposure_short": 78.4747926859871,
    "loss_profit_ratio": 0.09726486947221641,
    "loss_profit_ratio_long": 0.09726486947221641,
    "loss_profit_ratio_short": 1.0,
    "loss_profit_ratio_w": 0.11860910194033077,
    "mdg": 0.00027489834575031665,
    "mdg_per_exposure_long": 0.0002538304208220837,
    "mdg_per_exposure_short": 0.0027489834575031664,
    "mdg_w": 0.00016616054409858552,
    "mdg_w_per_exposure_long": 0.00015342617183618237,
    "mdg_w_per_exposure_short": 0.001661605440985855,
    "omega_ratio": 3.943787887924444,
    "omega_ratio_w": 2.641235975488607,
    "pnl_ratio_long_short": 1.0,
    "position_held_hours_max": 485.78333333333336,
    "position_held_hours_mean": 37.87998408564815,
    "position_held_hours_median": 18.4,
    "position_unchanged_hours_max": 389.56666666666666,
    "positions_held_per_day": 1.2617743702081052,
    "sharpe_ratio": 0.1082760229888611,
    "sharpe_ratio_w": 0.08357878609707121,
    "sortino_ratio": 0.11928967667656454,
    "sortino_ratio_w": 0.08760155588680923,
    "sterling_ratio": 0.01908493372041036,
    "sterling_ratio_w": 0.010629848518522665,
    "volume_pct_per_day_avg": 0.3275537776726317,
    "volume_pct_per_day_avg_w": 0.22843351602534936
}