{"config_name": "recursive_grid_MATICUSDT_1146days",
 "logging_level": 0,
 "long": {"auto_unstuck_delay_minutes": 1359.6701469073869,
          "auto_unstuck_ema_dist": -0.0048737044000401256,
          "auto_unstuck_qty_pct": 0.02184670022724939,
          "auto_unstuck_wallet_exposure_threshold": 0.08270320464982289,
          "backwards_tp": false,
          "ddown_factor": 1,
          "ema_span_0": 668.3620730276274,
          "ema_span_1": 1089.3802121127078,
          "enabled": true,
          "initial_eprice_ema_dist": 0.01,
          "initial_qty_pct": 0.001,
          "markup_range": 0.02,
          "min_markup": 0.008987816420674569,
          "n_close_orders": 7,
          "rentry_pprice_dist": 0.01,
          "rentry_pprice_dist_wallet_exposure_weighting": 2.47307108905085,
          "wallet_exposure_limit": 1.0},
 "short": {"auto_unstuck_delay_minutes": 1438.5855116240402,
           "auto_unstuck_ema_dist": -0.05745176271655819,
           "auto_unstuck_qty_pct": 0.09872453470096905,
           "auto_unstuck_wallet_exposure_threshold": 0.6844417729261951,
           "backwards_tp": true,
           "ddown_factor": 0.14229957432923354,
           "ema_span_0": 1389.3532173678732,
           "ema_span_1": 1151.468731164895,
           "enabled": false,
           "initial_eprice_ema_dist": -0.015170911505799342,
           "initial_qty_pct": 0.037360094221985725,
           "markup_range": 0.015802811042671987,
           "min_markup": 0.003240458196655625,
           "n_close_orders": 3,
           "rentry_pprice_dist": 0.021654178346477145,
           "rentry_pprice_dist_wallet_exposure_weighting": 8.210201110759158,
           "wallet_exposure_limit": 1.0}}