{"config_name": "recursive_grid_TRXUSDT_1427days",
 "logging_level": 0,
 "long": {"auto_unstuck_delay_minutes": 913.457930294972,
          "auto_unstuck_ema_dist": -0.0012630525952671966,
          "auto_unstuck_qty_pct": 0.05290417568300912,
          "auto_unstuck_wallet_exposure_threshold": 0.08351437380722194,
          "backwards_tp": false,
          "ddown_factor": 1.0441033935897595,
          "ema_span_0": 902.3157053202275,
          "ema_span_1": 935.5196955806059,
          "enabled": true,
          "initial_eprice_ema_dist": 0.01,
          "initial_qty_pct": 0.001,
          "markup_range": 0.017066438060582147,
          "min_markup": 0.0030881211807622603,
          "n_close_orders": 8,
          "rentry_pprice_dist": 0.009275205825808258,
          "rentry_pprice_dist_wallet_exposure_weighting": 1.1285528863778196,
          "wallet_exposure_limit": 1.0},
 "short": {"auto_unstuck_delay_minutes": 1172.5971996329213,
           "auto_unstuck_ema_dist": -0.0595111635786483,
           "auto_unstuck_qty_pct": 0.02884511603556906,
           "auto_unstuck_wallet_exposure_threshold": 0.4045513594570841,
           "backwards_tp": true,
           "ddown_factor": 0.40620170620014084,
           "ema_span_0": 316.97384000895994,
           "ema_span_1": 1265.290628539454,
           "enabled": false,
           "initial_eprice_ema_dist": -0.06691460297086343,
           "initial_qty_pct": 0.03322362938532518,
           "markup_range": 0.05177036148648687,
           "min_markup": 0.00918446886247435,
           "n_close_orders": 9,
           "rentry_pprice_dist": 0.020419506575205727,
           "rentry_pprice_dist_wallet_exposure_weighting": 3.3843242520270866,
           "wallet_exposure_limit": 1.0}}