{"config_name": "recursive_grid_ATOMUSDT_1403days",
 "logging_level": 0,
 "long": {"auto_unstuck_delay_minutes": 1346.9833904340041,
          "auto_unstuck_ema_dist": -0.00781869600079782,
          "auto_unstuck_qty_pct": 0.08194578571039898,
          "auto_unstuck_wallet_exposure_threshold": 0.05177061333262378,
          "backwards_tp": false,
          "ddown_factor": 1.02069561571797,
          "ema_span_0": 902.3157253182527,
          "ema_span_1": 1380.438263763705,
          "enabled": true,
          "initial_eprice_ema_dist": 0.009204872622562798,
          "initial_qty_pct": 0.001,
          "markup_range": 0.019998019485236048,
          "min_markup": 0.008976412504054655,
          "n_close_orders": 7,
          "rentry_pprice_dist": 0.01,
          "rentry_pprice_dist_wallet_exposure_weighting": 2.499958160498967,
          "wallet_exposure_limit": 1.0},
 "short": {"auto_unstuck_delay_minutes": 335.9493491045787,
           "auto_unstuck_ema_dist": -0.09845987897585673,
           "auto_unstuck_qty_pct": 0.09253828748921183,
           "auto_unstuck_wallet_exposure_threshold": 0.492038360738293,
           "backwards_tp": true,
           "ddown_factor": 0.31631619239685094,
           "ema_span_0": 609.5361032939439,
           "ema_span_1": 1235.5955383802982,
           "enabled": false,
           "initial_eprice_ema_dist": -0.08861769125573005,
           "initial_qty_pct": 0.015021954198269447,
           "markup_range": 0.05559326027573541,
           "min_markup": 0.005584418960235336,
           "n_close_orders": 13,
           "rentry_pprice_dist": 0.022195188825768816,
           "rentry_pprice_dist_wallet_exposure_weighting": 17.66730584111768,
           "wallet_exposure_limit": 1.0}}