{"config_name": "recursive_grid_C98USDT_456days",
 "logging_level": 0,
 "long": {"auto_unstuck_delay_minutes": 2112.11025418581,
          "auto_unstuck_ema_dist": -0.03266523191703951,
          "auto_unstuck_qty_pct": 0.01,
          "auto_unstuck_wallet_exposure_threshold": 0.06,
          "backwards_tp": false,
          "ddown_factor": 2.0002512323639237,
          "ema_span_0": 210.50694965822282,
          "ema_span_1": 782.7847682124556,
          "enabled": true,
          "initial_eprice_ema_dist": -0.1,
          "initial_qty_pct": 0.02,
          "markup_range": 0.04246988397297049,
          "min_markup": 0.0033540427599674065,
          "n_close_orders": 6,
          "rentry_pprice_dist": 0.028641738639237562,
          "rentry_pprice_dist_wallet_exposure_weighting": 2.0943918570029076,
          "wallet_exposure_limit": 1.0},
 "short": {"auto_unstuck_delay_minutes": 230.42548314345132,
           "auto_unstuck_ema_dist": -0.02448369490703667,
           "auto_unstuck_qty_pct": 0.05472304002420588,
           "auto_unstuck_wallet_exposure_threshold": 0.2129185386784016,
           "backwards_tp": true,
           "ddown_factor": 2.1538174286309792,
           "ema_span_0": 1219.6193903322473,
           "ema_span_1": 1327.403950187498,
           "enabled": false,
           "initial_eprice_ema_dist": -0.0036375459139467853,
           "initial_qty_pct": 0.02951753402318709,
           "markup_range": 0.05769769897613713,
           "min_markup": 0.009992035525185211,
           "n_close_orders": 2,
           "rentry_pprice_dist": 0.03528477343727921,
           "rentry_pprice_dist_wallet_exposure_weighting": 10.466102716634126,
           "wallet_exposure_limit": 1.0}}