{"config_name": "recursive_grid_HBARUSDT_1101days",
 "logging_level": 0,
 "long": {"auto_unstuck_delay_minutes": 1.0,
          "auto_unstuck_ema_dist": -0.025491595743804146,
          "auto_unstuck_qty_pct": 0.01,
          "auto_unstuck_wallet_exposure_threshold": 0.03084534409162169,
          "backwards_tp": false,
          "ddown_factor": 2.1468573277868344,
          "ema_span_0": 427.39756036787804,
          "ema_span_1": 1237.9476671109553,
          "enabled": true,
          "initial_eprice_ema_dist": 0.007707999295584162,
          "initial_qty_pct": 0.05,
          "markup_range": 0.030246171005032914,
          "min_markup": 0.0024322558954037914,
          "n_close_orders": 7,
          "rentry_pprice_dist": 0.02012071128637451,
          "rentry_pprice_dist_wallet_exposure_weighting": 0.5,
          "wallet_exposure_limit": 1.0},
 "short": {"auto_unstuck_delay_minutes": 648.9920256145217,
           "auto_unstuck_ema_dist": -0.029714508609416445,
           "auto_unstuck_qty_pct": 0.06885574553736247,
           "auto_unstuck_wallet_exposure_threshold": 0.1,
           "backwards_tp": true,
           "ddown_factor": 2.373051462341088,
           "ema_span_0": 1352.9155416490844,
           "ema_span_1": 691.2083532358779,
           "enabled": false,
           "initial_eprice_ema_dist": -0.029395340925528583,
           "initial_qty_pct": 0.026074608526137414,
           "markup_range": 0.018591252303456172,
           "min_markup": 0.007283803048581672,
           "n_close_orders": 2,
           "rentry_pprice_dist": 0.0102082073291118,
           "rentry_pprice_dist_wallet_exposure_weighting": 2.5623101399748682,
           "wallet_exposure_limit": 1.0}}