{"config_name": "recursive_grid_XMRUSDT_1509days",
 "logging_level": 0,
 "long": {"auto_unstuck_delay_minutes": 1440.0,
          "auto_unstuck_ema_dist": -0.04135109720913609,
          "auto_unstuck_qty_pct": 0.01,
          "auto_unstuck_wallet_exposure_threshold": 0.09802643632039175,
          "backwards_tp": false,
          "ddown_factor": 0.8,
          "ema_span_0": 518.4689611268818,
          "ema_span_1": 1226.30412609197,
          "enabled": true,
          "initial_eprice_ema_dist": 0.007384861117920352,
          "initial_qty_pct": 0.05,
          "markup_range": 0.07832260123403981,
          "min_markup": 0.002,
          "n_close_orders": 3,
          "rentry_pprice_dist": 0.043738613521496515,
          "rentry_pprice_dist_wallet_exposure_weighting": 1.3741324947386717,
          "wallet_exposure_limit": 1.0},
 "short": {"auto_unstuck_delay_minutes": 977.4085877214343,
           "auto_unstuck_ema_dist": -0.04519354624971236,
           "auto_unstuck_qty_pct": 0.0989956381536504,
           "auto_unstuck_wallet_exposure_threshold": 0.7179197368881187,
           "backwards_tp": true,
           "ddown_factor": 0.464551426404081,
           "ema_span_0": 172.6450839750332,
           "ema_span_1": 201.60332243062965,
           "enabled": false,
           "initial_eprice_ema_dist": -0.052128762754683304,
           "initial_qty_pct": 0.04501277255502475,
           "markup_range": 0.02159876837328714,
           "min_markup": 0.0025248204210801513,
           "n_close_orders": 7,
           "rentry_pprice_dist": 0.012819149861497254,
           "rentry_pprice_dist_wallet_exposure_weighting": 1.3920221934479038,
           "wallet_exposure_limit": 1.0}}