{"config_name": "recursive_grid_RSRUSDT_456days",
 "logging_level": 0,
 "long": {"auto_unstuck_delay_minutes": 2800.0,
          "auto_unstuck_ema_dist": -0.04999992080625103,
          "auto_unstuck_qty_pct": 0.01,
          "auto_unstuck_wallet_exposure_threshold": 0.04487656041743351,
          "backwards_tp": false,
          "ddown_factor": 2.2328562978691533,
          "ema_span_0": 202.09835444572275,
          "ema_span_1": 519.2139145251579,
          "enabled": true,
          "initial_eprice_ema_dist": -0.1,
          "initial_qty_pct": 0.02,
          "markup_range": 0.027177018832304493,
          "min_markup": 0.003584338470838129,
          "n_close_orders": 8,
          "rentry_pprice_dist": 0.03,
          "rentry_pprice_dist_wallet_exposure_weighting": 2.3366562525309766,
          "wallet_exposure_limit": 1.0},
 "short": {"auto_unstuck_delay_minutes": 459.50274763153743,
           "auto_unstuck_ema_dist": -0.096057223445577,
           "auto_unstuck_qty_pct": 0.021210693620965993,
           "auto_unstuck_wallet_exposure_threshold": 0.8690581824549052,
           "backwards_tp": true,
           "ddown_factor": 1.344610335579836,
           "ema_span_0": 1296.4084889255294,
           "ema_span_1": 184.06870297579454,
           "enabled": false,
           "initial_eprice_ema_dist": -0.05394442379174804,
           "initial_qty_pct": 0.011373726531840083,
           "markup_range": 0.05154946218483815,
           "min_markup": 0.0012947117109878557,
           "n_close_orders": 12,
           "rentry_pprice_dist": 0.012199602336017943,
           "rentry_pprice_dist_wallet_exposure_weighting": 10.994065607656715,
           "wallet_exposure_limit": 1.0}}