{"config_name": "recursive_grid_UNIUSDT_1180days",
 "logging_level": 0,
 "long": {"auto_unstuck_delay_minutes": 1135.2739255730958,
          "auto_unstuck_ema_dist": -0.002391875320707216,
          "auto_unstuck_qty_pct": 0.09937986423071644,
          "auto_unstuck_wallet_exposure_threshold": 0.05651179458858611,
          "backwards_tp": false,
          "ddown_factor": 1.1001082134515618,
          "ema_span_0": 717.5502465813238,
          "ema_span_1": 563.4608878615685,
          "enabled": true,
          "initial_eprice_ema_dist": 0.01,
          "initial_qty_pct": 0.001,
          "markup_range": 0.01329962461852418,
          "min_markup": 0.004803801933036019,
          "n_close_orders": 3,
          "rentry_pprice_dist": 0.008603859565689294,
          "rentry_pprice_dist_wallet_exposure_weighting": 2.491376483193077,
          "wallet_exposure_limit": 1.0},
 "short": {"auto_unstuck_delay_minutes": 1150.3174286328785,
           "auto_unstuck_ema_dist": -0.06467487947073891,
           "auto_unstuck_qty_pct": 0.07094113495143863,
           "auto_unstuck_wallet_exposure_threshold": 0.5896524555340362,
           "backwards_tp": true,
           "ddown_factor": 2.3172867645949906,
           "ema_span_0": 256.842827075337,
           "ema_span_1": 662.8263207535722,
           "enabled": false,
           "initial_eprice_ema_dist": -0.08940581553502452,
           "initial_qty_pct": 0.025959866865614814,
           "markup_range": 0.058961678662346265,
           "min_markup": 0.00910111371124419,
           "n_close_orders": 2,
           "rentry_pprice_dist": 0.042840730490845594,
           "rentry_pprice_dist_wallet_exposure_weighting": 0.1279291177947739,
           "wallet_exposure_limit": 1.0}}