{"config_name": "recursive_grid_ALPHAUSDT_1114days",
 "logging_level": 0,
 "long": {"auto_unstuck_delay_minutes": 1.0,
          "auto_unstuck_ema_dist": 0.004991366676144248,
          "auto_unstuck_qty_pct": 0.010004217213331876,
          "auto_unstuck_wallet_exposure_threshold": 0.08406587739678756,
          "backwards_tp": false,
          "ddown_factor": 1.001970276268168,
          "ema_span_0": 902.0611180823441,
          "ema_span_1": 252.21820025114926,
          "enabled": true,
          "initial_eprice_ema_dist": 0.01,
          "initial_qty_pct": 0.001,
          "markup_range": 0.019863244451071058,
          "min_markup": 0.003,
          "n_close_orders": 5,
          "rentry_pprice_dist": 0.01,
          "rentry_pprice_dist_wallet_exposure_weighting": 2.499008777402295,
          "wallet_exposure_limit": 1.0},
 "short": {"auto_unstuck_delay_minutes": 761.4594566896723,
           "auto_unstuck_ema_dist": -0.03428004395267656,
           "auto_unstuck_qty_pct": 0.055598033934738965,
           "auto_unstuck_wallet_exposure_threshold": 0.46544481344608346,
           "backwards_tp": true,
           "ddown_factor": 2.6288764159888744,
           "ema_span_0": 1244.0894356617823,
           "ema_span_1": 230.48878947091592,
           "enabled": false,
           "initial_eprice_ema_dist": -0.005409370698287272,
           "initial_qty_pct": 0.02817105935759648,
           "markup_range": 0.02938474348369713,
           "min_markup": 0.004524156974399794,
           "n_close_orders": 3,
           "rentry_pprice_dist": 0.015096678874647627,
           "rentry_pprice_dist_wallet_exposure_weighting": 3.3572222617865366,
           "wallet_exposure_limit": 1.0}}