{
    "adg": 0.008183031871769497,
    "adg_w": 0.00784259411271122,
    "calmar_ratio": 0.013161861715267014,
    "calmar_ratio_w": 0.014571751960336856,
    "drawdown_worst": 0.62172297876961,
    "drawdown_worst_mean_1pct": 0.2962883336220378,
    "equity_balance_diff_neg_max": 0.6276316085284052,
    "equity_balance_diff_neg_mean": 0.003798700460949962,
    "equity_balance_diff_pos_max": 0.3863951773459541,
    "equity_balance_diff_pos_mean": 0.0015289097551800155,
    "equity_choppiness": 1.2691763140747643,
    "equity_choppiness_w": 1.3699829704137905,
    "equity_jerkiness": 0.015542417279541752,
    "equity_jerkiness_w": 0.0161147747135289,
    "expected_shortfall_1pct": 0.2795994598632738,
    "exponential_fit_error": 0.539283669256771,
    "exponential_fit_error_w": 0.07919078331496693,
    "gain": 507559.2005824473,
    "loss_profit_ratio": 0.002863513708066863,
    "loss_profit_ratio_long": 0.002863513708066863,
    "loss_profit_ratio_short": 1.0,
    "loss_profit_ratio_w": 0.002540392532018854,
    "mdg": 0.0020783827558047514,
    "mdg_w": 0.0020457027737662333,
    "omega_ratio": 10.347300460919154,
    "omega_ratio_w": 10.39814862408505,
    "pnl_ratio_long_short": 1.0,
    "position_held_hours_max": 236.7,
    "position_held_hours_mean": 4.02265302518597,
    "position_held_hours_median": 0.5833333333333334,
    "position_unchanged_hours_max": 225.38333333333333,
    "positions_held_per_day": 9.36786600496278,
    "sharpe_ratio": 0.08268114323477224,
    "sharpe_ratio_w": 0.07391369506230328,
    "sortino_ratio": 0.13670111995712722,
    "sortino_ratio_w": 0.126047561803382,
    "sterling_ratio": 0.027618474786821123,
    "sterling_ratio_w": 0.022377201449372653
}