{"config_name": "recursive_grid_XRPUSDT_1436days",
 "logging_level": 0,
 "long": {"auto_unstuck_delay_minutes": 439.2376547756328,
          "auto_unstuck_ema_dist": -0.009781380063286538,
          "auto_unstuck_qty_pct": 0.0921863424757379,
          "auto_unstuck_wallet_exposure_threshold": 0.09940108183754154,
          "backwards_tp": true,
          "ddown_factor": 1.5365936301403968,
          "ema_span_0": 488.3777962430243,
          "ema_span_1": 779.3741562717872,
          "enabled": true,
          "initial_eprice_ema_dist": 0.007976848357212865,
          "initial_qty_pct": 0.001,
          "markup_range": 0.00889620337102664,
          "min_markup": 0.006611885408827084,
          "n_close_orders": 8,
          "rentry_pprice_dist": 0.009998902756604743,
          "rentry_pprice_dist_wallet_exposure_weighting": 1.9400386411362578,
          "wallet_exposure_limit": 1.0},
 "short": {"auto_unstuck_delay_minutes": 595.0220813920113,
           "auto_unstuck_ema_dist": -0.08029627256223608,
           "auto_unstuck_qty_pct": 0.03606999982154685,
           "auto_unstuck_wallet_exposure_threshold": 0.21399902462109,
           "backwards_tp": true,
           "ddown_factor": 1.370370931516055,
           "ema_span_0": 1032.017742377919,
           "ema_span_1": 7.43085585361389,
           "enabled": false,
           "initial_eprice_ema_dist": -0.046654168806546735,
           "initial_qty_pct": 0.018578846916934167,
           "markup_range": 0.040315999209355295,
           "min_markup": 0.0076406104045507964,
           "n_close_orders": 8,
           "rentry_pprice_dist": 0.023257823878293893,
           "rentry_pprice_dist_wallet_exposure_weighting": 12.439430907473664,
           "wallet_exposure_limit": 1.0}}