{"config_name": "recursive_grid_LINKUSDT_1526days",
 "logging_level": 0,
 "long": {"auto_unstuck_delay_minutes": 0.0,
          "auto_unstuck_ema_dist": 0.0,
          "auto_unstuck_qty_pct": 0.0,
          "auto_unstuck_wallet_exposure_threshold": 0.0,
          "backwards_tp": false,
          "ddown_factor": 1.278955529447115,
          "ema_span_0": 1247.9870739950309,
          "ema_span_1": 457.45720285391366,
          "enabled": true,
          "initial_eprice_ema_dist": 0.009798174277220675,
          "initial_qty_pct": 0.05,
          "markup_range": 0.07816936571809838,
          "min_markup": 0.0020004317255253954,
          "n_close_orders": 4,
          "rentry_pprice_dist": 0.030651469203834554,
          "rentry_pprice_dist_wallet_exposure_weighting": 3.302112790197735,
          "wallet_exposure_limit": 1.0},
 "short": {"auto_unstuck_delay_minutes": 302.16847655695693,
           "auto_unstuck_ema_dist": -0.015984085223065755,
           "auto_unstuck_qty_pct": 0.041006907715838564,
           "auto_unstuck_wallet_exposure_threshold": 0.3195179166361364,
           "backwards_tp": true,
           "ddown_factor": 1.4376469955187827,
           "ema_span_0": 800.5966974927932,
           "ema_span_1": 1317.3170882995707,
           "enabled": false,
           "initial_eprice_ema_dist": -0.009235466336015657,
           "initial_qty_pct": 0.026297100527507833,
           "markup_range": 0.014820988571180181,
           "min_markup": 0.00997221754394595,
           "n_close_orders": 15,
           "rentry_pprice_dist": 0.01545851812095076,
           "rentry_pprice_dist_wallet_exposure_weighting": 5.164747702687169,
           "wallet_exposure_limit": 1.0}}