{
    "adg": 0.0022516554613367656,
    "adg_per_exposure_long": 0.0011258277306683828,
    "adg_per_exposure_short": 0.022516554613367656,
    "adg_w": 0.001168182295144704,
    "adg_w_per_exposure_long": 0.000584091147572352,
    "adg_w_per_exposure_short": 0.01168182295144704,
    "calmar_ratio": 0.007787041225940141,
    "calmar_ratio_w": 0.004289358141254187,
    "drawdown_worst": 0.28915417242637237,
    "drawdown_worst_mean_1pct": 0.15680528417586692,
    "equity_balance_diff_neg_max": 0.318297922795011,
    "equity_balance_diff_neg_mean": 0.009556399191354554,
    "equity_balance_diff_pos_max": 0.06934538459634605,
    "equity_balance_diff_pos_mean": 0.0024721673594832743,
    "equity_choppiness": 2.5167485120995985,
    "equity_choppiness_w": 3.3463244764855324,
    "equity_jerkiness": 0.0065775458016680485,
    "equity_jerkiness_w": 0.005831662994314242,
    "expected_shortfall_1pct": 0.12529421265604057,
    "exponential_fit_error": 0.19935599270993612,
    "exponential_fit_error_w": 0.02047928236899816,
    "gain": 60.758132564236256,
    "gain_per_exposure_long": 30.379066282118128,
    "gain_per_exposure_short": 607.5813256423626,
    "loss_profit_ratio": 0.19812977004577362,
    "loss_profit_ratio_long": 0.19812977004577362,
    "loss_profit_ratio_short": 1.0,
    "loss_profit_ratio_w": 0.23036197356648863,
    "mdg": 0.000543387425587441,
    "mdg_per_exposure_long": 0.0002716937127937205,
    "mdg_per_exposure_short": 0.00543387425587441,
    "mdg_w": 0.0003029081516234914,
    "mdg_w_per_exposure_long": 0.0001514540758117457,
    "mdg_w_per_exposure_short": 0.0030290815162349136,
    "omega_ratio": 3.172706515662754,
    "omega_ratio_w": 2.0732518850669868,
    "pnl_ratio_long_short": 1.0,
    "position_held_hours_max": 493.95,
    "position_held_hours_mean": 32.96023413897281,
    "position_held_hours_median": 15.3,
    "position_unchanged_hours_max": 389.56666666666666,
    "positions_held_per_day": 1.4501642935377874,
    "sharpe_ratio": 0.08377141755852269,
    "sharpe_ratio_w": 0.04762752016507588,
    "sortino_ratio": 0.08794232037458298,
    "sortino_ratio_w": 0.04244343586337406,
    "sterling_ratio": 0.014359563666307274,
    "sterling_ratio_w": 0.006134460448279979,
    "volume_pct_per_day_avg": 0.7473419619256001,
    "volume_pct_per_day_avg_w": 0.4825073175516018
}