{"config_name": "recursive_grid_RLCUSDT_1229days",
 "logging_level": 0,
 "long": {"auto_unstuck_delay_minutes": 622.7247079234307,
          "auto_unstuck_ema_dist": -0.009520725318525328,
          "auto_unstuck_qty_pct": 0.01,
          "auto_unstuck_wallet_exposure_threshold": 0.09999152952345572,
          "backwards_tp": false,
          "ddown_factor": 1.1845352910635698,
          "ema_span_0": 893.6981438428879,
          "ema_span_1": 80.86278338238073,
          "enabled": true,
          "initial_eprice_ema_dist": 0.01,
          "initial_qty_pct": 0.001,
          "markup_range": 0.010134098818158594,
          "min_markup": 0.008999590742761958,
          "n_close_orders": 9,
          "rentry_pprice_dist": 0.01,
          "rentry_pprice_dist_wallet_exposure_weighting": 2.411554211016808,
          "wallet_exposure_limit": 1.0},
 "short": {"auto_unstuck_delay_minutes": 968.2355501668598,
           "auto_unstuck_ema_dist": -0.002460723854829497,
           "auto_unstuck_qty_pct": 0.07384648812984924,
           "auto_unstuck_wallet_exposure_threshold": 0.773344276225412,
           "backwards_tp": true,
           "ddown_factor": 1.787002392451214,
           "ema_span_0": 1423.8549108761215,
           "ema_span_1": 542.8087556419077,
           "enabled": false,
           "initial_eprice_ema_dist": -0.017131670230785934,
           "initial_qty_pct": 0.01780504152120132,
           "markup_range": 0.0031226063833440063,
           "min_markup": 0.006317765288515192,
           "n_close_orders": 11,
           "rentry_pprice_dist": 0.034184471573611014,
           "rentry_pprice_dist_wallet_exposure_weighting": 9.234801704545376,
           "wallet_exposure_limit": 1.0}}