{
    "adg": 0.0036643534658000743,
    "adg_per_exposure_long": 0.0015011689741090022,
    "adg_per_exposure_short": 0.0036643534658000743,
    "adg_w": 0.0034041057981368584,
    "adg_w_per_exposure_long": 0.0013945537886672916,
    "adg_w_per_exposure_short": 0.0034041057981368584,
    "calmar_ratio": 0.007923365581512623,
    "calmar_ratio_w": 0.007911787460690873,
    "drawdown_worst": 0.46247436497818706,
    "drawdown_worst_mean_1pct": 0.3044142795597906,
    "equity_balance_diff_neg_max": 0.45852023389268964,
    "equity_balance_diff_neg_mean": 0.001151136952263946,
    "equity_balance_diff_pos_max": 0.40218907975959894,
    "equity_balance_diff_pos_mean": 0.0011573806107892182,
    "equity_choppiness": 1.5857151609465356,
    "equity_choppiness_w": 1.5021730466243668,
    "equity_jerkiness": 0.009331440864045666,
    "equity_jerkiness_w": 0.008472154146511486,
    "expected_shortfall_1pct": 0.2243712198240203,
    "exponential_fit_error": 0.39936175083223363,
    "exponential_fit_error_w": 0.046784286072823665,
    "gain": 994.258288547322,
    "gain_per_exposure_long": 407.31597236678493,
    "gain_per_exposure_short": 994.258288547322,
    "loss_profit_ratio": 0.21943048971547688,
    "loss_profit_ratio_long": 0.21943048971547688,
    "loss_profit_ratio_short": 1.0,
    "loss_profit_ratio_w": 0.19070242216276273,
    "mdg": 0.0006504066459064794,
    "mdg_per_exposure_long": 0.00026645089959298626,
    "mdg_per_exposure_short": 0.0006504066459064794,
    "mdg_w": 0.0006717789727897286,
    "mdg_w_per_exposure_long": 0.0002752064616098847,
    "mdg_w_per_exposure_short": 0.0006717789727897286,
    "omega_ratio": 4.383465655191823,
    "omega_ratio_w": 4.953024015353796,
    "pnl_ratio_long_short": 1.0,
    "position_held_hours_max": 246.46666666666667,
    "position_held_hours_mean": 9.239963790394206,
    "position_held_hours_median": 2.4,
    "position_unchanged_hours_max": 167.4,
    "positions_held_per_day": 2.5855855855855854,
    "sharpe_ratio": 0.06730632518793629,
    "sharpe_ratio_w": 0.055667686402454106,
    "sortino_ratio": 0.08758998768886428,
    "sortino_ratio_w": 0.07696463710104065,
    "sterling_ratio": 0.012037390200942763,
    "sterling_ratio_w": 0.012497326701753193,
    "volume_pct_per_day_avg": 1.054146168790537,
    "volume_pct_per_day_avg_w": 0.9816154397694593
}