{"config_name": "recursive_grid_KAVAUSDT_1232days",
 "logging_level": 0,
 "long": {"auto_unstuck_delay_minutes": 927.3262714254228,
          "auto_unstuck_ema_dist": -0.007101929419030293,
          "auto_unstuck_qty_pct": 0.012013494325248232,
          "auto_unstuck_wallet_exposure_threshold": 0.08900723745251972,
          "backwards_tp": false,
          "ddown_factor": 1.9602420451964533,
          "ema_span_0": 87.1149957213565,
          "ema_span_1": 1008.3959205019202,
          "enabled": true,
          "initial_eprice_ema_dist": 0.009954983766497618,
          "initial_qty_pct": 0.001,
          "markup_range": 0.005004425091287959,
          "min_markup": 0.003002480143860887,
          "n_close_orders": 7,
          "rentry_pprice_dist": 0.009985634123869774,
          "rentry_pprice_dist_wallet_exposure_weighting": 1.146126521333155,
          "wallet_exposure_limit": 1.0},
 "short": {"auto_unstuck_delay_minutes": 1195.8520516106594,
           "auto_unstuck_ema_dist": -0.053701870628505705,
           "auto_unstuck_qty_pct": 0.013546871192880816,
           "auto_unstuck_wallet_exposure_threshold": 0.35473020050496906,
           "backwards_tp": true,
           "ddown_factor": 2.3529816355157847,
           "ema_span_0": 1439.1736344613698,
           "ema_span_1": 786.6611679745677,
           "enabled": false,
           "initial_eprice_ema_dist": -0.02998497298141868,
           "initial_qty_pct": 0.01689300782558285,
           "markup_range": 0.0024041624669909954,
           "min_markup": 0.0023497173529622387,
           "n_close_orders": 6,
           "rentry_pprice_dist": 0.009253105572517784,
           "rentry_pprice_dist_wallet_exposure_weighting": 14.76947290414551,
           "wallet_exposure_limit": 1.0}}