{"config_name": "recursive_grid_GALAUSDT_456days",
 "logging_level": 0,
 "long": {"auto_unstuck_delay_minutes": 2637.648726558547,
          "auto_unstuck_ema_dist": -0.0424862973455443,
          "auto_unstuck_qty_pct": 0.01,
          "auto_unstuck_wallet_exposure_threshold": 0.03844495472941482,
          "backwards_tp": false,
          "ddown_factor": 2.0725203324796526,
          "ema_span_0": 700.0,
          "ema_span_1": 400.0,
          "enabled": true,
          "initial_eprice_ema_dist": -0.1,
          "initial_qty_pct": 0.02,
          "markup_range": 0.043841865355939376,
          "min_markup": 0.004017292460056083,
          "n_close_orders": 8,
          "rentry_pprice_dist": 0.03,
          "rentry_pprice_dist_wallet_exposure_weighting": 2.417838634589967,
          "wallet_exposure_limit": 1.0},
 "short": {"auto_unstuck_delay_minutes": 706.5215112760042,
           "auto_unstuck_ema_dist": -0.0942349182244419,
           "auto_unstuck_qty_pct": 0.06722340900101118,
           "auto_unstuck_wallet_exposure_threshold": 0.6897476571507423,
           "backwards_tp": true,
           "ddown_factor": 2.0295876790469465,
           "ema_span_0": 924.2984732932385,
           "ema_span_1": 47.53136214529598,
           "enabled": false,
           "initial_eprice_ema_dist": -0.07653236450256018,
           "initial_qty_pct": 0.04279222528030328,
           "markup_range": 0.006357726053760073,
           "min_markup": 0.005885104021179324,
           "n_close_orders": 3,
           "rentry_pprice_dist": 0.014227339402588628,
           "rentry_pprice_dist_wallet_exposure_weighting": 3.1341876109053723,
           "wallet_exposure_limit": 1.0}}