{
    "adg": 0.003684007186368632,
    "adg_w": 0.003695610759632295,
    "calmar_ratio": 0.011066990451669539,
    "calmar_ratio_w": 0.029190603381972158,
    "drawdown_worst": 0.3328824762664245,
    "drawdown_worst_mean_1pct": 0.148477423660478,
    "equity_balance_diff_neg_max": 0.33264915564706005,
    "equity_balance_diff_neg_mean": 0.0011605508509546284,
    "equity_balance_diff_pos_max": 0.1959184162981099,
    "equity_balance_diff_pos_mean": 0.0010656621774185096,
    "equity_choppiness": 1.289490608299665,
    "equity_choppiness_w": 1.3284123714357292,
    "equity_jerkiness": 0.007597015347659719,
    "equity_jerkiness_w": 0.007831119675216446,
    "expected_shortfall_1pct": 0.1425601058112188,
    "exponential_fit_error": 0.061309514256978934,
    "exponential_fit_error_w": 0.013163321202608571,
    "gain": 250.4379672626144,
    "loss_profit_ratio": 0.21539003884560515,
    "loss_profit_ratio_long": 0.21539003884560515,
    "loss_profit_ratio_short": 1.0,
    "loss_profit_ratio_w": 0.23294417398259,
    "mdg": 0.0003290682588295312,
    "mdg_w": 0.0004027652853308726,
    "omega_ratio": 8.437841490534028,
    "omega_ratio_w": 8.321197635771412,
    "pnl_ratio_long_short": 1.0,
    "position_held_hours_max": 146.9,
    "position_held_hours_mean": 4.448539076562435,
    "position_held_hours_median": 1.8166666666666667,
    "position_unchanged_hours_max": 122.5,
    "positions_held_per_day": 5.301597869507323,
    "sharpe_ratio": 0.09935716605110903,
    "sharpe_ratio_w": 0.12082145066915798,
    "sortino_ratio": 0.1328056917640358,
    "sortino_ratio_w": 0.1760039258473548,
    "sterling_ratio": 0.02481190133520109,
    "sterling_ratio_w": 0.03283677592595354
}