{
    "adg": 0.007452038805423333,
    "adg_w": 0.006881427273390517,
    "calmar_ratio": 0.01770483579265688,
    "calmar_ratio_w": 0.0163503634256491,
    "drawdown_worst": 0.42090414690624145,
    "drawdown_worst_mean_1pct": 0.276568495417605,
    "equity_balance_diff_neg_max": 0.4725882793093257,
    "equity_balance_diff_neg_mean": 0.0036652112523257157,
    "equity_balance_diff_pos_max": 0.3168520710183993,
    "equity_balance_diff_pos_mean": 0.0009445510252355038,
    "equity_choppiness": 1.543473140441996,
    "equity_choppiness_w": 1.6258491058374969,
    "equity_jerkiness": 0.014391125986055506,
    "equity_jerkiness_w": 0.016303416639691384,
    "expected_shortfall_1pct": 0.25091789200641895,
    "exponential_fit_error": 0.4549367429609028,
    "exponential_fit_error_w": 0.05911118001628558,
    "gain": 157652.4462913858,
    "loss_profit_ratio": 0.05486949771604129,
    "loss_profit_ratio_long": 0.05486949771604129,
    "loss_profit_ratio_short": 1.0,
    "loss_profit_ratio_w": 0.06241839413795114,
    "mdg": 0.0016945130712496701,
    "mdg_w": 0.0016729970207479134,
    "omega_ratio": 9.358989286919293,
    "omega_ratio_w": 6.412860110831119,
    "pnl_ratio_long_short": 1.0,
    "position_held_hours_max": 236.88333333333333,
    "position_held_hours_mean": 6.131939778524325,
    "position_held_hours_median": 1.1666666666666667,
    "position_unchanged_hours_max": 235.06666666666666,
    "positions_held_per_day": 6.647642679900744,
    "sharpe_ratio": 0.09374367471612736,
    "sharpe_ratio_w": 0.0806571749738956,
    "sortino_ratio": 0.14157881635591865,
    "sortino_ratio_w": 0.11714865138623361,
    "sterling_ratio": 0.026944640943904755,
    "sterling_ratio_w": 0.020474386837949464
}