{
    "adg": 0.005008239885921695,
    "adg_w": 0.005500728675381783,
    "calmar_ratio": 0.01460399108350377,
    "calmar_ratio_w": 0.022048176915365286,
    "drawdown_worst": 0.34293638343691213,
    "drawdown_worst_mean_1pct": 0.22627843678855264,
    "equity_balance_diff_neg_max": 0.4147375058887416,
    "equity_balance_diff_neg_mean": 0.0031356746025231457,
    "equity_balance_diff_pos_max": 0.27417790089880645,
    "equity_balance_diff_pos_mean": 0.025255065480089958,
    "equity_choppiness": 1.8526901026775737,
    "equity_choppiness_w": 1.9272475703363359,
    "equity_jerkiness": 0.012255550169222485,
    "equity_jerkiness_w": 0.014506894145708039,
    "expected_shortfall_1pct": 0.19528613463445543,
    "exponential_fit_error": 0.05869848243123428,
    "exponential_fit_error_w": 0.014248477134790622,
    "gain": 688.4401611706419,
    "loss_profit_ratio": 0.05348269840942339,
    "loss_profit_ratio_long": 0.05348269840942339,
    "loss_profit_ratio_short": 1.0,
    "loss_profit_ratio_w": 0.06839525305406616,
    "mdg": 0.0019983032734150453,
    "mdg_w": 0.0025540069370784207,
    "omega_ratio": 4.202057105447254,
    "omega_ratio_w": 3.6089997319485425,
    "pnl_ratio_long_short": 1.0,
    "position_held_hours_max": 487.0833333333333,
    "position_held_hours_mean": 2.9633368963171702,
    "position_held_hours_median": 0.26666666666666666,
    "position_unchanged_hours_max": 306.7,
    "positions_held_per_day": 7.867737003058104,
    "sharpe_ratio": 0.1028766931604994,
    "sharpe_ratio_w": 0.11095721134710379,
    "sortino_ratio": 0.11911347714199318,
    "sortino_ratio_w": 0.1279317361095146,
    "sterling_ratio": 0.02213308504778861,
    "sterling_ratio_w": 0.02443057548586991
}