{"config_name": "recursive_grid_PENDLEUSDT_248days",
 "logging_level": 0,
 "long": {"auto_unstuck_delay_minutes": 1997.294381176444,
          "auto_unstuck_ema_dist": 0.0,
          "auto_unstuck_qty_pct": 0.01,
          "auto_unstuck_wallet_exposure_threshold": 0.04021523082503342,
          "backwards_tp": false,
          "ddown_factor": 1.739112554850603,
          "ema_span_0": 885.6330560825912,
          "ema_span_1": 899.3480912537956,
          "enabled": true,
          "initial_eprice_ema_dist": -0.009553229418853051,
          "initial_qty_pct": 0.02395070916650256,
          "markup_range": 0.08652964259160155,
          "min_markup": 0.01684304676010761,
          "n_close_orders": 7,
          "rentry_pprice_dist": 0.02448602412196452,
          "rentry_pprice_dist_wallet_exposure_weighting": 2.0698230985014736,
          "wallet_exposure_limit": 1.0},
 "short": {"auto_unstuck_delay_minutes": 0.0,
           "auto_unstuck_ema_dist": 0.0,
           "auto_unstuck_qty_pct": 0.0,
           "auto_unstuck_wallet_exposure_threshold": 0.0,
           "backwards_tp": true,
           "ddown_factor": 3,
           "ema_span_0": 429.9955093195056,
           "ema_span_1": 823.2069622664765,
           "enabled": false,
           "initial_eprice_ema_dist": -0.0011025078057743509,
           "initial_qty_pct": 0.02,
           "markup_range": 0.0,
           "min_markup": 0.01,
           "n_close_orders": 10,
           "rentry_pprice_dist": 0.0062921822880062876,
           "rentry_pprice_dist_wallet_exposure_weighting": 7,
           "wallet_exposure_limit": 1.0}}