{"config_name": "recursive_grid_PENDLEUSDT_248days",
 "logging_level": 0,
 "long": {"auto_unstuck_delay_minutes": 1361.6268827875163,
          "auto_unstuck_ema_dist": 0.0,
          "auto_unstuck_qty_pct": 0.01,
          "auto_unstuck_wallet_exposure_threshold": 0.03971184723057071,
          "backwards_tp": false,
          "ddown_factor": 0.9741095137908675,
          "ema_span_0": 924.0171673658472,
          "ema_span_1": 959.8091291439995,
          "enabled": true,
          "initial_eprice_ema_dist": -0.005566626551175595,
          "initial_qty_pct": 0.04371510779392416,
          "markup_range": 0.07332968559163872,
          "min_markup": 0.018146078273429282,
          "n_close_orders": 7,
          "rentry_pprice_dist": 0.02570924999226938,
          "rentry_pprice_dist_wallet_exposure_weighting": 1.3345007330418246,
          "wallet_exposure_limit": 1.0},
 "short": {"auto_unstuck_delay_minutes": 0.0,
           "auto_unstuck_ema_dist": 0.0,
           "auto_unstuck_qty_pct": 0.0,
           "auto_unstuck_wallet_exposure_threshold": 0.0,
           "backwards_tp": true,
           "ddown_factor": 0.6090905568816918,
           "ema_span_0": 1440,
           "ema_span_1": 1415.2848092983704,
           "enabled": false,
           "initial_eprice_ema_dist": 0.003,
           "initial_qty_pct": 0.018894898549182547,
           "markup_range": 0.006759189396078855,
           "min_markup": 0.002330355671951157,
           "n_close_orders": 2,
           "rentry_pprice_dist": 0.013004198683136188,
           "rentry_pprice_dist_wallet_exposure_weighting": 2.652517749625212,
           "wallet_exposure_limit": 1.0}}