{"config_name": "recursive_grid_SKLUSDT_456days",
 "logging_level": 0,
 "long": {"auto_unstuck_delay_minutes": 2769.7991898849455,
          "auto_unstuck_ema_dist": -0.05,
          "auto_unstuck_qty_pct": 0.01,
          "auto_unstuck_wallet_exposure_threshold": 0.06,
          "backwards_tp": false,
          "ddown_factor": 2.0577688737632784,
          "ema_span_0": 699.7847066517205,
          "ema_span_1": 568.224777331505,
          "enabled": true,
          "initial_eprice_ema_dist": -0.1,
          "initial_qty_pct": 0.02,
          "markup_range": 0.03057574560382233,
          "min_markup": 0.004450850613279961,
          "n_close_orders": 5,
          "rentry_pprice_dist": 0.028223375539992712,
          "rentry_pprice_dist_wallet_exposure_weighting": 2.499917235934196,
          "wallet_exposure_limit": 1.0},
 "short": {"auto_unstuck_delay_minutes": 553.1589164922531,
           "auto_unstuck_ema_dist": -0.05171116491219314,
           "auto_unstuck_qty_pct": 0.029544080181312084,
           "auto_unstuck_wallet_exposure_threshold": 0.8135640740718033,
           "backwards_tp": true,
           "ddown_factor": 1.0235162928479,
           "ema_span_0": 523.4176193694846,
           "ema_span_1": 387.30502047866986,
           "enabled": false,
           "initial_eprice_ema_dist": -0.09357454847629809,
           "initial_qty_pct": 0.010988849885912982,
           "markup_range": 0.016074140678119315,
           "min_markup": 0.007308835934659623,
           "n_close_orders": 5,
           "rentry_pprice_dist": 0.02933717211043116,
           "rentry_pprice_dist_wallet_exposure_weighting": 10.698024879295126,
           "wallet_exposure_limit": 1.0}}