{"config_name": "recursive_grid_RUNEUSDT_1295days",
 "logging_level": 0,
 "long": {"auto_unstuck_delay_minutes": 1095.8584269513751,
          "auto_unstuck_ema_dist": 0.0313198596139654,
          "auto_unstuck_qty_pct": 0.01,
          "auto_unstuck_wallet_exposure_threshold": 0.03049168958405141,
          "backwards_tp": false,
          "ddown_factor": 0.8,
          "ema_span_0": 1439.9482464391047,
          "ema_span_1": 1440.0,
          "enabled": true,
          "initial_eprice_ema_dist": 0.005692410401899521,
          "initial_qty_pct": 0.05,
          "markup_range": 0.045165168882815895,
          "min_markup": 0.002762982003671394,
          "n_close_orders": 7,
          "rentry_pprice_dist": 0.052454206180008546,
          "rentry_pprice_dist_wallet_exposure_weighting": 1.7690123207334862,
          "wallet_exposure_limit": 1.0},
 "short": {"auto_unstuck_delay_minutes": 496.347281512891,
           "auto_unstuck_ema_dist": 0.0021924487868180964,
           "auto_unstuck_qty_pct": 0.05215223671183782,
           "auto_unstuck_wallet_exposure_threshold": 0.7649323714876634,
           "backwards_tp": true,
           "ddown_factor": 2.330965729328758,
           "ema_span_0": 1111.8831890703261,
           "ema_span_1": 1277.346039406162,
           "enabled": false,
           "initial_eprice_ema_dist": -0.08006970837744516,
           "initial_qty_pct": 0.022418713260203393,
           "markup_range": 0.009009529652145888,
           "min_markup": 0.004397517609312556,
           "n_close_orders": 5,
           "rentry_pprice_dist": 0.041418278802145485,
           "rentry_pprice_dist_wallet_exposure_weighting": 10.368460894319105,
           "wallet_exposure_limit": 1.0}}