{"config_name": "recursive_grid_HBARUSDT_1000days",
 "logging_level": 0,
 "long": {"auto_unstuck_delay_minutes": 1.0,
          "auto_unstuck_ema_dist": 0.0008337505790199508,
          "auto_unstuck_qty_pct": 0.09193518501759083,
          "auto_unstuck_wallet_exposure_threshold": 0.059632122082741636,
          "backwards_tp": false,
          "ddown_factor": 1.8460115857373847,
          "ema_span_0": 760.208284449176,
          "ema_span_1": 502.8179466997391,
          "enabled": true,
          "initial_eprice_ema_dist": 0.009997616686539782,
          "initial_qty_pct": 0.001,
          "markup_range": 0.011687659475030962,
          "min_markup": 0.009,
          "n_close_orders": 8,
          "rentry_pprice_dist": 0.009800244938870734,
          "rentry_pprice_dist_wallet_exposure_weighting": 1.4739112608685767,
          "wallet_exposure_limit": 1.0},
 "short": {"auto_unstuck_delay_minutes": 826.2696505388521,
           "auto_unstuck_ema_dist": -0.08871819540462592,
           "auto_unstuck_qty_pct": 0.05144275112925348,
           "auto_unstuck_wallet_exposure_threshold": 0.750126313588862,
           "backwards_tp": true,
           "ddown_factor": 2.265807376780899,
           "ema_span_0": 395.88130820954973,
           "ema_span_1": 657.398326632542,
           "enabled": false,
           "initial_eprice_ema_dist": -0.026730213579160847,
           "initial_qty_pct": 0.02896514899315341,
           "markup_range": 0.0035869944256599617,
           "min_markup": 0.002543667542672217,
           "n_close_orders": 12,
           "rentry_pprice_dist": 0.03237972014328262,
           "rentry_pprice_dist_wallet_exposure_weighting": 4.9489737343239115,
           "wallet_exposure_limit": 1.0}}