{
    "adg": 0.0045567611560075605,
    "adg_w": 0.0024106689024551153,
    "calmar_ratio": 0.012877292027387974,
    "calmar_ratio_w": 0.011216032369284208,
    "drawdown_worst": 0.3538602018433725,
    "drawdown_worst_mean_1pct": 0.20529215322951086,
    "equity_balance_diff_neg_max": 0.35379297734976795,
    "equity_balance_diff_neg_mean": 0.003385507572850778,
    "equity_balance_diff_pos_max": 0.5264550078890324,
    "equity_balance_diff_pos_mean": 0.0018652910905463031,
    "equity_choppiness": 1.6758902097665127,
    "equity_choppiness_w": 1.7951695805475534,
    "equity_jerkiness": 0.010606505592097812,
    "equity_jerkiness_w": 0.007165243133137452,
    "expected_shortfall_1pct": 0.16831143764911977,
    "exponential_fit_error": 0.5165297436292356,
    "exponential_fit_error_w": 0.0536125798718291,
    "gain": 1523.5734505304358,
    "loss_profit_ratio": 0.031381341681592456,
    "loss_profit_ratio_long": 0.031381341681592456,
    "loss_profit_ratio_short": 1.0,
    "loss_profit_ratio_w": 0.020022904719829558,
    "mdg": 0.0008517131382229735,
    "mdg_w": 0.0005932075116506449,
    "omega_ratio": 6.043171549396178,
    "omega_ratio_w": 3.899420557244248,
    "pnl_ratio_long_short": 1.0,
    "position_held_hours_max": 447.95,
    "position_held_hours_mean": 11.550610687022902,
    "position_held_hours_median": 2.6,
    "position_unchanged_hours_max": 185.76666666666668,
    "positions_held_per_day": 1.218982630272953,
    "sharpe_ratio": 0.08367752499838912,
    "sharpe_ratio_w": 0.07092923088466295,
    "sortino_ratio": 0.13296130932592384,
    "sortino_ratio_w": 0.09292914482080347,
    "sterling_ratio": 0.02219647017347628,
    "sterling_ratio_w": 0.0150153802421145
}