{"config_name": "recursive_grid_RVNUSDT_456days",
 "logging_level": 0,
 "long": {"auto_unstuck_delay_minutes": 2791.7078807143375,
          "auto_unstuck_ema_dist": -0.04484960555256874,
          "auto_unstuck_qty_pct": 0.01,
          "auto_unstuck_wallet_exposure_threshold": 0.03536906563999415,
          "backwards_tp": false,
          "ddown_factor": 2.248147365516653,
          "ema_span_0": 222.83546366073077,
          "ema_span_1": 701.9922448631204,
          "enabled": true,
          "initial_eprice_ema_dist": -0.1,
          "initial_qty_pct": 0.02,
          "markup_range": 0.02246235121832122,
          "min_markup": 0.006423974681421299,
          "n_close_orders": 7,
          "rentry_pprice_dist": 0.022145591143355948,
          "rentry_pprice_dist_wallet_exposure_weighting": 2.1578536632065606,
          "wallet_exposure_limit": 1.0},
 "short": {"auto_unstuck_delay_minutes": 1291.8078866275723,
           "auto_unstuck_ema_dist": 0.0008667504536104959,
           "auto_unstuck_qty_pct": 0.011539313367404696,
           "auto_unstuck_wallet_exposure_threshold": 0.7844756448044747,
           "backwards_tp": true,
           "ddown_factor": 2.0416494765382485,
           "ema_span_0": 508.12357596024,
           "ema_span_1": 128.16663091941354,
           "enabled": false,
           "initial_eprice_ema_dist": -0.030281748862263272,
           "initial_qty_pct": 0.046466059520144425,
           "markup_range": 0.038722312029651346,
           "min_markup": 0.0013499395288210886,
           "n_close_orders": 6,
           "rentry_pprice_dist": 0.009690036716547577,
           "rentry_pprice_dist_wallet_exposure_weighting": 4.991507189331528,
           "wallet_exposure_limit": 1.0}}