{
    "adg": 0.0021195508484777026,
    "adg_per_exposure_long": 0.0012593885017692825,
    "adg_per_exposure_short": 0.0021195508484777026,
    "adg_w": 0.001871555982602624,
    "adg_w_per_exposure_long": 0.001112035640286764,
    "adg_w_per_exposure_short": 0.001871555982602624,
    "calmar_ratio": 0.014501804146707714,
    "calmar_ratio_w": 0.020508158917577464,
    "drawdown_worst": 0.14615773506766713,
    "drawdown_worst_mean_1pct": 0.05144055318018346,
    "equity_balance_diff_neg_max": 0.1466786126419572,
    "equity_balance_diff_neg_mean": 0.0011780408738858467,
    "equity_balance_diff_pos_max": 0.2982224550469956,
    "equity_balance_diff_pos_mean": 0.0015707051699224586,
    "equity_choppiness": 1.7753565121866783,
    "equity_choppiness_w": 1.6629205141338215,
    "equity_jerkiness": 0.005318583954051061,
    "equity_jerkiness_w": 0.004709647862350506,
    "expected_shortfall_1pct": 0.039969393777139345,
    "exponential_fit_error": 0.17971415917676073,
    "exponential_fit_error_w": 0.024459342993216216,
    "gain": 38.24017526345099,
    "gain_per_exposure_long": 22.721435094147946,
    "gain_per_exposure_short": 38.24017526345099,
    "loss_profit_ratio": 0.22126790649270223,
    "loss_profit_ratio_long": 0.22126790649270223,
    "loss_profit_ratio_short": 1.0,
    "loss_profit_ratio_w": 0.18981737689348094,
    "mdg": 0.00010023527793094763,
    "mdg_per_exposure_long": 5.955750322694452e-05,
    "mdg_per_exposure_short": 0.00010023527793094763,
    "mdg_w": 2.1033889181731534e-05,
    "mdg_w_per_exposure_long": 1.2497854534599842e-05,
    "mdg_w_per_exposure_short": 2.1033889181731534e-05,
    "omega_ratio": 5.32758270033377,
    "omega_ratio_w": 4.63375549477244,
    "pnl_ratio_long_short": 1.0,
    "position_held_hours_max": 398.6,
    "position_held_hours_mean": 14.08015873015873,
    "position_held_hours_median": 5.133333333333334,
    "position_unchanged_hours_max": 322.8666666666667,
    "positions_held_per_day": 1.6961069145845438,
    "sharpe_ratio": 0.08306297734679306,
    "sharpe_ratio_w": 0.09896292855723007,
    "sortino_ratio": 0.2745719442572107,
    "sortino_ratio_w": 0.19990695420364282,
    "sterling_ratio": 0.04120388909997611,
    "sterling_ratio_w": 0.028265787574366374,
    "volume_pct_per_day_avg": 0.2477433893055495,
    "volume_pct_per_day_avg_w": 0.23457282978045213
}