{
    "adg": 0.005519660397556914,
    "adg_w": 0.0038100993195292476,
    "calmar_ratio": 0.02541648412084407,
    "calmar_ratio_w": 0.01756498224458053,
    "drawdown_worst": 0.21716852619400012,
    "drawdown_worst_mean_1pct": 0.17551213851004321,
    "equity_balance_diff_neg_max": 0.2500853757806459,
    "equity_balance_diff_neg_mean": 0.004049989417461608,
    "equity_balance_diff_pos_max": 0.26521759944432893,
    "equity_balance_diff_pos_mean": 0.0001804001525710313,
    "equity_choppiness": 1.7693134081883783,
    "equity_choppiness_w": 1.9164816421245785,
    "equity_jerkiness": 0.011098028215902491,
    "equity_jerkiness_w": 0.009836976195542548,
    "expected_shortfall_1pct": 0.14664400521431098,
    "exponential_fit_error": 0.5394621025179052,
    "exponential_fit_error_w": 0.05726426920361287,
    "gain": 23183.260535141802,
    "loss_profit_ratio": 0.08525094985713677,
    "loss_profit_ratio_long": 0.08525094985713677,
    "loss_profit_ratio_short": 1.0,
    "loss_profit_ratio_w": 0.08470532676173417,
    "mdg": 0.0018939090810159718,
    "mdg_w": 0.0015120202905933276,
    "omega_ratio": 6.087643215220732,
    "omega_ratio_w": 3.9241879952610623,
    "pnl_ratio_long_short": 1.0,
    "position_held_hours_max": 439.3333333333333,
    "position_held_hours_mean": 4.884720176345838,
    "position_held_hours_median": 0.8,
    "position_unchanged_hours_max": 351.73333333333335,
    "positions_held_per_day": 17.473713033954,
    "sharpe_ratio": 0.12993180554145675,
    "sharpe_ratio_w": 0.10626828095299719,
    "sortino_ratio": 0.16245619719953988,
    "sortino_ratio_w": 0.11371924766383128,
    "sterling_ratio": 0.03144888122505023,
    "sterling_ratio_w": 0.020352373500880493
}