{
    "adg": 0.002410818965033368,
    "adg_per_exposure_long": 0.002166054775411831,
    "adg_per_exposure_short": 0.002410818965033368,
    "adg_w": 0.0011553178178243194,
    "adg_w_per_exposure_long": 0.0010380213996624614,
    "adg_w_per_exposure_short": 0.0011553178178243194,
    "calmar_ratio": 0.008508156155565758,
    "calmar_ratio_w": 0.012062068063131159,
    "drawdown_worst": 0.28335386903498344,
    "drawdown_worst_mean_1pct": 0.08050502651180068,
    "equity_balance_diff_neg_max": 0.30513840368288486,
    "equity_balance_diff_neg_mean": 0.0005159803361163022,
    "equity_balance_diff_pos_max": 0.1251864160925199,
    "equity_balance_diff_pos_mean": 0.0003832676660795187,
    "equity_choppiness": 1.6561326598550676,
    "equity_choppiness_w": 2.0860621585242827,
    "equity_jerkiness": 0.00478923604197613,
    "equity_jerkiness_w": 0.0034389874745862172,
    "expected_shortfall_1pct": 0.06818209092026001,
    "exponential_fit_error": 0.37740868938615324,
    "exponential_fit_error_w": 0.03963430604296289,
    "gain": 74.27426993294094,
    "gain_per_exposure_long": 66.73339616616437,
    "gain_per_exposure_short": 74.27426993294094,
    "loss_profit_ratio": 0.211789388892659,
    "loss_profit_ratio_long": 0.211789388892659,
    "loss_profit_ratio_short": 1.0,
    "loss_profit_ratio_w": 0.3204256526741328,
    "mdg": 0.0002602815966745311,
    "mdg_per_exposure_long": 0.00023385588200766495,
    "mdg_per_exposure_short": 0.0002602815966745311,
    "mdg_w": 0.00026527071924256965,
    "mdg_w_per_exposure_long": 0.00023833847191605538,
    "mdg_w_per_exposure_short": 0.00026527071924256965,
    "omega_ratio": 8.102660367623983,
    "omega_ratio_w": 3.7584725671971113,
    "pnl_ratio_long_short": 1.0,
    "position_held_hours_max": 288.06666666666666,
    "position_held_hours_mean": 6.307465303501753,
    "position_held_hours_median": 0.9166666666666666,
    "position_unchanged_hours_max": 227.35,
    "positions_held_per_day": 3.772498602571269,
    "sharpe_ratio": 0.09580643535348403,
    "sharpe_ratio_w": 0.0719509336699724,
    "sortino_ratio": 0.16238646641436438,
    "sortino_ratio_w": 0.09769581070073119,
    "sterling_ratio": 0.029946191803066884,
    "sterling_ratio_w": 0.01669689945902923,
    "volume_pct_per_day_avg": 0.4408765503529387,
    "volume_pct_per_day_avg_w": 0.36089560089196915
}