{"config_name": "recursive_grid_VETUSDT_1498days",
 "logging_level": 0,
 "long": {"auto_unstuck_delay_minutes": 0.0,
          "auto_unstuck_ema_dist": 0.0,
          "auto_unstuck_qty_pct": 0.0,
          "auto_unstuck_wallet_exposure_threshold": 0.0,
          "backwards_tp": false,
          "ddown_factor": 1.6233378573907065,
          "ema_span_0": 1191.7544637482376,
          "ema_span_1": 1414.7197077904043,
          "enabled": true,
          "initial_eprice_ema_dist": 0.00914969542780369,
          "initial_qty_pct": 0.05,
          "markup_range": 0.07956246714921639,
          "min_markup": 0.0020232371312833824,
          "n_close_orders": 6,
          "rentry_pprice_dist": 0.07,
          "rentry_pprice_dist_wallet_exposure_weighting": 5.0,
          "wallet_exposure_limit": 1.0},
 "short": {"auto_unstuck_delay_minutes": 1179.0522275716835,
           "auto_unstuck_ema_dist": -0.0992853603417575,
           "auto_unstuck_qty_pct": 0.06315689694676191,
           "auto_unstuck_wallet_exposure_threshold": 0.46916945180569625,
           "backwards_tp": true,
           "ddown_factor": 1.1345905757073595,
           "ema_span_0": 364.1694177982123,
           "ema_span_1": 137.16470176724883,
           "enabled": false,
           "initial_eprice_ema_dist": -0.07421483171215273,
           "initial_qty_pct": 0.03552763750360517,
           "markup_range": 0.0033363992050128586,
           "min_markup": 0.004645194525533185,
           "n_close_orders": 12,
           "rentry_pprice_dist": 0.044449698131926944,
           "rentry_pprice_dist_wallet_exposure_weighting": 13.356250955061133,
           "wallet_exposure_limit": 1.0}}