{
    "adg": 0.001745057639742642,
    "adg_w": 0.0029980705994974597,
    "calmar_ratio": 0.014465240445363934,
    "calmar_ratio_w": 0.02620235142579056,
    "drawdown_worst": 0.12063799743487345,
    "drawdown_worst_mean_1pct": 0.06163573335498748,
    "equity_balance_diff_neg_max": 0.13221322343958225,
    "equity_balance_diff_neg_mean": 0.0008783836789560836,
    "equity_balance_diff_pos_max": 0.175505862470996,
    "equity_balance_diff_pos_mean": 0.0048460620301249155,
    "equity_choppiness": 1.3682928401879693,
    "equity_choppiness_w": 1.436262889661688,
    "equity_jerkiness": 0.0034321294685990184,
    "equity_jerkiness_w": 0.006552901774574345,
    "expected_shortfall_1pct": 0.054635200211722926,
    "exponential_fit_error": 0.04260760909846016,
    "exponential_fit_error_w": 0.012221332192023534,
    "gain": 20.344926789311987,
    "loss_profit_ratio": 0.0032131207754804965,
    "loss_profit_ratio_long": 0.0032131207754804965,
    "loss_profit_ratio_short": 1.0,
    "loss_profit_ratio_w": 0.0046305209969243945,
    "mdg": 0.0002062891206156758,
    "mdg_w": 0.000789679511310646,
    "omega_ratio": 8.50018993338754,
    "omega_ratio_w": 6.380369512070269,
    "pnl_ratio_long_short": 1.0,
    "position_held_hours_max": 419.6666666666667,
    "position_held_hours_mean": 2.637947417303708,
    "position_held_hours_median": 0.15,
    "position_unchanged_hours_max": 328.2,
    "positions_held_per_day": 16.20023148148148,
    "sharpe_ratio": 0.10734856849108225,
    "sharpe_ratio_w": 0.14532998379467033,
    "sortino_ratio": 0.16288794887871197,
    "sortino_ratio_w": 0.19016439320107187,
    "sterling_ratio": 0.028312434114997585,
    "sterling_ratio_w": 0.034138677499778544
}