{
    "adg": 0.002555693047941121,
    "adg_per_exposure_long": 0.00204292010227108,
    "adg_per_exposure_short": 0.002555693047941121,
    "adg_w": 0.0012612305316456185,
    "adg_w_per_exposure_long": 0.0010081778830100868,
    "adg_w_per_exposure_short": 0.0012612305316456185,
    "calmar_ratio": 0.007942474701481737,
    "calmar_ratio_w": 0.011734318541536467,
    "drawdown_worst": 0.32177540930213283,
    "drawdown_worst_mean_1pct": 0.09426409927290325,
    "equity_balance_diff_neg_max": 0.3429751255837117,
    "equity_balance_diff_neg_mean": 0.0005790442249456006,
    "equity_balance_diff_pos_max": 0.11632307531957263,
    "equity_balance_diff_pos_mean": 0.0004152045615748612,
    "equity_choppiness": 1.7060332172915824,
    "equity_choppiness_w": 2.134420228324337,
    "equity_jerkiness": 0.005124022797205914,
    "equity_jerkiness_w": 0.0037945958865693275,
    "expected_shortfall_1pct": 0.0778266735342745,
    "exponential_fit_error": 0.3994365970132236,
    "exponential_fit_error_w": 0.042297760153896836,
    "gain": 96.18777893323163,
    "gain_per_exposure_long": 76.88871217684384,
    "gain_per_exposure_short": 96.18777893323163,
    "loss_profit_ratio": 0.2230911054033405,
    "loss_profit_ratio_long": 0.2230911054033405,
    "loss_profit_ratio_short": 1.0,
    "loss_profit_ratio_w": 0.32866177769948646,
    "mdg": 0.00029294747350499536,
    "mdg_per_exposure_long": 0.00023417064229016419,
    "mdg_per_exposure_short": 0.00029294747350499536,
    "mdg_w": 0.00029836460582418473,
    "mdg_w_per_exposure_long": 0.00023850088395218605,
    "mdg_w_per_exposure_short": 0.00029836460582418473,
    "omega_ratio": 7.530410616112496,
    "omega_ratio_w": 3.6681071893906925,
    "pnl_ratio_long_short": 1.0,
    "position_held_hours_max": 288.06666666666666,
    "position_held_hours_mean": 6.309391828466973,
    "position_held_hours_median": 0.9166666666666666,
    "position_unchanged_hours_max": 227.35,
    "positions_held_per_day": 3.7713806595863613,
    "sharpe_ratio": 0.0913746097157215,
    "sharpe_ratio_w": 0.07068363444777283,
    "sortino_ratio": 0.15174089988014966,
    "sortino_ratio_w": 0.09494736683187013,
    "sterling_ratio": 0.02711205079828063,
    "sterling_ratio_w": 0.016119726054597782,
    "volume_pct_per_day_avg": 0.49309031692158034,
    "volume_pct_per_day_avg_w": 0.4049879313313027
}