{"config_name": "recursive_grid_THETAUSDT_1395days",
 "logging_level": 0,
 "long": {"auto_unstuck_delay_minutes": 380.4375830416671,
          "auto_unstuck_ema_dist": -0.004841745702350981,
          "auto_unstuck_qty_pct": 0.01,
          "auto_unstuck_wallet_exposure_threshold": 0.0934097593540835,
          "backwards_tp": false,
          "ddown_factor": 1.5113493365107304,
          "ema_span_0": 400.14770375859075,
          "ema_span_1": 1142.208869897152,
          "enabled": true,
          "initial_eprice_ema_dist": 0.005266782213663632,
          "initial_qty_pct": 0.05,
          "markup_range": 0.07415287270789234,
          "min_markup": 0.002210796846408346,
          "n_close_orders": 5,
          "rentry_pprice_dist": 0.057761427155225344,
          "rentry_pprice_dist_wallet_exposure_weighting": 0.9483653044608904,
          "wallet_exposure_limit": 1.0},
 "short": {"auto_unstuck_delay_minutes": 1440,
           "auto_unstuck_ema_dist": -0.028257240801123143,
           "auto_unstuck_qty_pct": 0.06267463610632623,
           "auto_unstuck_wallet_exposure_threshold": 0.9,
           "backwards_tp": true,
           "ddown_factor": 2.1544420283009886,
           "ema_span_0": 474.88815415780914,
           "ema_span_1": 747.0818743499938,
           "enabled": false,
           "initial_eprice_ema_dist": -0.034804201485564845,
           "initial_qty_pct": 0.03979369538982208,
           "markup_range": 0.0168639637285838,
           "min_markup": 0.00540858313899257,
           "n_close_orders": 2,
           "rentry_pprice_dist": 0.010322548763894336,
           "rentry_pprice_dist_wallet_exposure_weighting": 18.137788709295258,
           "wallet_exposure_limit": 1.0}}