{
    "adg": 0.012450220033343173,
    "adg_w": 0.014446877946128622,
    "calmar_ratio": 0.016088676504539306,
    "calmar_ratio_w": 0.02053783814625601,
    "drawdown_worst": 0.7738498583044063,
    "drawdown_worst_mean_1pct": 0.5964514262987091,
    "equity_balance_diff_neg_max": 0.7916640722020164,
    "equity_balance_diff_neg_mean": 0.013397963790461032,
    "equity_balance_diff_pos_max": 0.6367134774434937,
    "equity_balance_diff_pos_mean": 0.03161831920543276,
    "equity_choppiness": 2.2091390161742672,
    "equity_choppiness_w": 2.3554656660226665,
    "equity_jerkiness": 0.03626006149834493,
    "equity_jerkiness_w": 0.040253575154777635,
    "expected_shortfall_1pct": 0.5043799327587053,
    "exponential_fit_error": 0.3772628933317392,
    "exponential_fit_error_w": 0.11873165544854294,
    "gain": 10684944.313581109,
    "loss_profit_ratio": 0.09543111146418237,
    "loss_profit_ratio_long": 0.09543111146418237,
    "loss_profit_ratio_short": 1.0,
    "loss_profit_ratio_w": 0.0957717924265954,
    "mdg": 0.006921975074723724,
    "mdg_w": 0.00889109785005431,
    "omega_ratio": 3.2241454988541505,
    "omega_ratio_w": 3.695346287792996,
    "pnl_ratio_long_short": 1.0,
    "position_held_hours_max": 399.8666666666667,
    "position_held_hours_mean": 2.175798845720721,
    "position_held_hours_median": 0.25,
    "position_unchanged_hours_max": 273.06666666666666,
    "positions_held_per_day": 10.862385321100918,
    "sharpe_ratio": 0.05787666614977861,
    "sharpe_ratio_w": 0.06457875994601811,
    "sortino_ratio": 0.10440531915785813,
    "sortino_ratio_w": 0.10562623806289276,
    "sterling_ratio": 0.02087382053992771,
    "sterling_ratio_w": 0.023503432173354127
}