{"config_name": "recursive_grid_27_symbols_1540days",
 "logging_level": 0,
 "long": {"auto_unstuck_delay_minutes": 1310.6761917396257,
          "auto_unstuck_ema_dist": -0.03021249780795934,
          "auto_unstuck_qty_pct": 0.01,
          "auto_unstuck_wallet_exposure_threshold": 0.07756816881201639,
          "backwards_tp": false,
          "ddown_factor": 1.0475244880658618,
          "ema_span_0": 889.8421342651968,
          "ema_span_1": 1276.3697607393576,
          "enabled": true,
          "initial_eprice_ema_dist": 0.008028143216248621,
          "initial_qty_pct": 0.05,
          "markup_range": 0.047045036494591214,
          "min_markup": 0.003285050450251136,
          "n_close_orders": 6,
          "rentry_pprice_dist": 0.05065954643390952,
          "rentry_pprice_dist_wallet_exposure_weighting": 0.7359372113282718,
          "wallet_exposure_limit": 1.0},
 "short": {"auto_unstuck_delay_minutes": 1427.8176103367355,
           "auto_unstuck_ema_dist": -0.0935392612574094,
           "auto_unstuck_qty_pct": 0.011310583928746655,
           "auto_unstuck_wallet_exposure_threshold": 0.30249858386006745,
           "backwards_tp": true,
           "ddown_factor": 1.1860849457253553,
           "ema_span_0": 658.6972036716476,
           "ema_span_1": 865.4338721264114,
           "enabled": false,
           "initial_eprice_ema_dist": -0.021354693865038354,
           "initial_qty_pct": 0.04691527597412162,
           "markup_range": 0.046307752773166906,
           "min_markup": 0.005020662761507087,
           "n_close_orders": 12,
           "rentry_pprice_dist": 0.006949325837070749,
           "rentry_pprice_dist_wallet_exposure_weighting": 12.057070397767893,
           "wallet_exposure_limit": 1.0}}