{
    "adg": 0.02820912077375426,
    "adg_per_exposure_long": 0.008685074129850449,
    "adg_per_exposure_short": 0.02820912077375426,
    "adg_w": 0.01634476323291143,
    "adg_w_per_exposure_long": 0.0050322546899357855,
    "adg_w_per_exposure_short": 0.01634476323291143,
    "calmar_ratio": 0.24111761849567387,
    "calmar_ratio_w": 0.24350502114771072,
    "drawdown_worst": 0.11699319589232085,
    "drawdown_worst_mean_1pct": 0.11699319589232085,
    "equity_balance_diff_neg_max": 0.15373594715702227,
    "equity_balance_diff_neg_mean": 0.0032227409511258885,
    "equity_balance_diff_pos_max": 0.13672028650866566,
    "equity_balance_diff_pos_mean": 0.0017124369974311758,
    "equity_choppiness": 1.2171725986196535,
    "equity_choppiness_w": 1.1703584580770585,
    "equity_jerkiness": 0.03337209692901453,
    "equity_jerkiness_w": 0.01951512350657652,
    "expected_shortfall_1pct": 0.11699319589232084,
    "exponential_fit_error": 0.07752468754758216,
    "exponential_fit_error_w": 0.008374482956259968,
    "gain": 141.415968366067,
    "gain_per_exposure_long": 43.539399127483684,
    "gain_per_exposure_short": 141.415968366067,
    "loss_profit_ratio": 0.20439051345378248,
    "loss_profit_ratio_long": 0.20439051345378248,
    "loss_profit_ratio_short": 1.0,
    "loss_profit_ratio_w": 0.2338001360464491,
    "mdg": 0.01858160175366548,
    "mdg_per_exposure_long": 0.00572093650051277,
    "mdg_per_exposure_short": 0.01858160175366548,
    "mdg_w": 0.012786132567008049,
    "mdg_w_per_exposure_long": 0.003936617169645335,
    "mdg_w_per_exposure_short": 0.012786132567008049,
    "omega_ratio": 15.409836657207029,
    "omega_ratio_w": 20.664266569247715,
    "pnl_ratio_long_short": 1.0,
    "position_held_hours_max": 67.35,
    "position_held_hours_mean": 4.746666666666667,
    "position_held_hours_median": 2.3333333333333335,
    "position_unchanged_hours_max": 39.21666666666667,
    "positions_held_per_day": 5.02808988764045,
    "sharpe_ratio": 0.5253072316223512,
    "sharpe_ratio_w": 0.468879971463911,
    "sortino_ratio": 0.794912260440586,
    "sortino_ratio_w": 0.5503147563617635,
    "sterling_ratio": 0.24111761849567387,
    "sterling_ratio_w": 0.24350502114771072,
    "volume_pct_per_day_avg": 5.925189503901526,
    "volume_pct_per_day_avg_w": 3.9686245043189645
}