{"config_name": "recursive_grid_APEUSDT_456days",
 "logging_level": 0,
 "long": {"auto_unstuck_delay_minutes": 2663.605767998836,
          "auto_unstuck_ema_dist": -0.03957916326526639,
          "auto_unstuck_qty_pct": 0.01,
          "auto_unstuck_wallet_exposure_threshold": 0.03,
          "backwards_tp": false,
          "ddown_factor": 2.295786459369315,
          "ema_span_0": 213.06706834338826,
          "ema_span_1": 792.955686415093,
          "enabled": true,
          "initial_eprice_ema_dist": -0.1,
          "initial_qty_pct": 0.02,
          "markup_range": 0.02,
          "min_markup": 0.004635723019918056,
          "n_close_orders": 8,
          "rentry_pprice_dist": 0.026725169337124714,
          "rentry_pprice_dist_wallet_exposure_weighting": 2.0015847148683563,
          "wallet_exposure_limit": 1.0},
 "short": {"auto_unstuck_delay_minutes": 846.5536820026997,
           "auto_unstuck_ema_dist": -0.09552228635318118,
           "auto_unstuck_qty_pct": 0.05293534650818669,
           "auto_unstuck_wallet_exposure_threshold": 0.6036522832867851,
           "backwards_tp": true,
           "ddown_factor": 0.292224343364449,
           "ema_span_0": 646.2949742810591,
           "ema_span_1": 806.777927290884,
           "enabled": false,
           "initial_eprice_ema_dist": -0.07939748229686891,
           "initial_qty_pct": 0.02836902020739427,
           "markup_range": 0.028964828009707972,
           "min_markup": 0.00786548460051708,
           "n_close_orders": 9,
           "rentry_pprice_dist": 0.01597334291775735,
           "rentry_pprice_dist_wallet_exposure_weighting": 6.833386084672348,
           "wallet_exposure_limit": 1.0}}