{
    "adg": 0.0012835124682675225,
    "adg_per_exposure_long": 0.000985044104579833,
    "adg_per_exposure_short": 0.012835124682675225,
    "adg_w": 0.0007706757957016031,
    "adg_w_per_exposure_long": 0.0005914626214133562,
    "adg_w_per_exposure_short": 0.0077067579570160305,
    "calmar_ratio": 0.009192747372452827,
    "calmar_ratio_w": 0.015323767124098508,
    "drawdown_worst": 0.13962229312574412,
    "drawdown_worst_mean_1pct": 0.06335941774969829,
    "equity_balance_diff_neg_max": 0.13910034787130268,
    "equity_balance_diff_neg_mean": 0.0025363698528976654,
    "equity_balance_diff_pos_max": 0.049864236006236184,
    "equity_balance_diff_pos_mean": 0.0009959032435345415,
    "equity_choppiness": 1.748824203256742,
    "equity_choppiness_w": 1.748595364416132,
    "equity_jerkiness": 0.0028443883598830906,
    "equity_jerkiness_w": 0.0020815368356787503,
    "expected_shortfall_1pct": 0.05145327227423544,
    "exponential_fit_error": 0.07141630171820902,
    "exponential_fit_error_w": 0.007283822746143437,
    "gain": 10.404006504065736,
    "gain_per_exposure_long": 7.9846557974410866,
    "gain_per_exposure_short": 104.04006504065735,
    "loss_profit_ratio": 0.10550845741809661,
    "loss_profit_ratio_long": 0.10550845741809661,
    "loss_profit_ratio_short": 1.0,
    "loss_profit_ratio_w": 0.10447562594335287,
    "mdg": 0.0002980009187603793,
    "mdg_per_exposure_long": 0.00022870369820443537,
    "mdg_per_exposure_short": 0.002980009187603793,
    "mdg_w": 0.00019622756816243042,
    "mdg_w_per_exposure_long": 0.00015059675223517302,
    "mdg_w_per_exposure_short": 0.001962275681624304,
    "omega_ratio": 4.78982295120358,
    "omega_ratio_w": 3.9057343958329698,
    "pnl_ratio_long_short": 1.0,
    "position_held_hours_max": 389.56666666666666,
    "position_held_hours_mean": 35.27634060900027,
    "position_held_hours_median": 17.141666666666666,
    "position_unchanged_hours_max": 389.56666666666666,
    "positions_held_per_day": 1.3548740416210296,
    "sharpe_ratio": 0.10783877758161765,
    "sharpe_ratio_w": 0.10573977298605468,
    "sortino_ratio": 0.12246378462140152,
    "sortino_ratio_w": 0.11373151863592834,
    "sterling_ratio": 0.020257643044291302,
    "sterling_ratio_w": 0.019026078241636716,
    "volume_pct_per_day_avg": 0.3829774683817972,
    "volume_pct_per_day_avg_w": 0.2760955956699231
}