{
    "adg": 0.005657935130135128,
    "adg_w": 0.005659687848385886,
    "calmar_ratio": 0.012581325458981616,
    "calmar_ratio_w": 0.01924338550607583,
    "drawdown_worst": 0.4497089872272571,
    "drawdown_worst_mean_1pct": 0.2490375653403073,
    "equity_balance_diff_neg_max": 0.48467388374969966,
    "equity_balance_diff_neg_mean": 0.008194759599501148,
    "equity_balance_diff_pos_max": 0.04596528818434351,
    "equity_balance_diff_pos_mean": 0.00014185678642560608,
    "equity_choppiness": 2.1172021378407906,
    "equity_choppiness_w": 2.254092332075825,
    "equity_jerkiness": 0.013835859616671461,
    "equity_jerkiness_w": 0.015776295593370522,
    "expected_shortfall_1pct": 0.2033982453074239,
    "exponential_fit_error": 0.4439663479430308,
    "exponential_fit_error_w": 0.05756995620962289,
    "gain": 29800.252916689693,
    "loss_profit_ratio": 0.2908440891146882,
    "loss_profit_ratio_long": 0.2908440891146882,
    "loss_profit_ratio_short": 1.0,
    "loss_profit_ratio_w": 0.2824904001608357,
    "mdg": 0.0034575578267047025,
    "mdg_w": 0.0036742663169665553,
    "omega_ratio": 3.464268920973548,
    "omega_ratio_w": 2.9964916763918885,
    "pnl_ratio_long_short": 1.0,
    "position_held_hours_max": 305.68333333333334,
    "position_held_hours_mean": 1.7805274273866962,
    "position_held_hours_median": 0.38333333333333336,
    "position_unchanged_hours_max": 138.78333333333333,
    "positions_held_per_day": 47.10569550930997,
    "sharpe_ratio": 0.12743432049289552,
    "sharpe_ratio_w": 0.1364353401956477,
    "sortino_ratio": 0.11918313013510845,
    "sortino_ratio_w": 0.12580007344761573,
    "sterling_ratio": 0.022719203516158765,
    "sterling_ratio_w": 0.023458506064837303
}