{"config_name": "recursive_grid_SUSHIUSDT_1194days",
 "logging_level": 0,
 "long": {"auto_unstuck_delay_minutes": 1025.4089306230705,
          "auto_unstuck_ema_dist": 0.004549615263175684,
          "auto_unstuck_qty_pct": 0.06817470791420352,
          "auto_unstuck_wallet_exposure_threshold": 0.08562028565173423,
          "backwards_tp": false,
          "ddown_factor": 1.2962233441781301,
          "ema_span_0": 429.57527795325507,
          "ema_span_1": 1365.6413345659541,
          "enabled": true,
          "initial_eprice_ema_dist": 0.009989307362889667,
          "initial_qty_pct": 0.001,
          "markup_range": 0.008764510564247938,
          "min_markup": 0.004569225551838402,
          "n_close_orders": 3,
          "rentry_pprice_dist": 0.009913397155863226,
          "rentry_pprice_dist_wallet_exposure_weighting": 2.452255141437581,
          "wallet_exposure_limit": 1.0},
 "short": {"auto_unstuck_delay_minutes": 1285.0197427173996,
           "auto_unstuck_ema_dist": -0.07444294420323476,
           "auto_unstuck_qty_pct": 0.027114774570766158,
           "auto_unstuck_wallet_exposure_threshold": 0.26382861450562595,
           "backwards_tp": true,
           "ddown_factor": 1.7055579661631575,
           "ema_span_0": 685.8832283711654,
           "ema_span_1": 1229.330935650125,
           "enabled": false,
           "initial_eprice_ema_dist": -0.04044931868630516,
           "initial_qty_pct": 0.022125774324916594,
           "markup_range": 0.015085748695896796,
           "min_markup": 0.00967190457798972,
           "n_close_orders": 12,
           "rentry_pprice_dist": 0.016968601537292568,
           "rentry_pprice_dist_wallet_exposure_weighting": 7.01425067126312,
           "wallet_exposure_limit": 1.0}}