{
    "adg": 0.00283167271054241,
    "adg_per_exposure_long": 0.0016320880176036944,
    "adg_per_exposure_short": 0.00283167271054241,
    "adg_w": 0.002377587044111884,
    "adg_w_per_exposure_long": 0.0013703671723987803,
    "adg_w_per_exposure_short": 0.002377587044111884,
    "calmar_ratio": 0.009055479594506722,
    "calmar_ratio_w": 0.007602356947350809,
    "drawdown_worst": 0.31270267698026427,
    "drawdown_worst_mean_1pct": 0.19292730370615901,
    "equity_balance_diff_neg_max": 0.29829054352862355,
    "equity_balance_diff_neg_mean": 0.0007537831030349219,
    "equity_balance_diff_pos_max": 0.287963559351798,
    "equity_balance_diff_pos_mean": 0.0007875465291993888,
    "equity_choppiness": 1.7073696261021354,
    "equity_choppiness_w": 1.5768858967542212,
    "equity_jerkiness": 0.006623557281682605,
    "equity_jerkiness_w": 0.005846826895720673,
    "expected_shortfall_1pct": 0.1369910760536291,
    "exponential_fit_error": 0.39981172311078206,
    "exponential_fit_error_w": 0.044309488490581805,
    "gain": 207.6419752583433,
    "gain_per_exposure_long": 119.6783719068261,
    "gain_per_exposure_short": 207.6419752583433,
    "loss_profit_ratio": 0.2679380358714968,
    "loss_profit_ratio_long": 0.2679380358714968,
    "loss_profit_ratio_short": 1.0,
    "loss_profit_ratio_w": 0.22291194060092218,
    "mdg": 0.0004471908071368258,
    "mdg_per_exposure_long": 0.0002577468629030696,
    "mdg_per_exposure_short": 0.0004471908071368258,
    "mdg_w": 0.0004709467182174072,
    "mdg_w_per_exposure_long": 0.00027143903067285716,
    "mdg_w_per_exposure_short": 0.0004709467182174072,
    "omega_ratio": 4.998394913227307,
    "omega_ratio_w": 4.861317701153071,
    "pnl_ratio_long_short": 1.0,
    "position_held_hours_max": 246.46666666666667,
    "position_held_hours_mean": 8.877817132362587,
    "position_held_hours_median": 2.2666666666666666,
    "position_unchanged_hours_max": 167.4,
    "positions_held_per_day": 2.6931637519872815,
    "sharpe_ratio": 0.0830619530055027,
    "sharpe_ratio_w": 0.05902749858456087,
    "sortino_ratio": 0.11042678802078001,
    "sortino_ratio_w": 0.07811665894117972,
    "sterling_ratio": 0.01467740779115036,
    "sterling_ratio_w": 0.012376420173728345,
    "volume_pct_per_day_avg": 0.7506342490059911,
    "volume_pct_per_day_avg_w": 0.6873706586014297
}