{"config_name": "recursive_grid_DASHUSDT_1407days",
 "logging_level": 0,
 "long": {"auto_unstuck_delay_minutes": 763.4863164525631,
          "auto_unstuck_ema_dist": 0.003372076407601959,
          "auto_unstuck_qty_pct": 0.010394090520429283,
          "auto_unstuck_wallet_exposure_threshold": 0.050000112300296794,
          "backwards_tp": false,
          "ddown_factor": 1.0,
          "ema_span_0": 73.24181595475507,
          "ema_span_1": 139.24174681787912,
          "enabled": true,
          "initial_eprice_ema_dist": 0.01,
          "initial_qty_pct": 0.001,
          "markup_range": 0.019979412192610554,
          "min_markup": 0.003011679887802047,
          "n_close_orders": 3,
          "rentry_pprice_dist": 0.009535718353461087,
          "rentry_pprice_dist_wallet_exposure_weighting": 2.4988770964791662,
          "wallet_exposure_limit": 1.0},
 "short": {"auto_unstuck_delay_minutes": 28.27582845996178,
           "auto_unstuck_ema_dist": -0.07689387638825682,
           "auto_unstuck_qty_pct": 0.08860208433678278,
           "auto_unstuck_wallet_exposure_threshold": 0.35627111181387405,
           "backwards_tp": true,
           "ddown_factor": 2.3004162700079207,
           "ema_span_0": 1129.5659709454137,
           "ema_span_1": 800.3830120402649,
           "enabled": false,
           "initial_eprice_ema_dist": -0.043710455586666884,
           "initial_qty_pct": 0.018636355842909284,
           "markup_range": 0.054086415121459966,
           "min_markup": 0.006207962865612711,
           "n_close_orders": 9,
           "rentry_pprice_dist": 0.006095521254651317,
           "rentry_pprice_dist_wallet_exposure_weighting": 17.663892247114326,
           "wallet_exposure_limit": 1.0}}