{"config_name": "recursive_grid_TRXUSDT_1528days",
 "logging_level": 0,
 "long": {"auto_unstuck_delay_minutes": 203.71796190789175,
          "auto_unstuck_ema_dist": 0.047651126237717153,
          "auto_unstuck_qty_pct": 0.01,
          "auto_unstuck_wallet_exposure_threshold": 0.08930730635425707,
          "backwards_tp": false,
          "ddown_factor": 0.9991958242818093,
          "ema_span_0": 1343.326649848528,
          "ema_span_1": 1318.9466843930481,
          "enabled": true,
          "initial_eprice_ema_dist": 0.00998565134986475,
          "initial_qty_pct": 0.05,
          "markup_range": 0.03,
          "min_markup": 0.004687050009832708,
          "n_close_orders": 5,
          "rentry_pprice_dist": 0.06675129615996722,
          "rentry_pprice_dist_wallet_exposure_weighting": 0.5,
          "wallet_exposure_limit": 1.0},
 "short": {"auto_unstuck_delay_minutes": 890.2987673531235,
           "auto_unstuck_ema_dist": -0.07699231852385,
           "auto_unstuck_qty_pct": 0.0926452259778836,
           "auto_unstuck_wallet_exposure_threshold": 0.8174721361734159,
           "backwards_tp": true,
           "ddown_factor": 3,
           "ema_span_0": 1440,
           "ema_span_1": 818.3319810807278,
           "enabled": false,
           "initial_eprice_ema_dist": -0.09158835236356214,
           "initial_qty_pct": 0.04069017091992594,
           "markup_range": 0.06,
           "min_markup": 0.007217540332837908,
           "n_close_orders": 10,
           "rentry_pprice_dist": 0.021914263814411337,
           "rentry_pprice_dist_wallet_exposure_weighting": 2.065291655434434,
           "wallet_exposure_limit": 1.0}}