{"config_name": "recursive_grid_XLMUSDT_1422days",
 "logging_level": 0,
 "long": {"auto_unstuck_delay_minutes": 634.8248298616573,
          "auto_unstuck_ema_dist": -0.006314272787942051,
          "auto_unstuck_qty_pct": 0.09117914662640705,
          "auto_unstuck_wallet_exposure_threshold": 0.06613260876153657,
          "backwards_tp": false,
          "ddown_factor": 1.0,
          "ema_span_0": 840.6331939344001,
          "ema_span_1": 828.202828493072,
          "enabled": true,
          "initial_eprice_ema_dist": 0.01,
          "initial_qty_pct": 0.001,
          "markup_range": 0.01960864808406731,
          "min_markup": 0.00899982330259038,
          "n_close_orders": 6,
          "rentry_pprice_dist": 0.01,
          "rentry_pprice_dist_wallet_exposure_weighting": 1.3616811137903395,
          "wallet_exposure_limit": 1.0},
 "short": {"auto_unstuck_delay_minutes": 511.1802858230539,
           "auto_unstuck_ema_dist": -0.07910158263646688,
           "auto_unstuck_qty_pct": 0.06589833088002857,
           "auto_unstuck_wallet_exposure_threshold": 0.5012025875959604,
           "backwards_tp": true,
           "ddown_factor": 2.0189524704058908,
           "ema_span_0": 1044.7490558188526,
           "ema_span_1": 1167.1392449618425,
           "enabled": false,
           "initial_eprice_ema_dist": -0.06042112736954498,
           "initial_qty_pct": 0.02054159037281344,
           "markup_range": 0.058185131078083166,
           "min_markup": 0.0031267375449400957,
           "n_close_orders": 15,
           "rentry_pprice_dist": 0.014923847734093203,
           "rentry_pprice_dist_wallet_exposure_weighting": 2.2450875837422,
           "wallet_exposure_limit": 1.0}}