{"config_name": "recursive_grid_LINKUSDT_1425days",
 "logging_level": 0,
 "long": {"auto_unstuck_delay_minutes": 795.9882615225139,
          "auto_unstuck_ema_dist": -0.0030067164488480147,
          "auto_unstuck_qty_pct": 0.04789941829315358,
          "auto_unstuck_wallet_exposure_threshold": 0.09999726166651826,
          "backwards_tp": false,
          "ddown_factor": 1.0184225975599301,
          "ema_span_0": 902.2796070048015,
          "ema_span_1": 1317.120887168131,
          "enabled": true,
          "initial_eprice_ema_dist": 0.008243097706302906,
          "initial_qty_pct": 0.001,
          "markup_range": 0.02,
          "min_markup": 0.003579237820723239,
          "n_close_orders": 3,
          "rentry_pprice_dist": 0.009189301186153352,
          "rentry_pprice_dist_wallet_exposure_weighting": 2.4961288680177383,
          "wallet_exposure_limit": 1.0},
 "short": {"auto_unstuck_delay_minutes": 916.2222755565822,
           "auto_unstuck_ema_dist": -0.07396224967839944,
           "auto_unstuck_qty_pct": 0.048281194660868706,
           "auto_unstuck_wallet_exposure_threshold": 0.12258864081943735,
           "backwards_tp": true,
           "ddown_factor": 0.46438591214387703,
           "ema_span_0": 984.6186002136017,
           "ema_span_1": 181.1669967308205,
           "enabled": false,
           "initial_eprice_ema_dist": -0.09549459011393156,
           "initial_qty_pct": 0.04060047776873904,
           "markup_range": 0.03136896788547767,
           "min_markup": 0.0014441390766340395,
           "n_close_orders": 11,
           "rentry_pprice_dist": 0.02765271491079134,
           "rentry_pprice_dist_wallet_exposure_weighting": 14.30778361422005,
           "wallet_exposure_limit": 1.0}}