{"config_name": "recursive_grid_RENUSDT_1155days",
 "logging_level": 0,
 "long": {"auto_unstuck_delay_minutes": 95.18745842550935,
          "auto_unstuck_ema_dist": 0.004445043708772592,
          "auto_unstuck_qty_pct": 0.019492108423483093,
          "auto_unstuck_wallet_exposure_threshold": 0.057406184559527874,
          "backwards_tp": false,
          "ddown_factor": 1.2669868626840857,
          "ema_span_0": 747.0461239847947,
          "ema_span_1": 436.90702804983533,
          "enabled": true,
          "initial_eprice_ema_dist": 0.01,
          "initial_qty_pct": 0.001,
          "markup_range": 0.01973501766565238,
          "min_markup": 0.003,
          "n_close_orders": 6,
          "rentry_pprice_dist": 0.009819741479609897,
          "rentry_pprice_dist_wallet_exposure_weighting": 2.3330771820529277,
          "wallet_exposure_limit": 1.0},
 "short": {"auto_unstuck_delay_minutes": 1249.1622614796868,
           "auto_unstuck_ema_dist": -0.0376553784319333,
           "auto_unstuck_qty_pct": 0.09921966607117054,
           "auto_unstuck_wallet_exposure_threshold": 0.8587315297939269,
           "backwards_tp": true,
           "ddown_factor": 1.647375340612346,
           "ema_span_0": 906.5452769235557,
           "ema_span_1": 324.31858215877884,
           "enabled": false,
           "initial_eprice_ema_dist": -0.09096323193467651,
           "initial_qty_pct": 0.044677003336958024,
           "markup_range": 0.015741128503630193,
           "min_markup": 0.005232697838066593,
           "n_close_orders": 5,
           "rentry_pprice_dist": 0.03543082438899966,
           "rentry_pprice_dist_wallet_exposure_weighting": 18.824386329350013,
           "wallet_exposure_limit": 1.0}}