{
    "adg": 0.002233469233957619,
    "adg_per_exposure_long": 0.0021747509580892104,
    "adg_per_exposure_short": 0.002233469233957619,
    "adg_w": 0.0009520779778850353,
    "adg_w_per_exposure_long": 0.0009270476902483305,
    "adg_w_per_exposure_short": 0.0009520779778850353,
    "calmar_ratio": 0.008540886262679327,
    "calmar_ratio_w": 0.010497699161262166,
    "drawdown_worst": 0.2615032170276163,
    "drawdown_worst_mean_1pct": 0.07273212580674315,
    "equity_balance_diff_neg_max": 0.28155890153240565,
    "equity_balance_diff_neg_mean": 0.0004762506020457963,
    "equity_balance_diff_pos_max": 0.11193161799730503,
    "equity_balance_diff_pos_mean": 0.0003579462334718373,
    "equity_choppiness": 1.6592996800443114,
    "equity_choppiness_w": 2.21200018839162,
    "equity_jerkiness": 0.00438409861690433,
    "equity_jerkiness_w": 0.002989170869116541,
    "expected_shortfall_1pct": 0.06140969806389936,
    "exponential_fit_error": 0.3460814825870707,
    "exponential_fit_error_w": 0.03572765667745004,
    "gain": 54.12092973048252,
    "gain_per_exposure_long": 52.69808152919428,
    "gain_per_exposure_short": 54.12092973048252,
    "loss_profit_ratio": 0.2102253214407085,
    "loss_profit_ratio_long": 0.2102253214407085,
    "loss_profit_ratio_short": 1.0,
    "loss_profit_ratio_w": 0.3400000307756245,
    "mdg": 0.00024018765567350122,
    "mdg_per_exposure_long": 0.00023387308244742088,
    "mdg_per_exposure_short": 0.00024018765567350122,
    "mdg_w": 0.00024071233296266877,
    "mdg_w_per_exposure_long": 0.00023438396588380602,
    "mdg_w_per_exposure_short": 0.00024071233296266877,
    "omega_ratio": 8.130149039107968,
    "omega_ratio_w": 3.4448902043371263,
    "pnl_ratio_long_short": 1.0,
    "position_held_hours_max": 288.06666666666666,
    "position_held_hours_mean": 6.2581510301962515,
    "position_held_hours_median": 0.9166666666666666,
    "position_unchanged_hours_max": 227.35,
    "positions_held_per_day": 3.8071548351034097,
    "sharpe_ratio": 0.09796814867915506,
    "sharpe_ratio_w": 0.06659609206440736,
    "sortino_ratio": 0.16579744113431374,
    "sortino_ratio_w": 0.0862833413877503,
    "sterling_ratio": 0.03070815281670963,
    "sterling_ratio_w": 0.014838623597868403,
    "volume_pct_per_day_avg": 0.41169012453408144,
    "volume_pct_per_day_avg_w": 0.33161731468672173
}