{
    "adg": 0.007926194274423537,
    "adg_w": 0.00871428302376973,
    "calmar_ratio": 0.011506138191145272,
    "calmar_ratio_w": 0.013486713549821222,
    "drawdown_worst": 0.6888665982234824,
    "drawdown_worst_mean_1pct": 0.423676396264402,
    "equity_balance_diff_neg_max": 0.6961961057479232,
    "equity_balance_diff_neg_mean": 0.010764388923133325,
    "equity_balance_diff_pos_max": 0.16447840483189075,
    "equity_balance_diff_pos_mean": 0.0031820750358872115,
    "equity_choppiness": 1.9887073640526227,
    "equity_choppiness_w": 2.1997525947708216,
    "equity_jerkiness": 0.019429027081243045,
    "equity_jerkiness_w": 0.02733946824252263,
    "expected_shortfall_1pct": 0.36364787242458413,
    "exponential_fit_error": 0.12648997202033285,
    "exponential_fit_error_w": 0.04016271551985569,
    "gain": 30533.834616184427,
    "loss_profit_ratio": 0.2872728159678796,
    "loss_profit_ratio_long": 0.2872728159678796,
    "loss_profit_ratio_short": 1.0,
    "loss_profit_ratio_w": 0.29027386772011854,
    "mdg": 0.0015969420603903898,
    "mdg_w": 0.0020690800136863047,
    "omega_ratio": 4.285547700539768,
    "omega_ratio_w": 3.951837431049209,
    "pnl_ratio_long_short": 1.0,
    "position_held_hours_max": 277.6166666666667,
    "position_held_hours_mean": 5.153166970651633,
    "position_held_hours_median": 2.15,
    "position_unchanged_hours_max": 177.55,
    "positions_held_per_day": 4.61085626911315,
    "sharpe_ratio": 0.07987187835606861,
    "sharpe_ratio_w": 0.0733258038137615,
    "sortino_ratio": 0.11046752303919029,
    "sortino_ratio_w": 0.10458888991065414,
    "sterling_ratio": 0.01870813277376224,
    "sterling_ratio_w": 0.017691270252883882
}