{"config_name": "recursive_grid_ONDOUSDT_71days",
 "logging_level": 0,
 "long": {"auto_unstuck_delay_minutes": 2231.909816630017,
          "auto_unstuck_ema_dist": 0.0,
          "auto_unstuck_qty_pct": 0.01,
          "auto_unstuck_wallet_exposure_threshold": 0.0350408752607926,
          "backwards_tp": false,
          "ddown_factor": 2.6240371501490567,
          "ema_span_0": 1275.5080119875659,
          "ema_span_1": 608.9513938567922,
          "enabled": true,
          "initial_eprice_ema_dist": -0.007215150661179698,
          "initial_qty_pct": 0.028670265311806907,
          "markup_range": 0.02617570821059487,
          "min_markup": 0.01920689533764978,
          "n_close_orders": 6,
          "rentry_pprice_dist": 0.027397252904475256,
          "rentry_pprice_dist_wallet_exposure_weighting": 1.8836349224662512,
          "wallet_exposure_limit": 1.0},
 "short": {"auto_unstuck_delay_minutes": 0.0,
           "auto_unstuck_ema_dist": 0.0,
           "auto_unstuck_qty_pct": 0.0,
           "auto_unstuck_wallet_exposure_threshold": 0.0,
           "backwards_tp": true,
           "ddown_factor": 0.3426715642918525,
           "ema_span_0": 1427.6551521593062,
           "ema_span_1": 440.04449503689597,
           "enabled": false,
           "initial_eprice_ema_dist": -0.005482203881996276,
           "initial_qty_pct": 0.014618838436278356,
           "markup_range": 0.0015538059911857827,
           "min_markup": 0.008132450815234102,
           "n_close_orders": 6,
           "rentry_pprice_dist": 0.023192167302865378,
           "rentry_pprice_dist_wallet_exposure_weighting": 4.964958770393416,
           "wallet_exposure_limit": 1.0}}