{
    "adg": 0.006677504515809618,
    "adg_w": 0.005197844276833852,
    "calmar_ratio": 0.02068273437629064,
    "calmar_ratio_w": 0.022528435812393006,
    "drawdown_worst": 0.3228540479378917,
    "drawdown_worst_mean_1pct": 0.2207258928658314,
    "equity_balance_diff_neg_max": 0.3216787952762818,
    "equity_balance_diff_neg_mean": 0.005064717531866463,
    "equity_balance_diff_pos_max": 0.27922038290840495,
    "equity_balance_diff_pos_mean": 0.003925661322708304,
    "equity_choppiness": 2.1297013456226903,
    "equity_choppiness_w": 2.2319527371539416,
    "equity_jerkiness": 0.017691486291728137,
    "equity_jerkiness_w": 0.017437438380287495,
    "expected_shortfall_1pct": 0.18853843296186504,
    "exponential_fit_error": 0.06905405199020338,
    "exponential_fit_error_w": 0.012899360042329897,
    "gain": 3837.5247165430724,
    "loss_profit_ratio": 0.2244864128650973,
    "loss_profit_ratio_long": 0.2244864128650973,
    "loss_profit_ratio_short": 1.0,
    "loss_profit_ratio_w": 0.24088534608306394,
    "mdg": 0.0015919494477552244,
    "mdg_w": 0.0013552957556462607,
    "omega_ratio": 4.049034190342673,
    "omega_ratio_w": 3.176935307545719,
    "pnl_ratio_long_short": 1.0,
    "position_held_hours_max": 144.71666666666667,
    "position_held_hours_mean": 7.300770124963673,
    "position_held_hours_median": 3.316666666666667,
    "position_unchanged_hours_max": 120.2,
    "positions_held_per_day": 2.775,
    "sharpe_ratio": 0.11801825032677724,
    "sharpe_ratio_w": 0.09910431298891621,
    "sortino_ratio": 0.1703194483320814,
    "sortino_ratio_w": 0.12944470820866014,
    "sterling_ratio": 0.030252474818930963,
    "sterling_ratio_w": 0.025001966439225976
}