{
    "adg": 0.005981615662714823,
    "adg_w": 0.006607198196469599,
    "calmar_ratio": 0.011628079135398628,
    "calmar_ratio_w": 0.013681866479269167,
    "drawdown_worst": 0.5144113308022963,
    "drawdown_worst_mean_1pct": 0.3176600307940473,
    "equity_balance_diff_neg_max": 0.5230408389498515,
    "equity_balance_diff_neg_mean": 0.008097114537341495,
    "equity_balance_diff_pos_max": 0.12361601206888105,
    "equity_balance_diff_pos_mean": 0.0023895121551737145,
    "equity_choppiness": 1.8707217876288635,
    "equity_choppiness_w": 2.11503468816331,
    "equity_jerkiness": 0.014607352170343894,
    "equity_jerkiness_w": 0.0204118479307938,
    "expected_shortfall_1pct": 0.26464635336809883,
    "exponential_fit_error": 0.07549034842009444,
    "exponential_fit_error_w": 0.02346386415703544,
    "gain": 2442.1797078670506,
    "loss_profit_ratio": 0.2792543674833942,
    "loss_profit_ratio_long": 0.2792543674833942,
    "loss_profit_ratio_short": 1.0,
    "loss_profit_ratio_w": 0.2851106533311051,
    "mdg": 0.0011928429654255272,
    "mdg_w": 0.0015630703478050404,
    "omega_ratio": 4.2517219623718985,
    "omega_ratio_w": 3.861337178996404,
    "pnl_ratio_long_short": 1.0,
    "position_held_hours_max": 277.6166666666667,
    "position_held_hours_mean": 5.145422185430464,
    "position_held_hours_median": 2.15,
    "position_unchanged_hours_max": 177.66666666666666,
    "positions_held_per_day": 4.617737003058104,
    "sharpe_ratio": 0.09645052800790765,
    "sharpe_ratio_w": 0.09224429688203656,
    "sortino_ratio": 0.11438669996407529,
    "sortino_ratio_w": 0.10978409477877533,
    "sterling_ratio": 0.018830243287966442,
    "sterling_ratio_w": 0.017919669549764497
}