{"config_name": "recursive_grid_ZILUSDT_1272days",
 "logging_level": 0,
 "long": {"auto_unstuck_delay_minutes": 854.1565517488052,
          "auto_unstuck_ema_dist": -0.009267979388781844,
          "auto_unstuck_qty_pct": 0.08936593239658698,
          "auto_unstuck_wallet_exposure_threshold": 0.0714587357205055,
          "backwards_tp": false,
          "ddown_factor": 1.8401865192709648,
          "ema_span_0": 855.1754599768801,
          "ema_span_1": 881.8430485036845,
          "enabled": true,
          "initial_eprice_ema_dist": 0.01,
          "initial_qty_pct": 0.001,
          "markup_range": 0.015068666588086158,
          "min_markup": 0.0056177320286719575,
          "n_close_orders": 5,
          "rentry_pprice_dist": 0.01,
          "rentry_pprice_dist_wallet_exposure_weighting": 1.9606988096450924,
          "wallet_exposure_limit": 1.0},
 "short": {"auto_unstuck_delay_minutes": 1027.3959691390073,
           "auto_unstuck_ema_dist": -0.05628989598761719,
           "auto_unstuck_qty_pct": 0.03084765690566424,
           "auto_unstuck_wallet_exposure_threshold": 0.514978712254583,
           "backwards_tp": true,
           "ddown_factor": 1.969802171056538,
           "ema_span_0": 72.62652681041398,
           "ema_span_1": 1242.7397163301046,
           "enabled": false,
           "initial_eprice_ema_dist": -0.0657108117683948,
           "initial_qty_pct": 0.02795984322597106,
           "markup_range": 0.039007831622641514,
           "min_markup": 0.007006880481735381,
           "n_close_orders": 15,
           "rentry_pprice_dist": 0.04002765572761962,
           "rentry_pprice_dist_wallet_exposure_weighting": 2.8292920630931406,
           "wallet_exposure_limit": 1.0}}