{
    "adg": 0.007800835364753622,
    "adg_w": 0.013706395989590003,
    "calmar_ratio": 0.011214674562552672,
    "calmar_ratio_w": 0.02411801435208776,
    "drawdown_worst": 0.6955917731934617,
    "drawdown_worst_mean_1pct": 0.3147877187070521,
    "equity_balance_diff_neg_max": 0.7004901462868017,
    "equity_balance_diff_neg_mean": 0.0038620838124625513,
    "equity_balance_diff_pos_max": 0.8935117661612368,
    "equity_balance_diff_pos_mean": 0.027668814363981588,
    "equity_choppiness": 1.4973579829983275,
    "equity_choppiness_w": 1.4897145216186272,
    "equity_jerkiness": 0.015923587193057077,
    "equity_jerkiness_w": 0.030074877584062364,
    "expected_shortfall_1pct": 0.28066174319343035,
    "exponential_fit_error": 0.8816389632553224,
    "exponential_fit_error_w": 0.23811067384471865,
    "gain": 678431.1846067309,
    "loss_profit_ratio": 0.00448900062879925,
    "loss_profit_ratio_long": 0.00448900062879925,
    "loss_profit_ratio_short": 1.0,
    "loss_profit_ratio_w": 0.0045797139415207685,
    "mdg": 0.0008801207912240595,
    "mdg_w": 0.0034343291731478514,
    "omega_ratio": 8.863755582805082,
    "omega_ratio_w": 6.712988753282358,
    "pnl_ratio_long_short": 1.0,
    "position_held_hours_max": 421.1333333333333,
    "position_held_hours_mean": 2.6843404702387423,
    "position_held_hours_median": 0.15,
    "position_unchanged_hours_max": 328.2,
    "positions_held_per_day": 15.973958333333334,
    "sharpe_ratio": 0.07160394980403068,
    "sharpe_ratio_w": 0.09691344391802884,
    "sortino_ratio": 0.14174609547811495,
    "sortino_ratio_w": 0.1730055760178868,
    "sterling_ratio": 0.024781257022333962,
    "sterling_ratio_w": 0.03131990260614696
}