{"config_name": "recursive_grid_SNXUSDT_1316days",
 "logging_level": 0,
 "long": {"auto_unstuck_delay_minutes": 0.0,
          "auto_unstuck_ema_dist": 0.0,
          "auto_unstuck_qty_pct": 0.0,
          "auto_unstuck_wallet_exposure_threshold": 0.0,
          "backwards_tp": false,
          "ddown_factor": 0.901208889375823,
          "ema_span_0": 654.4983210041165,
          "ema_span_1": 959.5780234170638,
          "enabled": true,
          "initial_eprice_ema_dist": 0.005169091173577923,
          "initial_qty_pct": 0.05,
          "markup_range": 0.03,
          "min_markup": 0.01,
          "n_close_orders": 7,
          "rentry_pprice_dist": 0.05457999687493752,
          "rentry_pprice_dist_wallet_exposure_weighting": 2.7549834010609713,
          "wallet_exposure_limit": 1.0},
 "short": {"auto_unstuck_delay_minutes": 780.7410007327419,
           "auto_unstuck_ema_dist": -0.04776921769157914,
           "auto_unstuck_qty_pct": 0.062396279955501226,
           "auto_unstuck_wallet_exposure_threshold": 0.9,
           "backwards_tp": true,
           "ddown_factor": 2.0845826668565226,
           "ema_span_0": 261.3041071985232,
           "ema_span_1": 325.666341571058,
           "enabled": false,
           "initial_eprice_ema_dist": -0.1,
           "initial_qty_pct": 0.044913695583246864,
           "markup_range": 0.04429077774183773,
           "min_markup": 0.007644774174654729,
           "n_close_orders": 4,
           "rentry_pprice_dist": 0.027323951531546355,
           "rentry_pprice_dist_wallet_exposure_weighting": 18.461380288177672,
           "wallet_exposure_limit": 1.0}}