{"config_name": "recursive_grid_RENUSDT_1155days",
 "logging_level": 0,
 "long": {"auto_unstuck_delay_minutes": 1.0,
          "auto_unstuck_ema_dist": -0.006166558032056072,
          "auto_unstuck_qty_pct": 0.03205291244423281,
          "auto_unstuck_wallet_exposure_threshold": 0.08706013440213031,
          "backwards_tp": false,
          "ddown_factor": 1.0427158166131114,
          "ema_span_0": 96.14324603605091,
          "ema_span_1": 1074.0457400657476,
          "enabled": true,
          "initial_eprice_ema_dist": 0.00999984407459456,
          "initial_qty_pct": 0.001,
          "markup_range": 0.0050545136950192636,
          "min_markup": 0.0030130406125661274,
          "n_close_orders": 3,
          "rentry_pprice_dist": 0.009017526857571508,
          "rentry_pprice_dist_wallet_exposure_weighting": 1.0105167232511911,
          "wallet_exposure_limit": 1.0},
 "short": {"auto_unstuck_delay_minutes": 1030.310916834084,
           "auto_unstuck_ema_dist": -0.039755957338824185,
           "auto_unstuck_qty_pct": 0.020168269602696166,
           "auto_unstuck_wallet_exposure_threshold": 0.7684643505095705,
           "backwards_tp": true,
           "ddown_factor": 0.5738041225577716,
           "ema_span_0": 1140.2030571667149,
           "ema_span_1": 414.89403465503136,
           "enabled": false,
           "initial_eprice_ema_dist": -0.012120409520348957,
           "initial_qty_pct": 0.04851664576204368,
           "markup_range": 0.01990290317395661,
           "min_markup": 0.009150235453254354,
           "n_close_orders": 14,
           "rentry_pprice_dist": 0.04624567578381767,
           "rentry_pprice_dist_wallet_exposure_weighting": 11.482058084841684,
           "wallet_exposure_limit": 1.0}}