{"config_name": "recursive_grid_BALUSDT_1197days",
 "logging_level": 0,
 "long": {"auto_unstuck_delay_minutes": 934.7288523697098,
          "auto_unstuck_ema_dist": 0.003570289085755842,
          "auto_unstuck_qty_pct": 0.04386282759811891,
          "auto_unstuck_wallet_exposure_threshold": 0.0713033592338683,
          "backwards_tp": false,
          "ddown_factor": 1.0666819024990528,
          "ema_span_0": 451.4976643699634,
          "ema_span_1": 766.5933287129384,
          "enabled": true,
          "initial_eprice_ema_dist": 0.004552909824635526,
          "initial_qty_pct": 0.001,
          "markup_range": 0.01443146960481506,
          "min_markup": 0.0031720788030164967,
          "n_close_orders": 5,
          "rentry_pprice_dist": 0.009683203349060988,
          "rentry_pprice_dist_wallet_exposure_weighting": 1.8392318737629,
          "wallet_exposure_limit": 1.0},
 "short": {"auto_unstuck_delay_minutes": 1079.6143934537174,
           "auto_unstuck_ema_dist": -0.07409842824707999,
           "auto_unstuck_qty_pct": 0.03646918044166792,
           "auto_unstuck_wallet_exposure_threshold": 0.8059346310883624,
           "backwards_tp": true,
           "ddown_factor": 2.059328984678194,
           "ema_span_0": 38.200679093526304,
           "ema_span_1": 960.1867192311034,
           "enabled": false,
           "initial_eprice_ema_dist": -0.09166295958338908,
           "initial_qty_pct": 0.04680979816526707,
           "markup_range": 0.04493333578220913,
           "min_markup": 0.0010326537382850576,
           "n_close_orders": 3,
           "rentry_pprice_dist": 0.033265195020625846,
           "rentry_pprice_dist_wallet_exposure_weighting": 12.961841971931694,
           "wallet_exposure_limit": 1.0}}