{"config_name": "recursive_grid_AXSUSDT_1117days",
 "logging_level": 0,
 "long": {"auto_unstuck_delay_minutes": 1385.6923297763362,
          "auto_unstuck_ema_dist": -0.004984521675788506,
          "auto_unstuck_qty_pct": 0.08980647635449926,
          "auto_unstuck_wallet_exposure_threshold": 0.0714414629541385,
          "backwards_tp": false,
          "ddown_factor": 1.884824689562906,
          "ema_span_0": 236.15036383611724,
          "ema_span_1": 957.0193165725572,
          "enabled": true,
          "initial_eprice_ema_dist": 0.007429130038043091,
          "initial_qty_pct": 0.001,
          "markup_range": 0.007955013757080725,
          "min_markup": 0.0030000207250488464,
          "n_close_orders": 9,
          "rentry_pprice_dist": 0.01,
          "rentry_pprice_dist_wallet_exposure_weighting": 2.3996795904927395,
          "wallet_exposure_limit": 1.0},
 "short": {"auto_unstuck_delay_minutes": 1056.5725573650343,
           "auto_unstuck_ema_dist": -0.045293376356967716,
           "auto_unstuck_qty_pct": 0.028060378111423555,
           "auto_unstuck_wallet_exposure_threshold": 0.15233159927348192,
           "backwards_tp": true,
           "ddown_factor": 2.8316298969757203,
           "ema_span_0": 476.26957137914627,
           "ema_span_1": 620.6728306128404,
           "enabled": false,
           "initial_eprice_ema_dist": -0.012974381711082575,
           "initial_qty_pct": 0.02256956163591227,
           "markup_range": 0.011028048662725439,
           "min_markup": 0.0012859002019967988,
           "n_close_orders": 9,
           "rentry_pprice_dist": 0.048951632072796805,
           "rentry_pprice_dist_wallet_exposure_weighting": 0.8908744194300211,
           "wallet_exposure_limit": 1.0}}