{"config_name": "recursive_grid_HBARUSDT_1000days",
 "logging_level": 0,
 "long": {"auto_unstuck_delay_minutes": 446.6480019908545,
          "auto_unstuck_ema_dist": -0.0006019304820813936,
          "auto_unstuck_qty_pct": 0.07181514534833763,
          "auto_unstuck_wallet_exposure_threshold": 0.06758454224453014,
          "backwards_tp": false,
          "ddown_factor": 1.55052382976939,
          "ema_span_0": 506.35282110813904,
          "ema_span_1": 1001.175996273332,
          "enabled": true,
          "initial_eprice_ema_dist": 0.009992471108849137,
          "initial_qty_pct": 0.001,
          "markup_range": 0.00855365958401771,
          "min_markup": 0.008185490826705707,
          "n_close_orders": 8,
          "rentry_pprice_dist": 0.007591166964128608,
          "rentry_pprice_dist_wallet_exposure_weighting": 1.4769181479464628,
          "wallet_exposure_limit": 1.0},
 "short": {"auto_unstuck_delay_minutes": 1397.3369421850073,
           "auto_unstuck_ema_dist": -0.09480415811007994,
           "auto_unstuck_qty_pct": 0.0392371602664705,
           "auto_unstuck_wallet_exposure_threshold": 0.28604527801853674,
           "backwards_tp": true,
           "ddown_factor": 1.3063134893065962,
           "ema_span_0": 373.0110256314448,
           "ema_span_1": 1270.217854855098,
           "enabled": false,
           "initial_eprice_ema_dist": -0.03365765783437337,
           "initial_qty_pct": 0.03908569335923356,
           "markup_range": 0.030109188537296994,
           "min_markup": 0.006209621073097174,
           "n_close_orders": 6,
           "rentry_pprice_dist": 0.03493027034344363,
           "rentry_pprice_dist_wallet_exposure_weighting": 9.675027388789008,
           "wallet_exposure_limit": 1.0}}