{"config_name": "recursive_grid_BANDUSDT_1231days",
 "logging_level": 0,
 "long": {"auto_unstuck_delay_minutes": 1.0,
          "auto_unstuck_ema_dist": -0.009440315637768334,
          "auto_unstuck_qty_pct": 0.0953402998786673,
          "auto_unstuck_wallet_exposure_threshold": 0.05398402099638005,
          "backwards_tp": false,
          "ddown_factor": 1.6723458704721443,
          "ema_span_0": 902.1317634792669,
          "ema_span_1": 144.22224848509742,
          "enabled": true,
          "initial_eprice_ema_dist": 0.01,
          "initial_qty_pct": 0.001,
          "markup_range": 0.01952431167384547,
          "min_markup": 0.003000761538796865,
          "n_close_orders": 6,
          "rentry_pprice_dist": 0.01,
          "rentry_pprice_dist_wallet_exposure_weighting": 1.1119092101372772,
          "wallet_exposure_limit": 1.0},
 "short": {"auto_unstuck_delay_minutes": 447.4677458943247,
           "auto_unstuck_ema_dist": -0.09056604499226531,
           "auto_unstuck_qty_pct": 0.08751948181644356,
           "auto_unstuck_wallet_exposure_threshold": 0.20073683226553635,
           "backwards_tp": true,
           "ddown_factor": 1.5653818831549757,
           "ema_span_0": 106.16937665699781,
           "ema_span_1": 178.4680282280852,
           "enabled": false,
           "initial_eprice_ema_dist": -0.029986233386329733,
           "initial_qty_pct": 0.015886507913148443,
           "markup_range": 0.005236571450456464,
           "min_markup": 0.003681041359027657,
           "n_close_orders": 6,
           "rentry_pprice_dist": 0.03231514069986582,
           "rentry_pprice_dist_wallet_exposure_weighting": 17.31742482683924,
           "wallet_exposure_limit": 1.0}}