{"config_name": "recursive_grid_FILUSDT_1152days",
 "logging_level": 0,
 "long": {"auto_unstuck_delay_minutes": 1360.0466711198153,
          "auto_unstuck_ema_dist": -0.00967652809865117,
          "auto_unstuck_qty_pct": 0.07610033559167195,
          "auto_unstuck_wallet_exposure_threshold": 0.07039046898519662,
          "backwards_tp": false,
          "ddown_factor": 1.0285671381012003,
          "ema_span_0": 672.047428540822,
          "ema_span_1": 346.17359228478904,
          "enabled": true,
          "initial_eprice_ema_dist": 0.01,
          "initial_qty_pct": 0.001,
          "markup_range": 0.012673856067073474,
          "min_markup": 0.0030010026109250965,
          "n_close_orders": 3,
          "rentry_pprice_dist": 0.00994892553183745,
          "rentry_pprice_dist_wallet_exposure_weighting": 2.4718670304409107,
          "wallet_exposure_limit": 1.0},
 "short": {"auto_unstuck_delay_minutes": 534.776300010765,
           "auto_unstuck_ema_dist": -0.04050718691849269,
           "auto_unstuck_qty_pct": 0.026748093367506234,
           "auto_unstuck_wallet_exposure_threshold": 0.7045092542143142,
           "backwards_tp": true,
           "ddown_factor": 2.5704597960040303,
           "ema_span_0": 192.7464500659832,
           "ema_span_1": 112.8644540908693,
           "enabled": false,
           "initial_eprice_ema_dist": -0.055207735437207806,
           "initial_qty_pct": 0.022714021409990428,
           "markup_range": 0.026280372308822852,
           "min_markup": 0.003993390139115099,
           "n_close_orders": 7,
           "rentry_pprice_dist": 0.0479607787351432,
           "rentry_pprice_dist_wallet_exposure_weighting": 13.977822737709626,
           "wallet_exposure_limit": 1.0}}