{"config_name": "recursive_grid_YFIUSDT_1198days",
 "logging_level": 0,
 "long": {"auto_unstuck_delay_minutes": 1437.0644337112246,
          "auto_unstuck_ema_dist": 0.003943395383433619,
          "auto_unstuck_qty_pct": 0.025138605233258744,
          "auto_unstuck_wallet_exposure_threshold": 0.05000362029104673,
          "backwards_tp": false,
          "ddown_factor": 1.0001607146685492,
          "ema_span_0": 74.77735506207931,
          "ema_span_1": 1310.085959961987,
          "enabled": true,
          "initial_eprice_ema_dist": 0.01,
          "initial_qty_pct": 0.001,
          "markup_range": 0.00651287519679519,
          "min_markup": 0.006963977247212636,
          "n_close_orders": 4,
          "rentry_pprice_dist": 0.009944009390324426,
          "rentry_pprice_dist_wallet_exposure_weighting": 2.1571814016153334,
          "wallet_exposure_limit": 1.0},
 "short": {"auto_unstuck_delay_minutes": 1069.0529578130486,
           "auto_unstuck_ema_dist": -0.017516499670568147,
           "auto_unstuck_qty_pct": 0.06804924194803963,
           "auto_unstuck_wallet_exposure_threshold": 0.7616486664380994,
           "backwards_tp": true,
           "ddown_factor": 0.23390612393380358,
           "ema_span_0": 1354.7491472023078,
           "ema_span_1": 1413.4645308069742,
           "enabled": false,
           "initial_eprice_ema_dist": -0.022020315079054664,
           "initial_qty_pct": 0.0474619316034459,
           "markup_range": 0.0032509448638202063,
           "min_markup": 0.009945596573546881,
           "n_close_orders": 6,
           "rentry_pprice_dist": 0.036677689372693105,
           "rentry_pprice_dist_wallet_exposure_weighting": 10.833226766053386,
           "wallet_exposure_limit": 1.0}}