{
    "adg": 0.008816486730426343,
    "adg_w": 0.010192643651764356,
    "calmar_ratio": 0.016959940015143234,
    "calmar_ratio_w": 0.021632276571392172,
    "drawdown_worst": 0.5198418580817065,
    "drawdown_worst_mean_1pct": 0.40844431246054846,
    "equity_balance_diff_neg_max": 0.5462790310707392,
    "equity_balance_diff_neg_mean": 0.00904302018769947,
    "equity_balance_diff_pos_max": 0.4394526516149397,
    "equity_balance_diff_pos_mean": 0.01714337141531076,
    "equity_choppiness": 2.043887777131274,
    "equity_choppiness_w": 2.1667026897818418,
    "equity_jerkiness": 0.024267124686994445,
    "equity_jerkiness_w": 0.027140319656840512,
    "expected_shortfall_1pct": 0.33296937429734935,
    "exponential_fit_error": 0.1993138889491815,
    "exponential_fit_error_w": 0.058116232396727044,
    "gain": 96899.12517844222,
    "loss_profit_ratio": 0.07875490978054545,
    "loss_profit_ratio_long": 0.07875490978054545,
    "loss_profit_ratio_short": 1.0,
    "loss_profit_ratio_w": 0.07955885444319707,
    "mdg": 0.004758006016491526,
    "mdg_w": 0.006104894750187974,
    "omega_ratio": 3.320511885154816,
    "omega_ratio_w": 3.758754111276267,
    "pnl_ratio_long_short": 1.0,
    "position_held_hours_max": 285.43333333333334,
    "position_held_hours_mean": 2.163178213202706,
    "position_held_hours_median": 0.25,
    "position_unchanged_hours_max": 272.25,
    "positions_held_per_day": 10.925076452599388,
    "sharpe_ratio": 0.08304768390144764,
    "sharpe_ratio_w": 0.09062067835717133,
    "sortino_ratio": 0.1117913815077156,
    "sortino_ratio_w": 0.11401614856130408,
    "sterling_ratio": 0.02158552943806244,
    "sterling_ratio_w": 0.024682465585327534
}