{"config_name": "recursive_grid_1INCHUSDT_456days",
 "logging_level": 0,
 "long": {"auto_unstuck_delay_minutes": 2794.2686307302215,
          "auto_unstuck_ema_dist": -0.041511817645850775,
          "auto_unstuck_qty_pct": 0.01,
          "auto_unstuck_wallet_exposure_threshold": 0.06,
          "backwards_tp": false,
          "ddown_factor": 2.2998811889126594,
          "ema_span_0": 373.1513113117331,
          "ema_span_1": 800.0,
          "enabled": true,
          "initial_eprice_ema_dist": -0.1,
          "initial_qty_pct": 0.02,
          "markup_range": 0.02,
          "min_markup": 0.0031994019201295747,
          "n_close_orders": 5,
          "rentry_pprice_dist": 0.02996152199222514,
          "rentry_pprice_dist_wallet_exposure_weighting": 2.470950715550732,
          "wallet_exposure_limit": 1.0},
 "short": {"auto_unstuck_delay_minutes": 1420.471230342354,
           "auto_unstuck_ema_dist": -0.0012769868073358726,
           "auto_unstuck_qty_pct": 0.07470368187083606,
           "auto_unstuck_wallet_exposure_threshold": 0.10210158244579155,
           "backwards_tp": true,
           "ddown_factor": 1.6392218768190423,
           "ema_span_0": 809.9686762587099,
           "ema_span_1": 267.50052642243224,
           "enabled": false,
           "initial_eprice_ema_dist": -0.07337970929717148,
           "initial_qty_pct": 0.033125497791467354,
           "markup_range": 0.0014146741174455623,
           "min_markup": 0.006619783215869759,
           "n_close_orders": 12,
           "rentry_pprice_dist": 0.04974701657236932,
           "rentry_pprice_dist_wallet_exposure_weighting": 15.997488623358716,
           "wallet_exposure_limit": 1.0}}