{"config_name": "recursive_grid_RUNEUSDT_1194days",
 "logging_level": 0,
 "long": {"auto_unstuck_delay_minutes": 525.1734298888034,
          "auto_unstuck_ema_dist": -0.00999620917350553,
          "auto_unstuck_qty_pct": 0.01,
          "auto_unstuck_wallet_exposure_threshold": 0.05003387067743957,
          "backwards_tp": false,
          "ddown_factor": 1.000216126567204,
          "ema_span_0": 108.83435291573427,
          "ema_span_1": 1336.106203818518,
          "enabled": true,
          "initial_eprice_ema_dist": -0.0018060296349209474,
          "initial_qty_pct": 0.001,
          "markup_range": 0.007234151772268848,
          "min_markup": 0.003000002547004461,
          "n_close_orders": 3,
          "rentry_pprice_dist": 0.009969721413380012,
          "rentry_pprice_dist_wallet_exposure_weighting": 2.4999764828695885,
          "wallet_exposure_limit": 1.0},
 "short": {"auto_unstuck_delay_minutes": 194.97711452669475,
           "auto_unstuck_ema_dist": -0.07199619834887426,
           "auto_unstuck_qty_pct": 0.0352900012969147,
           "auto_unstuck_wallet_exposure_threshold": 0.16399102955185008,
           "backwards_tp": true,
           "ddown_factor": 0.5455544033929092,
           "ema_span_0": 1060.0920722922376,
           "ema_span_1": 58.83758523780743,
           "enabled": false,
           "initial_eprice_ema_dist": -0.05320695151376787,
           "initial_qty_pct": 0.04414179660020883,
           "markup_range": 0.017294212931230922,
           "min_markup": 0.006774525428356791,
           "n_close_orders": 12,
           "rentry_pprice_dist": 0.04100561306623031,
           "rentry_pprice_dist_wallet_exposure_weighting": 14.950329134373101,
           "wallet_exposure_limit": 1.0}}