{"config_name": "recursive_grid_EGLDUSDT_1285days",
 "logging_level": 0,
 "long": {"auto_unstuck_delay_minutes": 0.0,
          "auto_unstuck_ema_dist": 0.0,
          "auto_unstuck_qty_pct": 0.0,
          "auto_unstuck_wallet_exposure_threshold": 0.0,
          "backwards_tp": false,
          "ddown_factor": 0.8091877521518284,
          "ema_span_0": 877.7293999870337,
          "ema_span_1": 400.0,
          "enabled": true,
          "initial_eprice_ema_dist": 0.009971468414133912,
          "initial_qty_pct": 0.05,
          "markup_range": 0.07999962310151393,
          "min_markup": 0.004044158805557544,
          "n_close_orders": 4,
          "rentry_pprice_dist": 0.05011870091295955,
          "rentry_pprice_dist_wallet_exposure_weighting": 0.5130260311271418,
          "wallet_exposure_limit": 1.0},
 "short": {"auto_unstuck_delay_minutes": 1010.2147926846338,
           "auto_unstuck_ema_dist": -0.1,
           "auto_unstuck_qty_pct": 0.06193842673430762,
           "auto_unstuck_wallet_exposure_threshold": 0.18005198967000707,
           "backwards_tp": true,
           "ddown_factor": 0.5604167694227349,
           "ema_span_0": 1201.976425388637,
           "ema_span_1": 5,
           "enabled": false,
           "initial_eprice_ema_dist": -0.008265294027077034,
           "initial_qty_pct": 0.027543298867308857,
           "markup_range": 0.03637300938411202,
           "min_markup": 0.004028050322194541,
           "n_close_orders": 10,
           "rentry_pprice_dist": 0.03350815551886066,
           "rentry_pprice_dist_wallet_exposure_weighting": 8.454937436036449,
           "wallet_exposure_limit": 1.0}}