{"config_name": "recursive_grid_SOLUSDT_1201days",
 "logging_level": 0,
 "long": {"auto_unstuck_delay_minutes": 116.36971641880086,
          "auto_unstuck_ema_dist": -0.05376372858324053,
          "auto_unstuck_qty_pct": 0.013810052214508955,
          "auto_unstuck_wallet_exposure_threshold": 0.09953104002037912,
          "backwards_tp": false,
          "ddown_factor": 0.426555330597826,
          "ema_span_0": 202.77205482263125,
          "ema_span_1": 1984.37010115737,
          "enabled": true,
          "initial_eprice_ema_dist": 8.206406758368946e-05,
          "initial_qty_pct": 0.01,
          "markup_range": 0.02175057365008427,
          "min_markup": 0.00219729303624068,
          "n_close_orders": 8,
          "rentry_pprice_dist": 0.0171526142551512,
          "rentry_pprice_dist_wallet_exposure_weighting": 0.021922587049220545,
          "wallet_exposure_limit": 1.0},
 "short": {"auto_unstuck_delay_minutes": 107.3273057418354,
           "auto_unstuck_ema_dist": -0.0668025914009153,
           "auto_unstuck_qty_pct": 0.06532236363445593,
           "auto_unstuck_wallet_exposure_threshold": 0.6416486606705323,
           "backwards_tp": true,
           "ddown_factor": 2.0182607089250078,
           "ema_span_0": 992.7912759472347,
           "ema_span_1": 539.1403745883508,
           "enabled": false,
           "initial_eprice_ema_dist": -0.01988028130552122,
           "initial_qty_pct": 0.046043634170789695,
           "markup_range": 0.02425298434505765,
           "min_markup": 0.0021803943001151814,
           "n_close_orders": 10,
           "rentry_pprice_dist": 0.016638352338679042,
           "rentry_pprice_dist_wallet_exposure_weighting": 4.533631320886158,
           "wallet_exposure_limit": 1.0}}