{"config_name": "recursive_grid_THETAUSDT_1294days",
 "logging_level": 0,
 "long": {"auto_unstuck_delay_minutes": 125.17072761289114,
          "auto_unstuck_ema_dist": -0.0002470536260119209,
          "auto_unstuck_qty_pct": 0.0807548385567556,
          "auto_unstuck_wallet_exposure_threshold": 0.06091333379136371,
          "backwards_tp": false,
          "ddown_factor": 1.4787291436599619,
          "ema_span_0": 304.84880044356214,
          "ema_span_1": 1033.4814726061682,
          "enabled": true,
          "initial_eprice_ema_dist": 0.007340857437534003,
          "initial_qty_pct": 0.001,
          "markup_range": 0.007454779405665294,
          "min_markup": 0.0035889322111011344,
          "n_close_orders": 7,
          "rentry_pprice_dist": 0.008753084043531315,
          "rentry_pprice_dist_wallet_exposure_weighting": 1.9355986486162282,
          "wallet_exposure_limit": 1.0},
 "short": {"auto_unstuck_delay_minutes": 131.30128994874119,
           "auto_unstuck_ema_dist": -0.08033600324429481,
           "auto_unstuck_qty_pct": 0.04212016385187144,
           "auto_unstuck_wallet_exposure_threshold": 0.1116869287319407,
           "backwards_tp": true,
           "ddown_factor": 1.0230394491700123,
           "ema_span_0": 859.9946749098409,
           "ema_span_1": 1244.6392360223242,
           "enabled": false,
           "initial_eprice_ema_dist": -0.07731440237769371,
           "initial_qty_pct": 0.03004855856397025,
           "markup_range": 0.01367494675074712,
           "min_markup": 0.0029165479606930887,
           "n_close_orders": 3,
           "rentry_pprice_dist": 0.010212166139867328,
           "rentry_pprice_dist_wallet_exposure_weighting": 18.09365318671716,
           "wallet_exposure_limit": 1.0}}