{"config_name": "recursive_grid_AAVEUSDT_1253days",
 "logging_level": 0,
 "long": {"auto_unstuck_delay_minutes": 0.0,
          "auto_unstuck_ema_dist": 0.0,
          "auto_unstuck_qty_pct": 0.0,
          "auto_unstuck_wallet_exposure_threshold": 0.0,
          "backwards_tp": false,
          "ddown_factor": 2.3117074229476686,
          "ema_span_0": 1440.0,
          "ema_span_1": 1440.0,
          "enabled": true,
          "initial_eprice_ema_dist": 0.009370244088024471,
          "initial_qty_pct": 0.05,
          "markup_range": 0.046750667782878313,
          "min_markup": 0.002,
          "n_close_orders": 3,
          "rentry_pprice_dist": 0.06860685725937625,
          "rentry_pprice_dist_wallet_exposure_weighting": 0.6796814283232959,
          "wallet_exposure_limit": 1.0},
 "short": {"auto_unstuck_delay_minutes": 933.4993026115362,
           "auto_unstuck_ema_dist": -0.058250159983816906,
           "auto_unstuck_qty_pct": 0.0450729659937805,
           "auto_unstuck_wallet_exposure_threshold": 0.566647479224683,
           "backwards_tp": true,
           "ddown_factor": 2.005925430418111,
           "ema_span_0": 1409.8722531919095,
           "ema_span_1": 611.1430358032501,
           "enabled": false,
           "initial_eprice_ema_dist": -0.04284710368077716,
           "initial_qty_pct": 0.03839647712323593,
           "markup_range": 0.05738948464553597,
           "min_markup": 0.007585770951075236,
           "n_close_orders": 2,
           "rentry_pprice_dist": 0.042411000136658134,
           "rentry_pprice_dist_wallet_exposure_weighting": 13.651059238741723,
           "wallet_exposure_limit": 1.0}}