{"config_name": "recursive_grid_IOTAUSDT_1399days",
 "logging_level": 0,
 "long": {"auto_unstuck_delay_minutes": 1268.6187728133887,
          "auto_unstuck_ema_dist": 0.0010921141018998696,
          "auto_unstuck_qty_pct": 0.08803101935300475,
          "auto_unstuck_wallet_exposure_threshold": 0.08554445643199503,
          "backwards_tp": false,
          "ddown_factor": 1.0919668768998472,
          "ema_span_0": 746.9073225259766,
          "ema_span_1": 1137.5664295622869,
          "enabled": true,
          "initial_eprice_ema_dist": -0.0009389327504604339,
          "initial_qty_pct": 0.001,
          "markup_range": 0.005996532049385375,
          "min_markup": 0.005513753044018072,
          "n_close_orders": 8,
          "rentry_pprice_dist": 0.009986055873046159,
          "rentry_pprice_dist_wallet_exposure_weighting": 1.6736326650109006,
          "wallet_exposure_limit": 1.0},
 "short": {"auto_unstuck_delay_minutes": 1437.5075853285362,
           "auto_unstuck_ema_dist": -0.09796045719896902,
           "auto_unstuck_qty_pct": 0.04139730516849627,
           "auto_unstuck_wallet_exposure_threshold": 0.28523849873523643,
           "backwards_tp": true,
           "ddown_factor": 0.9476347339628034,
           "ema_span_0": 357.28007405683815,
           "ema_span_1": 1377.4519261068629,
           "enabled": false,
           "initial_eprice_ema_dist": -0.07347601179236656,
           "initial_qty_pct": 0.04808686029344542,
           "markup_range": 0.008986762966927252,
           "min_markup": 0.004056069419595605,
           "n_close_orders": 3,
           "rentry_pprice_dist": 0.013713375812481832,
           "rentry_pprice_dist_wallet_exposure_weighting": 4.498048826262253,
           "wallet_exposure_limit": 1.0}}