{"config_name": "recursive_grid_ONDOUSDT_71days",
 "logging_level": 0,
 "long": {"auto_unstuck_delay_minutes": 917.9648928266727,
          "auto_unstuck_ema_dist": 0.0,
          "auto_unstuck_qty_pct": 0.01,
          "auto_unstuck_wallet_exposure_threshold": 0.046415180318301455,
          "backwards_tp": false,
          "ddown_factor": 1.907075196089853,
          "ema_span_0": 842.5470726544157,
          "ema_span_1": 1345.4891236777523,
          "enabled": true,
          "initial_eprice_ema_dist": 0.02697278482839607,
          "initial_qty_pct": 0.037755498921603195,
          "markup_range": 0.09668036969632425,
          "min_markup": 0.016163145039355536,
          "n_close_orders": 6,
          "rentry_pprice_dist": 0.011274152319977467,
          "rentry_pprice_dist_wallet_exposure_weighting": 1.225356862686411,
          "wallet_exposure_limit": 1.0},
 "short": {"auto_unstuck_delay_minutes": 0.0,
           "auto_unstuck_ema_dist": 0.0,
           "auto_unstuck_qty_pct": 0.0,
           "auto_unstuck_wallet_exposure_threshold": 0.0,
           "backwards_tp": true,
           "ddown_factor": 2.1293089970473065,
           "ema_span_0": 1030.8219362049158,
           "ema_span_1": 1384.7081596531889,
           "enabled": false,
           "initial_eprice_ema_dist": 0.0012756849115738902,
           "initial_qty_pct": 0.01680750792201366,
           "markup_range": 0.007635600273834472,
           "min_markup": 0.007804046266793384,
           "n_close_orders": 14,
           "rentry_pprice_dist": 0.01944102684606699,
           "rentry_pprice_dist_wallet_exposure_weighting": 4.020521050049464,
           "wallet_exposure_limit": 1.0}}