{"config_name": "recursive_grid_AAVEUSDT_1152days",
 "logging_level": 0,
 "long": {"auto_unstuck_delay_minutes": 1438.7716379255419,
          "auto_unstuck_ema_dist": -0.01,
          "auto_unstuck_qty_pct": 0.03118736916367391,
          "auto_unstuck_wallet_exposure_threshold": 0.0999760575183935,
          "backwards_tp": false,
          "ddown_factor": 1.5432508559015188,
          "ema_span_0": 784.6104019400152,
          "ema_span_1": 1400.187436489636,
          "enabled": true,
          "initial_eprice_ema_dist": 0.006210297662064163,
          "initial_qty_pct": 0.001,
          "markup_range": 0.005,
          "min_markup": 0.003,
          "n_close_orders": 4,
          "rentry_pprice_dist": 0.01,
          "rentry_pprice_dist_wallet_exposure_weighting": 1.7857530832109023,
          "wallet_exposure_limit": 1.0},
 "short": {"auto_unstuck_delay_minutes": 632.6802821820107,
           "auto_unstuck_ema_dist": -0.04263782890827729,
           "auto_unstuck_qty_pct": 0.03745648995663691,
           "auto_unstuck_wallet_exposure_threshold": 0.5361196431643965,
           "backwards_tp": true,
           "ddown_factor": 0.2497641531418796,
           "ema_span_0": 239.14790614684406,
           "ema_span_1": 455.0486730340084,
           "enabled": false,
           "initial_eprice_ema_dist": -0.08444026567381525,
           "initial_qty_pct": 0.025210644932026224,
           "markup_range": 0.053261234834226186,
           "min_markup": 0.0015238377211451199,
           "n_close_orders": 9,
           "rentry_pprice_dist": 0.03958934845796531,
           "rentry_pprice_dist_wallet_exposure_weighting": 11.713212544545204,
           "wallet_exposure_limit": 1.0}}