{"config_name": "recursive_grid_OMUSDT_47days",
 "logging_level": 0,
 "long": {"auto_unstuck_delay_minutes": 2200.3051309917214,
          "auto_unstuck_ema_dist": 0.0,
          "auto_unstuck_qty_pct": 0.01,
          "auto_unstuck_wallet_exposure_threshold": 0.04945131640063455,
          "backwards_tp": false,
          "ddown_factor": 1.5901909281805644,
          "ema_span_0": 757.3830830418509,
          "ema_span_1": 884.7945960270564,
          "enabled": true,
          "initial_eprice_ema_dist": 0.00741165807939032,
          "initial_qty_pct": 0.03869250960482293,
          "markup_range": 0.07989737559526612,
          "min_markup": 0.016122615933015248,
          "n_close_orders": 7,
          "rentry_pprice_dist": 0.020482482685363963,
          "rentry_pprice_dist_wallet_exposure_weighting": 1.4350687875860655,
          "wallet_exposure_limit": 1.0},
 "short": {"auto_unstuck_delay_minutes": 0.0,
           "auto_unstuck_ema_dist": 0.0,
           "auto_unstuck_qty_pct": 0.0,
           "auto_unstuck_wallet_exposure_threshold": 0.0,
           "backwards_tp": true,
           "ddown_factor": 3,
           "ema_span_0": 939.3069903184529,
           "ema_span_1": 1191.6024800339915,
           "enabled": false,
           "initial_eprice_ema_dist": -0.0013216483342956128,
           "initial_qty_pct": 0.005111227389349427,
           "markup_range": 0.0007812881169386538,
           "min_markup": 0.01,
           "n_close_orders": 16,
           "rentry_pprice_dist": 0.012366180696024496,
           "rentry_pprice_dist_wallet_exposure_weighting": 5.756618822701108,
           "wallet_exposure_limit": 1.0}}