{"config_name": "recursive_grid_DUSKUSDT_456days",
 "logging_level": 0,
 "long": {"auto_unstuck_delay_minutes": 2800.0,
          "auto_unstuck_ema_dist": -0.03,
          "auto_unstuck_qty_pct": 0.01,
          "auto_unstuck_wallet_exposure_threshold": 0.03,
          "backwards_tp": false,
          "ddown_factor": 2.3,
          "ema_span_0": 218.73143587818677,
          "ema_span_1": 400.0,
          "enabled": true,
          "initial_eprice_ema_dist": -0.1,
          "initial_qty_pct": 0.02,
          "markup_range": 0.044572178568917944,
          "min_markup": 0.006981174835894734,
          "n_close_orders": 5,
          "rentry_pprice_dist": 0.020487133699230272,
          "rentry_pprice_dist_wallet_exposure_weighting": 2.5,
          "wallet_exposure_limit": 1.0},
 "short": {"auto_unstuck_delay_minutes": 984.7496736344365,
           "auto_unstuck_ema_dist": -0.00954808874904109,
           "auto_unstuck_qty_pct": 0.0728245595283169,
           "auto_unstuck_wallet_exposure_threshold": 0.7996721133857866,
           "backwards_tp": true,
           "ddown_factor": 2.377876627268598,
           "ema_span_0": 727.6656852561207,
           "ema_span_1": 434.97864684503446,
           "enabled": false,
           "initial_eprice_ema_dist": -0.05524518641814099,
           "initial_qty_pct": 0.01652651888682095,
           "markup_range": 0.03376050020519303,
           "min_markup": 0.008322329072403116,
           "n_close_orders": 10,
           "rentry_pprice_dist": 0.02956804492448211,
           "rentry_pprice_dist_wallet_exposure_weighting": 8.910057921787526,
           "wallet_exposure_limit": 1.0}}