{
    "adg": 0.006385993177713711,
    "adg_w": 0.006059065196314273,
    "calmar_ratio": 0.013657727985493506,
    "calmar_ratio_w": 0.01500974428230581,
    "drawdown_worst": 0.46757360993692104,
    "drawdown_worst_mean_1pct": 0.2214115057554794,
    "equity_balance_diff_neg_max": 0.47363597313776906,
    "equity_balance_diff_neg_mean": 0.003020676357239647,
    "equity_balance_diff_pos_max": 0.3179233604806594,
    "equity_balance_diff_pos_mean": 0.0011253577556435386,
    "equity_choppiness": 1.2651314452989348,
    "equity_choppiness_w": 1.3748284698366116,
    "equity_jerkiness": 0.01200931606263823,
    "equity_jerkiness_w": 0.012841405850634036,
    "expected_shortfall_1pct": 0.20987097235618662,
    "exponential_fit_error": 0.3105349829870076,
    "exponential_fit_error_w": 0.04547672162907501,
    "gain": 28609.407005653826,
    "loss_profit_ratio": 0.005441445120475228,
    "loss_profit_ratio_long": 0.005441445120475228,
    "loss_profit_ratio_short": 1.0,
    "loss_profit_ratio_w": 0.003944813014154778,
    "mdg": 0.001523902386268505,
    "mdg_w": 0.001498136117830456,
    "omega_ratio": 10.007250464527887,
    "omega_ratio_w": 9.144396961698021,
    "pnl_ratio_long_short": 1.0,
    "position_held_hours_max": 236.7,
    "position_held_hours_mean": 4.021099617867967,
    "position_held_hours_median": 0.5833333333333334,
    "position_unchanged_hours_max": 225.38333333333333,
    "positions_held_per_day": 9.415632754342433,
    "sharpe_ratio": 0.09501260825436818,
    "sharpe_ratio_w": 0.08479268855403013,
    "sortino_ratio": 0.14280468580531638,
    "sortino_ratio_w": 0.12693526685590584,
    "sterling_ratio": 0.02884219207996454,
    "sterling_ratio_w": 0.02211850591236656
}