{"config_name": "recursive_grid_MKRUSDT_1216days",
 "logging_level": 0,
 "long": {"auto_unstuck_delay_minutes": 472.27861398095456,
          "auto_unstuck_ema_dist": 0.0011519947123392544,
          "auto_unstuck_qty_pct": 0.010012759857899227,
          "auto_unstuck_wallet_exposure_threshold": 0.06075556059314501,
          "backwards_tp": false,
          "ddown_factor": 1.0473255561171435,
          "ema_span_0": 73.24181595475507,
          "ema_span_1": 80.8530354986361,
          "enabled": true,
          "initial_eprice_ema_dist": 0.01,
          "initial_qty_pct": 0.001,
          "markup_range": 0.019999872677588473,
          "min_markup": 0.003,
          "n_close_orders": 3,
          "rentry_pprice_dist": 0.009376988416273215,
          "rentry_pprice_dist_wallet_exposure_weighting": 2.0420931379043723,
          "wallet_exposure_limit": 1.0},
 "short": {"auto_unstuck_delay_minutes": 42.11327140182517,
           "auto_unstuck_ema_dist": -0.08208518486321045,
           "auto_unstuck_qty_pct": 0.09835757131004966,
           "auto_unstuck_wallet_exposure_threshold": 0.545040603677001,
           "backwards_tp": true,
           "ddown_factor": 2.3383969259250605,
           "ema_span_0": 1292.3795611269825,
           "ema_span_1": 935.672800166644,
           "enabled": false,
           "initial_eprice_ema_dist": -0.018198015688909483,
           "initial_qty_pct": 0.019760801940703985,
           "markup_range": 0.041702411039307816,
           "min_markup": 0.002775661643114176,
           "n_close_orders": 6,
           "rentry_pprice_dist": 0.03641002183909549,
           "rentry_pprice_dist_wallet_exposure_weighting": 9.77010631122775,
           "wallet_exposure_limit": 1.0}}