{"config_name": "recursive_grid_CRVUSDT_1197days",
 "logging_level": 0,
 "long": {"auto_unstuck_delay_minutes": 1,
          "auto_unstuck_ema_dist": -0.002684217259569974,
          "auto_unstuck_qty_pct": 0.01420642528329414,
          "auto_unstuck_wallet_exposure_threshold": 0.07352319576924729,
          "backwards_tp": false,
          "ddown_factor": 1.9393744691001127,
          "ema_span_0": 73.7956222599342,
          "ema_span_1": 736.9696327220208,
          "enabled": true,
          "initial_eprice_ema_dist": 0.01,
          "initial_qty_pct": 0.001,
          "markup_range": 0.005106665880473014,
          "min_markup": 0.003406057988296259,
          "n_close_orders": 5,
          "rentry_pprice_dist": 0.009701649709317025,
          "rentry_pprice_dist_wallet_exposure_weighting": 1.0263786005067979,
          "wallet_exposure_limit": 1.0},
 "short": {"auto_unstuck_delay_minutes": 770.5478371990195,
           "auto_unstuck_ema_dist": -0.062378807162425776,
           "auto_unstuck_qty_pct": 0.027332264936041746,
           "auto_unstuck_wallet_exposure_threshold": 0.8845864974627861,
           "backwards_tp": true,
           "ddown_factor": 1.84067947213542,
           "ema_span_0": 380.2243990933223,
           "ema_span_1": 45.02663222241326,
           "enabled": false,
           "initial_eprice_ema_dist": -0.019892210018055037,
           "initial_qty_pct": 0.04366822357718185,
           "markup_range": 0.018822268901612847,
           "min_markup": 0.008075833515308866,
           "n_close_orders": 7,
           "rentry_pprice_dist": 0.028124337294807424,
           "rentry_pprice_dist_wallet_exposure_weighting": 6.526993254375711,
           "wallet_exposure_limit": 1.0}}