{
    "adg": 0.0010502671225536275,
    "adg_per_exposure_long": 0.001034745933550372,
    "adg_per_exposure_short": 0.010502671225536275,
    "adg_w": 0.0005824417572321439,
    "adg_w_per_exposure_long": 0.0005738342435784669,
    "adg_w_per_exposure_short": 0.005824417572321439,
    "calmar_ratio": 0.009659068107194762,
    "calmar_ratio_w": 0.008568501640409327,
    "drawdown_worst": 0.10873379407805539,
    "drawdown_worst_mean_1pct": 0.054372039928311966,
    "equity_balance_diff_neg_max": 0.10830323562850748,
    "equity_balance_diff_neg_mean": 0.0033242889435339397,
    "equity_balance_diff_pos_max": 0.038843384108311875,
    "equity_balance_diff_pos_mean": 0.0007740839261841405,
    "equity_choppiness": 1.9532203068200862,
    "equity_choppiness_w": 2.3576942310071165,
    "equity_jerkiness": 0.002551640778527953,
    "equity_jerkiness_w": 0.0020361761053715585,
    "expected_shortfall_1pct": 0.04225851947282358,
    "exponential_fit_error": 0.049571067738950356,
    "exponential_fit_error_w": 0.005033986666638098,
    "gain": 6.799039659429734,
    "gain_per_exposure_long": 6.698561240817473,
    "gain_per_exposure_short": 67.99039659429734,
    "loss_profit_ratio": 0.09968491265882284,
    "loss_profit_ratio_long": 0.09968491265882284,
    "loss_profit_ratio_short": 1.0,
    "loss_profit_ratio_w": 0.1262048736600564,
    "mdg": 0.00025870192851699665,
    "mdg_per_exposure_long": 0.0002548787473073859,
    "mdg_per_exposure_short": 0.0025870192851699665,
    "mdg_w": 0.00015592084391638023,
    "mdg_w_per_exposure_long": 0.00015361659499150764,
    "mdg_w_per_exposure_short": 0.0015592084391638022,
    "omega_ratio": 4.0329409660922755,
    "omega_ratio_w": 2.637574585845639,
    "pnl_ratio_long_short": 1.0,
    "position_held_hours_max": 485.78333333333336,
    "position_held_hours_mean": 37.84711621856028,
    "position_held_hours_median": 18.408333333333335,
    "position_unchanged_hours_max": 389.56666666666666,
    "positions_held_per_day": 1.2628696604600218,
    "sharpe_ratio": 0.10911553836714957,
    "sharpe_ratio_w": 0.08267312138355816,
    "sortino_ratio": 0.11923137128451702,
    "sortino_ratio_w": 0.08607664140613476,
    "sterling_ratio": 0.019316308969433107,
    "sterling_ratio_w": 0.010549268676496613,
    "volume_pct_per_day_avg": 0.3074917375221874,
    "volume_pct_per_day_avg_w": 0.21348348417841514
}