{
    "adg": 0.0018847552923206834,
    "adg_w": 0.0013304272046815058,
    "calmar_ratio": 0.01977401827790152,
    "calmar_ratio_w": 0.016401265044361932,
    "drawdown_worst": 0.09531473400259745,
    "drawdown_worst_mean_1pct": 0.05940294118613429,
    "equity_balance_diff_neg_max": 0.0983909883039083,
    "equity_balance_diff_neg_mean": 0.0010980107526197545,
    "equity_balance_diff_pos_max": 0.05024600481386582,
    "equity_balance_diff_pos_mean": 3.6846696859747986e-05,
    "equity_choppiness": 1.4930849666381234,
    "equity_choppiness_w": 1.735990415595095,
    "equity_jerkiness": 0.0034649348880647864,
    "equity_jerkiness_w": 0.0033006014747056856,
    "expected_shortfall_1pct": 0.04819875032322315,
    "exponential_fit_error": 0.05828184843960224,
    "exponential_fit_error_w": 0.006313881385098248,
    "gain": 31.134732011802157,
    "loss_profit_ratio": 0.06593983489557612,
    "loss_profit_ratio_long": 0.06593983489557612,
    "loss_profit_ratio_short": 1.0,
    "loss_profit_ratio_w": 0.077068140812352,
    "mdg": 0.0006933721216092347,
    "mdg_w": 0.0005443599064186226,
    "omega_ratio": 7.223768771975967,
    "omega_ratio_w": 4.251091297443029,
    "pnl_ratio_long_short": 1.0,
    "position_held_hours_max": 438.98333333333335,
    "position_held_hours_mean": 4.6984234234234235,
    "position_held_hours_median": 0.75,
    "position_unchanged_hours_max": 351.73333333333335,
    "positions_held_per_day": 18.1960569550931,
    "sharpe_ratio": 0.14636758216428292,
    "sharpe_ratio_w": 0.11535285152601675,
    "sortino_ratio": 0.17077319272525876,
    "sortino_ratio_w": 0.11486087507557904,
    "sterling_ratio": 0.03172831605113551,
    "sterling_ratio_w": 0.020901681959387425
}