{"config_name": "recursive_grid_EOSUSDT_1434days",
 "logging_level": 0,
 "long": {"auto_unstuck_delay_minutes": 870.5560683610588,
          "auto_unstuck_ema_dist": -0.0016706116723019828,
          "auto_unstuck_qty_pct": 0.09997605384260001,
          "auto_unstuck_wallet_exposure_threshold": 0.05113708914451455,
          "backwards_tp": false,
          "ddown_factor": 1.0,
          "ema_span_0": 517.914324209069,
          "ema_span_1": 1400.1750913204464,
          "enabled": true,
          "initial_eprice_ema_dist": 0.01,
          "initial_qty_pct": 0.001,
          "markup_range": 0.019987989498028703,
          "min_markup": 0.006271158134688095,
          "n_close_orders": 6,
          "rentry_pprice_dist": 0.01,
          "rentry_pprice_dist_wallet_exposure_weighting": 2.1937333901828135,
          "wallet_exposure_limit": 1.0},
 "short": {"auto_unstuck_delay_minutes": 866.4578395396153,
           "auto_unstuck_ema_dist": -0.024350320405325657,
           "auto_unstuck_qty_pct": 0.07632028220348983,
           "auto_unstuck_wallet_exposure_threshold": 0.8230493408820696,
           "backwards_tp": true,
           "ddown_factor": 2.5362467518673246,
           "ema_span_0": 1430.0948835985182,
           "ema_span_1": 1376.9800186526204,
           "enabled": false,
           "initial_eprice_ema_dist": -0.08860645618755131,
           "initial_qty_pct": 0.03990397730385752,
           "markup_range": 0.0036568370009977145,
           "min_markup": 0.0030214549450311985,
           "n_close_orders": 15,
           "rentry_pprice_dist": 0.03531817737636236,
           "rentry_pprice_dist_wallet_exposure_weighting": 2.927556717989308,
           "wallet_exposure_limit": 1.0}}