{
    "adg": 0.002602038014671848,
    "adg_per_exposure_long": 0.001899297820928356,
    "adg_per_exposure_short": 0.002602038014671848,
    "adg_w": 0.0011399200695588751,
    "adg_w_per_exposure_long": 0.0008320584449334854,
    "adg_w_per_exposure_short": 0.0011399200695588751,
    "calmar_ratio": 0.007845764288724811,
    "calmar_ratio_w": 0.00786077948482143,
    "drawdown_worst": 0.3316487621749293,
    "drawdown_worst_mean_1pct": 0.1059618249368618,
    "equity_balance_diff_neg_max": 0.3735391199940794,
    "equity_balance_diff_neg_mean": 0.0006596907809822602,
    "equity_balance_diff_pos_max": 0.12788411118104842,
    "equity_balance_diff_pos_mean": 0.0004596505877211846,
    "equity_choppiness": 1.8420829440027706,
    "equity_choppiness_w": 2.486109706167309,
    "equity_jerkiness": 0.005172125467535628,
    "equity_jerkiness_w": 0.0037390195351993416,
    "expected_shortfall_1pct": 0.09071650747968442,
    "exponential_fit_error": 0.3992676360329484,
    "exponential_fit_error_w": 0.0417681776590016,
    "gain": 104.48047274635096,
    "gain_per_exposure_long": 76.2631187929569,
    "gain_per_exposure_short": 104.48047274635096,
    "loss_profit_ratio": 0.27863890345656017,
    "loss_profit_ratio_long": 0.27863890345656017,
    "loss_profit_ratio_short": 1.0,
    "loss_profit_ratio_w": 0.4266487036629803,
    "mdg": 0.00034328648956076865,
    "mdg_per_exposure_long": 0.00025057407997136394,
    "mdg_per_exposure_short": 0.00034328648956076865,
    "mdg_w": 0.00034004066958790325,
    "mdg_w_per_exposure_long": 0.0002482048683123381,
    "mdg_w_per_exposure_short": 0.00034004066958790325,
    "omega_ratio": 6.754109934285224,
    "omega_ratio_w": 3.0425647567163585,
    "pnl_ratio_long_short": 1.0,
    "position_held_hours_max": 325.2,
    "position_held_hours_mean": 7.283738653879089,
    "position_held_hours_median": 1.1333333333333333,
    "position_unchanged_hours_max": 227.35,
    "positions_held_per_day": 3.2638345444382337,
    "sharpe_ratio": 0.08552842588578916,
    "sharpe_ratio_w": 0.0578188331132539,
    "sortino_ratio": 0.13513771294641966,
    "sortino_ratio_w": 0.07218745197254356,
    "sterling_ratio": 0.024556372223886225,
    "sterling_ratio_w": 0.011261388695604075,
    "volume_pct_per_day_avg": 0.5461285491637804,
    "volume_pct_per_day_avg_w": 0.46266103340530285
}