{"config_name": "recursive_grid_DOTUSDT_1207days",
 "logging_level": 0,
 "long": {"auto_unstuck_delay_minutes": 119.3637278374991,
          "auto_unstuck_ema_dist": 0.0021341046893061147,
          "auto_unstuck_qty_pct": 0.1,
          "auto_unstuck_wallet_exposure_threshold": 0.06367226749197503,
          "backwards_tp": true,
          "ddown_factor": 1.0000001790965292,
          "ema_span_0": 864.3755293889639,
          "ema_span_1": 80.8530354986361,
          "enabled": true,
          "initial_eprice_ema_dist": 0.01,
          "initial_qty_pct": 0.001,
          "markup_range": 0.009056402816096156,
          "min_markup": 0.003906904211023329,
          "n_close_orders": 7,
          "rentry_pprice_dist": 0.01,
          "rentry_pprice_dist_wallet_exposure_weighting": 2.4387261772255755,
          "wallet_exposure_limit": 1.0},
 "short": {"auto_unstuck_delay_minutes": 423.7837296104308,
           "auto_unstuck_ema_dist": -0.02987465576873624,
           "auto_unstuck_qty_pct": 0.07164977280989826,
           "auto_unstuck_wallet_exposure_threshold": 0.43016881824071407,
           "backwards_tp": true,
           "ddown_factor": 2.1212321192100703,
           "ema_span_0": 683.2281530981207,
           "ema_span_1": 99.41420984783828,
           "enabled": false,
           "initial_eprice_ema_dist": -7.08656132472063e-05,
           "initial_qty_pct": 0.023905803041292153,
           "markup_range": 0.049781879525844855,
           "min_markup": 0.009282156931096495,
           "n_close_orders": 9,
           "rentry_pprice_dist": 0.010592815696834942,
           "rentry_pprice_dist_wallet_exposure_weighting": 17.327565983743828,
           "wallet_exposure_limit": 1.0}}