{"config_name": "recursive_grid_CTKUSDT_1118days",
 "logging_level": 0,
 "long": {"auto_unstuck_delay_minutes": 1426.1722931975094,
          "auto_unstuck_ema_dist": 0.004768646711460986,
          "auto_unstuck_qty_pct": 0.040259524395128955,
          "auto_unstuck_wallet_exposure_threshold": 0.05273091656308982,
          "backwards_tp": false,
          "ddown_factor": 1.1405623623290178,
          "ema_span_0": 798.3915590318055,
          "ema_span_1": 1369.585453515613,
          "enabled": true,
          "initial_eprice_ema_dist": 0.01,
          "initial_qty_pct": 0.001,
          "markup_range": 0.012868348859339166,
          "min_markup": 0.0034722150991597193,
          "n_close_orders": 6,
          "rentry_pprice_dist": 0.00991678961821381,
          "rentry_pprice_dist_wallet_exposure_weighting": 1.5172318553404074,
          "wallet_exposure_limit": 1.0},
 "short": {"auto_unstuck_delay_minutes": 579.8661554917109,
           "auto_unstuck_ema_dist": -0.04280503270023524,
           "auto_unstuck_qty_pct": 0.08640546389513377,
           "auto_unstuck_wallet_exposure_threshold": 0.21371517248666488,
           "backwards_tp": true,
           "ddown_factor": 1.15763689615338,
           "ema_span_0": 980.1691365495575,
           "ema_span_1": 90.20061633365873,
           "enabled": false,
           "initial_eprice_ema_dist": -0.06405673845864751,
           "initial_qty_pct": 0.012609114008052003,
           "markup_range": 0.03056428166144569,
           "min_markup": 0.001241094204392354,
           "n_close_orders": 11,
           "rentry_pprice_dist": 0.04894119313065773,
           "rentry_pprice_dist_wallet_exposure_weighting": 12.181833205674334,
           "wallet_exposure_limit": 1.0}}