{"config_name": "recursive_grid_BLZUSDT_1181days",
 "logging_level": 0,
 "long": {"auto_unstuck_delay_minutes": 1406.9807620101697,
          "auto_unstuck_ema_dist": -0.004776593566692054,
          "auto_unstuck_qty_pct": 0.015552952874801452,
          "auto_unstuck_wallet_exposure_threshold": 0.09400907153041185,
          "backwards_tp": false,
          "ddown_factor": 1.0,
          "ema_span_0": 179.7558444774626,
          "ema_span_1": 153.97082521056012,
          "enabled": true,
          "initial_eprice_ema_dist": 0.009347130312074221,
          "initial_qty_pct": 0.001,
          "markup_range": 0.005209225131859747,
          "min_markup": 0.003,
          "n_close_orders": 3,
          "rentry_pprice_dist": 0.01,
          "rentry_pprice_dist_wallet_exposure_weighting": 2.1394401623149704,
          "wallet_exposure_limit": 1.0},
 "short": {"auto_unstuck_delay_minutes": 1396.029665815964,
           "auto_unstuck_ema_dist": -0.015771877159191358,
           "auto_unstuck_qty_pct": 0.011621788392691968,
           "auto_unstuck_wallet_exposure_threshold": 0.1402274594142474,
           "backwards_tp": true,
           "ddown_factor": 1.9491684128744438,
           "ema_span_0": 975.6595030230769,
           "ema_span_1": 1340.4151874666895,
           "enabled": false,
           "initial_eprice_ema_dist": -0.0076469872546707784,
           "initial_qty_pct": 0.037935785261415604,
           "markup_range": 0.012179819809272898,
           "min_markup": 0.008184254849743583,
           "n_close_orders": 9,
           "rentry_pprice_dist": 0.020226995481065175,
           "rentry_pprice_dist_wallet_exposure_weighting": 8.104742047159066,
           "wallet_exposure_limit": 1.0}}