{
    "adg": 0.009434824209348935,
    "adg_w": 0.007262734107145463,
    "calmar_ratio": 0.021404981629458,
    "calmar_ratio_w": 0.022610604380972392,
    "drawdown_worst": 0.44077702904283395,
    "drawdown_worst_mean_1pct": 0.32933497778174226,
    "equity_balance_diff_neg_max": 0.4409619821330247,
    "equity_balance_diff_neg_mean": 0.007369581556985488,
    "equity_balance_diff_pos_max": 0.4160712720420694,
    "equity_balance_diff_pos_mean": 0.005494388547509048,
    "equity_choppiness": 2.3225953887369846,
    "equity_choppiness_w": 2.327603653408361,
    "equity_jerkiness": 0.025078832970029146,
    "equity_jerkiness_w": 0.0243818437958845,
    "expected_shortfall_1pct": 0.28154336715249934,
    "exponential_fit_error": 0.1325837190654205,
    "exponential_fit_error_w": 0.02696799949650499,
    "gain": 114043.68508760711,
    "loss_profit_ratio": 0.24638455658813363,
    "loss_profit_ratio_long": 0.24638455658813363,
    "loss_profit_ratio_short": 1.0,
    "loss_profit_ratio_w": 0.2613210015445426,
    "mdg": 0.002238315125095633,
    "mdg_w": 0.00184626134038333,
    "omega_ratio": 4.087028476142739,
    "omega_ratio_w": 3.204567766591178,
    "pnl_ratio_long_short": 1.0,
    "position_held_hours_max": 144.71666666666667,
    "position_held_hours_mean": 7.261335403726708,
    "position_held_hours_median": 3.25,
    "position_unchanged_hours_max": 120.2,
    "positions_held_per_day": 2.856451612903226,
    "sharpe_ratio": 0.10065523776579502,
    "sharpe_ratio_w": 0.09041098705546478,
    "sortino_ratio": 0.16162484507904282,
    "sortino_ratio_w": 0.12743897141213692,
    "sterling_ratio": 0.028648108600239867,
    "sterling_ratio_w": 0.024738192113968355
}