{"config_name": "recursive_grid_1000XECUSDT_456days",
 "logging_level": 0,
 "long": {"auto_unstuck_delay_minutes": 2800.0,
          "auto_unstuck_ema_dist": -0.03855367438372411,
          "auto_unstuck_qty_pct": 0.01,
          "auto_unstuck_wallet_exposure_threshold": 0.036579288008946796,
          "backwards_tp": false,
          "ddown_factor": 2.1355648682070627,
          "ema_span_0": 207.64743142072962,
          "ema_span_1": 400.00000024761005,
          "enabled": true,
          "initial_eprice_ema_dist": -0.1,
          "initial_qty_pct": 0.02,
          "markup_range": 0.039186747446949305,
          "min_markup": 0.007995639602285673,
          "n_close_orders": 8,
          "rentry_pprice_dist": 0.024156475349335765,
          "rentry_pprice_dist_wallet_exposure_weighting": 2.0,
          "wallet_exposure_limit": 1.0},
 "short": {"auto_unstuck_delay_minutes": 399.52237349265215,
           "auto_unstuck_ema_dist": -0.09149027767193874,
           "auto_unstuck_qty_pct": 0.03091847578983254,
           "auto_unstuck_wallet_exposure_threshold": 0.4330572916128035,
           "backwards_tp": true,
           "ddown_factor": 2.12936385147874,
           "ema_span_0": 533.1022909325384,
           "ema_span_1": 969.5053689252712,
           "enabled": false,
           "initial_eprice_ema_dist": -0.013306640627994332,
           "initial_qty_pct": 0.027763018109835808,
           "markup_range": 0.031404521033152256,
           "min_markup": 0.0026115330522980297,
           "n_close_orders": 6,
           "rentry_pprice_dist": 0.03786062679305835,
           "rentry_pprice_dist_wallet_exposure_weighting": 6.504339528403527,
           "wallet_exposure_limit": 1.0}}