{
    "adg": 0.003278027020898744,
    "adg_per_exposure_long": 0.0015455101465812087,
    "adg_per_exposure_short": 0.003278027020898744,
    "adg_w": 0.0029235659464559973,
    "adg_w_per_exposure_long": 0.0013783903566506352,
    "adg_w_per_exposure_short": 0.0029235659464559973,
    "calmar_ratio": 0.008809355312839688,
    "calmar_ratio_w": 0.007855788535271854,
    "drawdown_worst": 0.3721074817042514,
    "drawdown_worst_mean_1pct": 0.2547461199906479,
    "equity_balance_diff_neg_max": 0.36467364026558213,
    "equity_balance_diff_neg_mean": 0.0009763356847379939,
    "equity_balance_diff_pos_max": 0.3505935275969244,
    "equity_balance_diff_pos_mean": 0.0009842645594893575,
    "equity_choppiness": 1.6488002217869975,
    "equity_choppiness_w": 1.5348161401641793,
    "equity_jerkiness": 0.008000443005481691,
    "equity_jerkiness_w": 0.007348980189679349,
    "expected_shortfall_1pct": 0.18241108735484887,
    "exponential_fit_error": 0.39999975407885496,
    "exponential_fit_error_w": 0.04514711989045821,
    "gain": 480.83335143168466,
    "gain_per_exposure_long": 226.7012500856599,
    "gain_per_exposure_short": 480.83335143168466,
    "loss_profit_ratio": 0.23482256384498268,
    "loss_profit_ratio_long": 0.23482256384498268,
    "loss_profit_ratio_short": 1.0,
    "loss_profit_ratio_w": 0.19716159621690454,
    "mdg": 0.000553440433027654,
    "mdg_per_exposure_long": 0.0002609337260856454,
    "mdg_per_exposure_short": 0.000553440433027654,
    "mdg_w": 0.0005798538890502633,
    "mdg_w_per_exposure_long": 0.0002733870292551925,
    "mdg_w_per_exposure_short": 0.0005798538890502633,
    "omega_ratio": 4.731743356938452,
    "omega_ratio_w": 4.7820405148858836,
    "pnl_ratio_long_short": 1.0,
    "position_held_hours_max": 246.46666666666667,
    "position_held_hours_mean": 8.931744930982102,
    "position_held_hours_median": 2.2666666666666666,
    "position_unchanged_hours_max": 167.4,
    "positions_held_per_day": 2.674615792262851,
    "sharpe_ratio": 0.07520806261790393,
    "sharpe_ratio_w": 0.058537415380859305,
    "sortino_ratio": 0.09749769438056662,
    "sortino_ratio_w": 0.07693082420408481,
    "sterling_ratio": 0.012867819227311823,
    "sterling_ratio_w": 0.012252276195558383,
    "volume_pct_per_day_avg": 0.9163832714969598,
    "volume_pct_per_day_avg_w": 0.861551658856061
}