{"config_name": "recursive_grid_UNIUSDT_1180days",
 "logging_level": 0,
 "long": {"auto_unstuck_delay_minutes": 1225.8976964290289,
          "auto_unstuck_ema_dist": -0.0006284151035446357,
          "auto_unstuck_qty_pct": 0.017052389252459766,
          "auto_unstuck_wallet_exposure_threshold": 0.09777229119206227,
          "backwards_tp": true,
          "ddown_factor": 1.2081574503830546,
          "ema_span_0": 515.7560466543088,
          "ema_span_1": 1387.8878471587495,
          "enabled": true,
          "initial_eprice_ema_dist": 0.01,
          "initial_qty_pct": 0.001,
          "markup_range": 0.00977235498038932,
          "min_markup": 0.0030000191852745566,
          "n_close_orders": 5,
          "rentry_pprice_dist": 0.009788808359683234,
          "rentry_pprice_dist_wallet_exposure_weighting": 1.8807373880319624,
          "wallet_exposure_limit": 1.0},
 "short": {"auto_unstuck_delay_minutes": 329.20099489241994,
           "auto_unstuck_ema_dist": -0.059930022050704926,
           "auto_unstuck_qty_pct": 0.017423065611547554,
           "auto_unstuck_wallet_exposure_threshold": 0.17349665082944865,
           "backwards_tp": true,
           "ddown_factor": 0.19774854127714656,
           "ema_span_0": 1263.3193543419688,
           "ema_span_1": 835.495198373346,
           "enabled": false,
           "initial_eprice_ema_dist": -0.030512490031733674,
           "initial_qty_pct": 0.02626723847422456,
           "markup_range": 0.027611423928598333,
           "min_markup": 0.0025502208173139454,
           "n_close_orders": 14,
           "rentry_pprice_dist": 0.034984337986485106,
           "rentry_pprice_dist_wallet_exposure_weighting": 0.13086643448952273,
           "wallet_exposure_limit": 1.0}}