{"config_name": "recursive_grid_30_symbols_473days",
 "logging_level": 0,
 "long": {"auto_unstuck_delay_minutes": 2442.4000897345204,
          "auto_unstuck_ema_dist": 0.0,
          "auto_unstuck_qty_pct": 0.01,
          "auto_unstuck_wallet_exposure_threshold": 0.05597901117527278,
          "backwards_tp": true,
          "ddown_factor": 0.580053137342878,
          "ema_span_0": 400.39420028528855,
          "ema_span_1": 1003.3001539604662,
          "enabled": true,
          "initial_eprice_ema_dist": 0.02029690708127879,
          "initial_qty_pct": 0.020132515655729086,
          "markup_range": 0.02,
          "min_markup": 0.01000073437758128,
          "n_close_orders": 3,
          "rentry_pprice_dist": 0.05322107586441955,
          "rentry_pprice_dist_wallet_exposure_weighting": 1.01,
          "wallet_exposure_limit": 1.0},
 "short": {"auto_unstuck_delay_minutes": 0.0,
           "auto_unstuck_ema_dist": 0.0,
           "auto_unstuck_qty_pct": 0.0,
           "auto_unstuck_wallet_exposure_threshold": 0.0,
           "backwards_tp": true,
           "ddown_factor": 2.399559802454812,
           "ema_span_0": 573.358728904954,
           "ema_span_1": 1315.184234028679,
           "enabled": false,
           "initial_eprice_ema_dist": -0.009633842369383045,
           "initial_qty_pct": 0.00763890410800825,
           "markup_range": 0.008209524052112586,
           "min_markup": 0.008658212226605635,
           "n_close_orders": 9,
           "rentry_pprice_dist": 0.05793137494742749,
           "rentry_pprice_dist_wallet_exposure_weighting": 1.9286861950525795,
           "wallet_exposure_limit": 1.0}}