{
    "adg": 0.0028415931235701297,
    "adg_w": 0.001997275908522056,
    "calmar_ratio": 0.019063460538977076,
    "calmar_ratio_w": 0.01595776755667023,
    "drawdown_worst": 0.1490596692956255,
    "drawdown_worst_mean_1pct": 0.09089952879155816,
    "equity_balance_diff_neg_max": 0.14975582815608332,
    "equity_balance_diff_neg_mean": 0.0016535769707941878,
    "equity_balance_diff_pos_max": 0.06611558910811297,
    "equity_balance_diff_pos_mean": 5.768112297289159e-05,
    "equity_choppiness": 1.5883291240227044,
    "equity_choppiness_w": 1.8131088549780003,
    "equity_jerkiness": 0.005235817319267816,
    "equity_jerkiness_w": 0.00506340840390195,
    "expected_shortfall_1pct": 0.0756505041506832,
    "exponential_fit_error": 0.14136935367223674,
    "exponential_fit_error_w": 0.015126667917566162,
    "gain": 177.9301082531644,
    "loss_profit_ratio": 0.07619647016930159,
    "loss_profit_ratio_long": 0.07619647016930159,
    "loss_profit_ratio_short": 1.0,
    "loss_profit_ratio_w": 0.08394745715400023,
    "mdg": 0.0010606052176327786,
    "mdg_w": 0.0008252273007934465,
    "omega_ratio": 7.10176714799741,
    "omega_ratio_w": 4.09903434575868,
    "pnl_ratio_long_short": 1.0,
    "position_held_hours_max": 438.98333333333335,
    "position_held_hours_mean": 4.652526374792305,
    "position_held_hours_median": 0.7333333333333333,
    "position_unchanged_hours_max": 351.73333333333335,
    "positions_held_per_day": 18.237677984665936,
    "sharpe_ratio": 0.1408379657055455,
    "sharpe_ratio_w": 0.11062770492978898,
    "sortino_ratio": 0.16647964924364986,
    "sortino_ratio_w": 0.1106167640191836,
    "sterling_ratio": 0.03126081247446498,
    "sterling_ratio_w": 0.020380639068410054
}