{"config_name": "recursive_grid_XTZUSDT_1405days",
 "logging_level": 0,
 "long": {"auto_unstuck_delay_minutes": 1288.6193103231399,
          "auto_unstuck_ema_dist": -0.008962306487923177,
          "auto_unstuck_qty_pct": 0.08750066366261997,
          "auto_unstuck_wallet_exposure_threshold": 0.05003315608639708,
          "backwards_tp": false,
          "ddown_factor": 1.9937192478160755,
          "ema_span_0": 197.0549039677642,
          "ema_span_1": 1103.6463875300356,
          "enabled": true,
          "initial_eprice_ema_dist": -0.008068310661021162,
          "initial_qty_pct": 0.001,
          "markup_range": 0.005050891573621164,
          "min_markup": 0.0030001568078089633,
          "n_close_orders": 3,
          "rentry_pprice_dist": 0.01,
          "rentry_pprice_dist_wallet_exposure_weighting": 1.6752897771927733,
          "wallet_exposure_limit": 1.0},
 "short": {"auto_unstuck_delay_minutes": 900.6017733818951,
           "auto_unstuck_ema_dist": -0.05710215221649276,
           "auto_unstuck_qty_pct": 0.0790153189936289,
           "auto_unstuck_wallet_exposure_threshold": 0.12157126753490362,
           "backwards_tp": true,
           "ddown_factor": 2.284635310485485,
           "ema_span_0": 586.0851210443155,
           "ema_span_1": 1098.6648474240321,
           "enabled": false,
           "initial_eprice_ema_dist": -0.05701391188567677,
           "initial_qty_pct": 0.014594209498962382,
           "markup_range": 0.054743182718116686,
           "min_markup": 0.0052933180614214,
           "n_close_orders": 11,
           "rentry_pprice_dist": 0.03160586014635444,
           "rentry_pprice_dist_wallet_exposure_weighting": 7.98774644059741,
           "wallet_exposure_limit": 1.0}}