{
    "adg": 0.008766178687208415,
    "adg_w": 0.007967961120464051,
    "calmar_ratio": 0.01779086234009186,
    "calmar_ratio_w": 0.016171931784106586,
    "drawdown_worst": 0.49273489500583434,
    "drawdown_worst_mean_1pct": 0.32504644665611615,
    "equity_balance_diff_neg_max": 0.5481511874929264,
    "equity_balance_diff_neg_mean": 0.0042108623243563075,
    "equity_balance_diff_pos_max": 0.37008933188903614,
    "equity_balance_diff_pos_mean": 0.0011294967147427914,
    "equity_choppiness": 1.5743632137170696,
    "equity_choppiness_w": 1.653478497664937,
    "equity_jerkiness": 0.016833851782417874,
    "equity_jerkiness_w": 0.018848591709282117,
    "expected_shortfall_1pct": 0.29659906647343154,
    "exponential_fit_error": 0.672861549119019,
    "exponential_fit_error_w": 0.08539057245077736,
    "gain": 1289160.5988358739,
    "loss_profit_ratio": 0.06304619520949709,
    "loss_profit_ratio_long": 0.06304619520949709,
    "loss_profit_ratio_short": 1.0,
    "loss_profit_ratio_w": 0.06923203277781428,
    "mdg": 0.001980659410953807,
    "mdg_w": 0.0019585186839774947,
    "omega_ratio": 9.514562439485534,
    "omega_ratio_w": 6.442407027730195,
    "pnl_ratio_long_short": 1.0,
    "position_held_hours_max": 236.88333333333333,
    "position_held_hours_mean": 6.127911964935186,
    "position_held_hours_median": 1.1666666666666667,
    "position_unchanged_hours_max": 235.06666666666666,
    "positions_held_per_day": 6.651985111662531,
    "sharpe_ratio": 0.0881397739752452,
    "sharpe_ratio_w": 0.07573830273637082,
    "sortino_ratio": 0.14076917164198563,
    "sortino_ratio_w": 0.11533126339034457,
    "sterling_ratio": 0.026969003283652628,
    "sterling_ratio_w": 0.02028354875019852
}