{"config_name": "recursive_grid_SXPUSDT_1239days",
 "logging_level": 0,
 "long": {"auto_unstuck_delay_minutes": 949.3502282090071,
          "auto_unstuck_ema_dist": -0.004419133538632187,
          "auto_unstuck_qty_pct": 0.010662918604826993,
          "auto_unstuck_wallet_exposure_threshold": 0.06895863700123606,
          "backwards_tp": false,
          "ddown_factor": 1.019280257365959,
          "ema_span_0": 210.55914894261718,
          "ema_span_1": 121.26931617005175,
          "enabled": true,
          "initial_eprice_ema_dist": 0.00799306547997889,
          "initial_qty_pct": 0.001,
          "markup_range": 0.005003541209905608,
          "min_markup": 0.005292591269350128,
          "n_close_orders": 3,
          "rentry_pprice_dist": 0.009996490624149573,
          "rentry_pprice_dist_wallet_exposure_weighting": 1.3519743151925605,
          "wallet_exposure_limit": 1.0},
 "short": {"auto_unstuck_delay_minutes": 80.24174138999625,
           "auto_unstuck_ema_dist": -0.09945575706702064,
           "auto_unstuck_qty_pct": 0.06382624796254786,
           "auto_unstuck_wallet_exposure_threshold": 0.5852354315131205,
           "backwards_tp": true,
           "ddown_factor": 0.19153846195987134,
           "ema_span_0": 932.2487587150421,
           "ema_span_1": 874.0280686057293,
           "enabled": false,
           "initial_eprice_ema_dist": -0.025203013798383314,
           "initial_qty_pct": 0.039670436366426184,
           "markup_range": 0.04147264700435307,
           "min_markup": 0.005195044201353938,
           "n_close_orders": 7,
           "rentry_pprice_dist": 0.015968645117922998,
           "rentry_pprice_dist_wallet_exposure_weighting": 7.012351214115764,
           "wallet_exposure_limit": 1.0}}