{"config_name": "recursive_grid_30_symbols_456days",
 "logging_level": 0,
 "long": {"auto_unstuck_delay_minutes": 2959.024794670821,
          "auto_unstuck_ema_dist": -0.04674216167611053,
          "auto_unstuck_qty_pct": 0.01,
          "auto_unstuck_wallet_exposure_threshold": 0.04674902408308891,
          "backwards_tp": false,
          "ddown_factor": 2.097945781690418,
          "ema_span_0": 364.0263448674151,
          "ema_span_1": 605.6735834858096,
          "enabled": true,
          "initial_eprice_ema_dist": -0.1,
          "initial_qty_pct": 0.02,
          "markup_range": 0.041232042047442644,
          "min_markup": 0.0028835454385579403,
          "n_close_orders": 6,
          "rentry_pprice_dist": 0.03069994008856001,
          "rentry_pprice_dist_wallet_exposure_weighting": 2.1213492094804,
          "wallet_exposure_limit": 1.0},
 "short": {"auto_unstuck_delay_minutes": 1229.979945323613,
           "auto_unstuck_ema_dist": -0.014828390810012318,
           "auto_unstuck_qty_pct": 0.041156041622908174,
           "auto_unstuck_wallet_exposure_threshold": 0.42191787234873024,
           "backwards_tp": true,
           "ddown_factor": 0.5987003063568609,
           "ema_span_0": 219.28800791776797,
           "ema_span_1": 888.4668602221451,
           "enabled": false,
           "initial_eprice_ema_dist": -0.07335324026432755,
           "initial_qty_pct": 0.04139792979853315,
           "markup_range": 0.05570023109155431,
           "min_markup": 0.003276610086028553,
           "n_close_orders": 11,
           "rentry_pprice_dist": 0.04726856647010961,
           "rentry_pprice_dist_wallet_exposure_weighting": 13.112452631893305,
           "wallet_exposure_limit": 1.0}}