{"config_name": "recursive_grid_30_symbols_473days",
 "logging_level": 0,
 "long": {"auto_unstuck_delay_minutes": 1999.9673173293222,
          "auto_unstuck_ema_dist": 0.0,
          "auto_unstuck_qty_pct": 0.01,
          "auto_unstuck_wallet_exposure_threshold": 0.03233411516523802,
          "backwards_tp": true,
          "ddown_factor": 0.23711204064415872,
          "ema_span_0": 434.42783631784084,
          "ema_span_1": 1022.3594389457539,
          "enabled": true,
          "initial_eprice_ema_dist": 0.017272156662043608,
          "initial_qty_pct": 0.020000622079795687,
          "markup_range": 0.020007433301180006,
          "min_markup": 0.010045914979758791,
          "n_close_orders": 6,
          "rentry_pprice_dist": 0.04455653988652847,
          "rentry_pprice_dist_wallet_exposure_weighting": 1.0179440719853292,
          "wallet_exposure_limit": 1.0},
 "short": {"auto_unstuck_delay_minutes": 0.0,
           "auto_unstuck_ema_dist": 0.0,
           "auto_unstuck_qty_pct": 0.0,
           "auto_unstuck_wallet_exposure_threshold": 0.0,
           "backwards_tp": true,
           "ddown_factor": 2.0310193660935605,
           "ema_span_0": 521.8929267162401,
           "ema_span_1": 607.1049460839383,
           "enabled": false,
           "initial_eprice_ema_dist": -0.007101065835164944,
           "initial_qty_pct": 0.01832878863667597,
           "markup_range": 0.008537714905230928,
           "min_markup": 0.00398975968611655,
           "n_close_orders": 13,
           "rentry_pprice_dist": 0.026017868581408067,
           "rentry_pprice_dist_wallet_exposure_weighting": 4.912168730834983,
           "wallet_exposure_limit": 1.0}}