{"config_name": "recursive_grid_30_symbols_473days",
 "logging_level": 0,
 "long": {"auto_unstuck_delay_minutes": 2654.689499066047,
          "auto_unstuck_ema_dist": 0.0,
          "auto_unstuck_qty_pct": 0.01,
          "auto_unstuck_wallet_exposure_threshold": 0.04073594405604742,
          "backwards_tp": true,
          "ddown_factor": 0.7333258508385395,
          "ema_span_0": 524.9210735948795,
          "ema_span_1": 1439.7601438123222,
          "enabled": true,
          "initial_eprice_ema_dist": 0.016208330492113152,
          "initial_qty_pct": 0.02,
          "markup_range": 0.02,
          "min_markup": 0.01,
          "n_close_orders": 6,
          "rentry_pprice_dist": 0.04862700070483073,
          "rentry_pprice_dist_wallet_exposure_weighting": 1.2573094506084435,
          "wallet_exposure_limit": 1.0},
 "short": {"auto_unstuck_delay_minutes": 0.0,
           "auto_unstuck_ema_dist": 0.0,
           "auto_unstuck_qty_pct": 0.0,
           "auto_unstuck_wallet_exposure_threshold": 0.0,
           "backwards_tp": true,
           "ddown_factor": 1.161168399870725,
           "ema_span_0": 728.1792587920627,
           "ema_span_1": 674.4089557456385,
           "enabled": false,
           "initial_eprice_ema_dist": -0.007086287651738184,
           "initial_qty_pct": 0.015259013470541996,
           "markup_range": 0.005173578184507944,
           "min_markup": 0.007336318276741284,
           "n_close_orders": 15,
           "rentry_pprice_dist": 0.047814554194763104,
           "rentry_pprice_dist_wallet_exposure_weighting": 5.006123550596657,
           "wallet_exposure_limit": 1.0}}