{"config_name": "recursive_grid_ALGOUSDT_1375days",
 "logging_level": 0,
 "long": {"auto_unstuck_delay_minutes": 1314.849452390375,
          "auto_unstuck_ema_dist": 0.018531378884276927,
          "auto_unstuck_qty_pct": 0.01,
          "auto_unstuck_wallet_exposure_threshold": 0.030251868652783728,
          "backwards_tp": false,
          "ddown_factor": 1.1188707429407077,
          "ema_span_0": 986.0607950436441,
          "ema_span_1": 1291.1655387334881,
          "enabled": true,
          "initial_eprice_ema_dist": 0.009999998238181335,
          "initial_qty_pct": 0.05,
          "markup_range": 0.0799968514690637,
          "min_markup": 0.0021291043405598886,
          "n_close_orders": 7,
          "rentry_pprice_dist": 0.04398175250608773,
          "rentry_pprice_dist_wallet_exposure_weighting": 0.907672130983561,
          "wallet_exposure_limit": 1.0},
 "short": {"auto_unstuck_delay_minutes": 961.0236403628031,
           "auto_unstuck_ema_dist": -0.05617831262505146,
           "auto_unstuck_qty_pct": 0.08043537942251928,
           "auto_unstuck_wallet_exposure_threshold": 0.21405641000103817,
           "backwards_tp": true,
           "ddown_factor": 0.9293770017395473,
           "ema_span_0": 24.822193196636757,
           "ema_span_1": 419.8330483407511,
           "enabled": false,
           "initial_eprice_ema_dist": -0.016890638880993056,
           "initial_qty_pct": 0.021518159471072405,
           "markup_range": 0.01533965669475112,
           "min_markup": 0.006119720578986135,
           "n_close_orders": 3,
           "rentry_pprice_dist": 0.034061311944750296,
           "rentry_pprice_dist_wallet_exposure_weighting": 5.83407785897842,
           "wallet_exposure_limit": 1.0}}