{"config_name": "recursive_grid_ALPHAUSDT_1114days",
 "logging_level": 0,
 "long": {"auto_unstuck_delay_minutes": 18.988605848504893,
          "auto_unstuck_ema_dist": 0.0006688293368702175,
          "auto_unstuck_qty_pct": 0.039410998368913826,
          "auto_unstuck_wallet_exposure_threshold": 0.07493630253049717,
          "backwards_tp": false,
          "ddown_factor": 1.11461431810146,
          "ema_span_0": 169.7486763965485,
          "ema_span_1": 665.5026768818526,
          "enabled": true,
          "initial_eprice_ema_dist": 0.009997847621503417,
          "initial_qty_pct": 0.001,
          "markup_range": 0.00707700514367998,
          "min_markup": 0.0048907897287992635,
          "n_close_orders": 8,
          "rentry_pprice_dist": 0.009697226139541267,
          "rentry_pprice_dist_wallet_exposure_weighting": 1.1949978146607028,
          "wallet_exposure_limit": 1.0},
 "short": {"auto_unstuck_delay_minutes": 1416.0375615379337,
           "auto_unstuck_ema_dist": -0.01038986913519259,
           "auto_unstuck_qty_pct": 0.050747387228075314,
           "auto_unstuck_wallet_exposure_threshold": 0.620908848703296,
           "backwards_tp": true,
           "ddown_factor": 1.332841812720606,
           "ema_span_0": 980.6044776404293,
           "ema_span_1": 817.6193320722916,
           "enabled": false,
           "initial_eprice_ema_dist": -0.0008979395163308534,
           "initial_qty_pct": 0.04063334323512741,
           "markup_range": 0.04631576528603623,
           "min_markup": 0.006115876092113686,
           "n_close_orders": 13,
           "rentry_pprice_dist": 0.04372635973036886,
           "rentry_pprice_dist_wallet_exposure_weighting": 12.830367154480598,
           "wallet_exposure_limit": 1.0}}