{"config_name": "recursive_grid_PENDLEUSDT_248days",
 "logging_level": 0,
 "long": {"auto_unstuck_delay_minutes": 1678.6023347251798,
          "auto_unstuck_ema_dist": 0.0,
          "auto_unstuck_qty_pct": 0.01,
          "auto_unstuck_wallet_exposure_threshold": 0.04321542279222684,
          "backwards_tp": false,
          "ddown_factor": 1.9255115863717034,
          "ema_span_0": 950.499387080399,
          "ema_span_1": 1016.0985638592086,
          "enabled": true,
          "initial_eprice_ema_dist": -0.007890820541379738,
          "initial_qty_pct": 0.020462447062603865,
          "markup_range": 0.07512937105610351,
          "min_markup": 0.017670775152839706,
          "n_close_orders": 6,
          "rentry_pprice_dist": 0.020524100714866482,
          "rentry_pprice_dist_wallet_exposure_weighting": 3.680751472499714,
          "wallet_exposure_limit": 1.0},
 "short": {"auto_unstuck_delay_minutes": 0.0,
           "auto_unstuck_ema_dist": 0.0,
           "auto_unstuck_qty_pct": 0.0,
           "auto_unstuck_wallet_exposure_threshold": 0.0,
           "backwards_tp": true,
           "ddown_factor": 1.5020275031869377,
           "ema_span_0": 862.6595178744416,
           "ema_span_1": 647.7847905619816,
           "enabled": false,
           "initial_eprice_ema_dist": 0.0009152788114216576,
           "initial_qty_pct": 0.018516759172862322,
           "markup_range": 0.008362045389498921,
           "min_markup": 0.0020874979211595464,
           "n_close_orders": 14,
           "rentry_pprice_dist": 0.018850255224033163,
           "rentry_pprice_dist_wallet_exposure_weighting": 2.808355394169424,
           "wallet_exposure_limit": 1.0}}