{"config_name": "recursive_grid_RUNEUSDT_1194days",
 "logging_level": 0,
 "long": {"auto_unstuck_delay_minutes": 1094.159184747913,
          "auto_unstuck_ema_dist": -0.0032375871868537214,
          "auto_unstuck_qty_pct": 0.09754473533099278,
          "auto_unstuck_wallet_exposure_threshold": 0.06215754902220918,
          "backwards_tp": false,
          "ddown_factor": 1.4438692832836413,
          "ema_span_0": 834.0839539897523,
          "ema_span_1": 241.25385390823286,
          "enabled": true,
          "initial_eprice_ema_dist": 0.009064229984746838,
          "initial_qty_pct": 0.001,
          "markup_range": 0.006475728763526739,
          "min_markup": 0.0038199075095231337,
          "n_close_orders": 4,
          "rentry_pprice_dist": 0.00953943826519225,
          "rentry_pprice_dist_wallet_exposure_weighting": 1.641571392595455,
          "wallet_exposure_limit": 1.0},
 "short": {"auto_unstuck_delay_minutes": 797.6356773319321,
           "auto_unstuck_ema_dist": -0.03300241266729119,
           "auto_unstuck_qty_pct": 0.02916144229745956,
           "auto_unstuck_wallet_exposure_threshold": 0.10249545274056251,
           "backwards_tp": true,
           "ddown_factor": 1.0439642933814468,
           "ema_span_0": 371.21639036281766,
           "ema_span_1": 18.170887394791876,
           "enabled": false,
           "initial_eprice_ema_dist": -0.04791937457486972,
           "initial_qty_pct": 0.044063710138014606,
           "markup_range": 0.026311614349858178,
           "min_markup": 0.002480130460218312,
           "n_close_orders": 16,
           "rentry_pprice_dist": 0.03715480492057322,
           "rentry_pprice_dist_wallet_exposure_weighting": 4.3122553888684,
           "wallet_exposure_limit": 1.0}}