{"config_name": "recursive_grid_MATICUSDT_1146days",
 "logging_level": 0,
 "long": {"auto_unstuck_delay_minutes": 1223.7844971289094,
          "auto_unstuck_ema_dist": -0.0031269217943491034,
          "auto_unstuck_qty_pct": 0.03168172456222034,
          "auto_unstuck_wallet_exposure_threshold": 0.05205486942630435,
          "backwards_tp": false,
          "ddown_factor": 1.0,
          "ema_span_0": 405.48562891667495,
          "ema_span_1": 1382.836818293359,
          "enabled": true,
          "initial_eprice_ema_dist": 0.01,
          "initial_qty_pct": 0.001,
          "markup_range": 0.01903443948076128,
          "min_markup": 0.008257871731937465,
          "n_close_orders": 7,
          "rentry_pprice_dist": 0.009287151741465143,
          "rentry_pprice_dist_wallet_exposure_weighting": 2.00804040744092,
          "wallet_exposure_limit": 1.0},
 "short": {"auto_unstuck_delay_minutes": 830.7913635684814,
           "auto_unstuck_ema_dist": -0.08287489376469764,
           "auto_unstuck_qty_pct": 0.0690848718663956,
           "auto_unstuck_wallet_exposure_threshold": 0.10191576478309479,
           "backwards_tp": true,
           "ddown_factor": 1.3178789467169412,
           "ema_span_0": 1317.077228638697,
           "ema_span_1": 1258.3115025901907,
           "enabled": false,
           "initial_eprice_ema_dist": 3.670061726113172e-05,
           "initial_qty_pct": 0.02187809590683847,
           "markup_range": 0.05285230451435271,
           "min_markup": 0.009613400355806039,
           "n_close_orders": 3,
           "rentry_pprice_dist": 0.014301036286225945,
           "rentry_pprice_dist_wallet_exposure_weighting": 3.356305642848827,
           "wallet_exposure_limit": 1.0}}