{"config_name": "recursive_grid_30_symbols_473days",
 "logging_level": 0,
 "long": {"auto_unstuck_delay_minutes": 1371.7310799031902,
          "auto_unstuck_ema_dist": 0.0,
          "auto_unstuck_qty_pct": 0.01,
          "auto_unstuck_wallet_exposure_threshold": 0.04601209449926177,
          "backwards_tp": true,
          "ddown_factor": 0.7401186181912309,
          "ema_span_0": 763.2589748660508,
          "ema_span_1": 570.7538976412053,
          "enabled": true,
          "initial_eprice_ema_dist": 0.02256081565945763,
          "initial_qty_pct": 0.020024393600218744,
          "markup_range": 0.020039453700189253,
          "min_markup": 0.010000468428643066,
          "n_close_orders": 9,
          "rentry_pprice_dist": 0.0747666310317295,
          "rentry_pprice_dist_wallet_exposure_weighting": 1.1277344179610673,
          "wallet_exposure_limit": 1.0},
 "short": {"auto_unstuck_delay_minutes": 0.0,
           "auto_unstuck_ema_dist": 0.0,
           "auto_unstuck_qty_pct": 0.0,
           "auto_unstuck_wallet_exposure_threshold": 0.0,
           "backwards_tp": true,
           "ddown_factor": 1.3141280518468743,
           "ema_span_0": 611.8026856628211,
           "ema_span_1": 934.8482008286094,
           "enabled": false,
           "initial_eprice_ema_dist": -0.0019553201033186227,
           "initial_qty_pct": 0.00964318932958809,
           "markup_range": 0.003506059222057302,
           "min_markup": 0.00738847428487218,
           "n_close_orders": 13,
           "rentry_pprice_dist": 0.04151331049628615,
           "rentry_pprice_dist_wallet_exposure_weighting": 2.47926337489769,
           "wallet_exposure_limit": 1.0}}