{"config_name": "recursive_grid_RLCUSDT_1229days",
 "logging_level": 0,
 "long": {"auto_unstuck_delay_minutes": 371.0051220050495,
          "auto_unstuck_ema_dist": -0.009701870807015392,
          "auto_unstuck_qty_pct": 0.09161632726604711,
          "auto_unstuck_wallet_exposure_threshold": 0.08496625948187216,
          "backwards_tp": false,
          "ddown_factor": 1.8307368342717636,
          "ema_span_0": 621.0659047942333,
          "ema_span_1": 1024.322761429085,
          "enabled": true,
          "initial_eprice_ema_dist": 0.01,
          "initial_qty_pct": 0.001,
          "markup_range": 0.01046352128475354,
          "min_markup": 0.004497839600152155,
          "n_close_orders": 9,
          "rentry_pprice_dist": 0.00991666774357655,
          "rentry_pprice_dist_wallet_exposure_weighting": 1.046323608032861,
          "wallet_exposure_limit": 1.0},
 "short": {"auto_unstuck_delay_minutes": 300.44576849255566,
           "auto_unstuck_ema_dist": -0.08331964625438036,
           "auto_unstuck_qty_pct": 0.09813877867996101,
           "auto_unstuck_wallet_exposure_threshold": 0.4572106829064041,
           "backwards_tp": true,
           "ddown_factor": 1.3335717222366343,
           "ema_span_0": 270.9086859435249,
           "ema_span_1": 1119.7010144195956,
           "enabled": false,
           "initial_eprice_ema_dist": -0.056056704394277165,
           "initial_qty_pct": 0.039047536675706776,
           "markup_range": 0.002998822792446252,
           "min_markup": 0.007174760159240215,
           "n_close_orders": 10,
           "rentry_pprice_dist": 0.04910062712036315,
           "rentry_pprice_dist_wallet_exposure_weighting": 2.4988631646988524,
           "wallet_exposure_limit": 1.0}}