{"config_name": "recursive_grid_27_symbols_1540days",
 "logging_level": 0,
 "long": {"auto_unstuck_delay_minutes": 1401.9569845095953,
          "auto_unstuck_ema_dist": -0.038997472153267224,
          "auto_unstuck_qty_pct": 0.01,
          "auto_unstuck_wallet_exposure_threshold": 0.09364143371525926,
          "backwards_tp": false,
          "ddown_factor": 1.213631077675922,
          "ema_span_0": 872.4064520034427,
          "ema_span_1": 1202.2859532492182,
          "enabled": true,
          "initial_eprice_ema_dist": 0.009153781181408858,
          "initial_qty_pct": 0.05,
          "markup_range": 0.0403775642111818,
          "min_markup": 0.003027994696568682,
          "n_close_orders": 6,
          "rentry_pprice_dist": 0.059796241380474985,
          "rentry_pprice_dist_wallet_exposure_weighting": 2.14427713844033,
          "wallet_exposure_limit": 1.0},
 "short": {"auto_unstuck_delay_minutes": 958.9076783841923,
           "auto_unstuck_ema_dist": -0.024987465822137914,
           "auto_unstuck_qty_pct": 0.05717629581353804,
           "auto_unstuck_wallet_exposure_threshold": 0.2501530864210748,
           "backwards_tp": true,
           "ddown_factor": 2.32612302247486,
           "ema_span_0": 1402.280374646732,
           "ema_span_1": 845.1964428711186,
           "enabled": false,
           "initial_eprice_ema_dist": -0.047185593889482146,
           "initial_qty_pct": 0.028386255355387288,
           "markup_range": 0.05228285424931955,
           "min_markup": 0.001115780159728152,
           "n_close_orders": 9,
           "rentry_pprice_dist": 0.038334877850352056,
           "rentry_pprice_dist_wallet_exposure_weighting": 1.3186461834101748,
           "wallet_exposure_limit": 1.0}}