{"config_name": "recursive_grid_IOSTUSDT_1390days",
 "logging_level": 0,
 "long": {"auto_unstuck_delay_minutes": 1221.485674548097,
          "auto_unstuck_ema_dist": 0.004473828843558678,
          "auto_unstuck_qty_pct": 0.010739159529729519,
          "auto_unstuck_wallet_exposure_threshold": 0.08202960564341331,
          "backwards_tp": false,
          "ddown_factor": 1.1260199882978812,
          "ema_span_0": 697.1402195606545,
          "ema_span_1": 907.475621369963,
          "enabled": true,
          "initial_eprice_ema_dist": 0.006276118212452283,
          "initial_qty_pct": 0.001,
          "markup_range": 0.012442028409311733,
          "min_markup": 0.0049268169982715606,
          "n_close_orders": 5,
          "rentry_pprice_dist": 0.009493248554338104,
          "rentry_pprice_dist_wallet_exposure_weighting": 1.8008132642687682,
          "wallet_exposure_limit": 1.0},
 "short": {"auto_unstuck_delay_minutes": 1320.70722376361,
           "auto_unstuck_ema_dist": -0.08159120336796784,
           "auto_unstuck_qty_pct": 0.07197352204732337,
           "auto_unstuck_wallet_exposure_threshold": 0.3765008402231401,
           "backwards_tp": true,
           "ddown_factor": 0.7794575596522242,
           "ema_span_0": 399.77537744559567,
           "ema_span_1": 688.5036941136739,
           "enabled": false,
           "initial_eprice_ema_dist": -0.07566985174125382,
           "initial_qty_pct": 0.03698914210243697,
           "markup_range": 0.030835732629564003,
           "min_markup": 0.007204304902747266,
           "n_close_orders": 5,
           "rentry_pprice_dist": 0.0367190379466626,
           "rentry_pprice_dist_wallet_exposure_weighting": 9.963030270226518,
           "wallet_exposure_limit": 1.0}}