{"config_name": "recursive_grid_FTMUSDT_1275days",
 "logging_level": 0,
 "long": {"auto_unstuck_delay_minutes": 1.0,
          "auto_unstuck_ema_dist": -0.05,
          "auto_unstuck_qty_pct": 0.01,
          "auto_unstuck_wallet_exposure_threshold": 0.030013754026469063,
          "backwards_tp": false,
          "ddown_factor": 2.8198038050874876,
          "ema_span_0": 703.6623838135636,
          "ema_span_1": 451.81819643389434,
          "enabled": true,
          "initial_eprice_ema_dist": 0.009944292240009664,
          "initial_qty_pct": 0.05,
          "markup_range": 0.03518415918589967,
          "min_markup": 0.002,
          "n_close_orders": 4,
          "rentry_pprice_dist": 0.0636753735511491,
          "rentry_pprice_dist_wallet_exposure_weighting": 0.5,
          "wallet_exposure_limit": 1.0},
 "short": {"auto_unstuck_delay_minutes": 581.3370291737216,
           "auto_unstuck_ema_dist": -0.084874683593219,
           "auto_unstuck_qty_pct": 0.1,
           "auto_unstuck_wallet_exposure_threshold": 0.1,
           "backwards_tp": true,
           "ddown_factor": 3,
           "ema_span_0": 1177.9356951189372,
           "ema_span_1": 137.68123519871983,
           "enabled": false,
           "initial_eprice_ema_dist": -0.06784546498008955,
           "initial_qty_pct": 0.017136774690051492,
           "markup_range": 0.0507925436584654,
           "min_markup": 0.01,
           "n_close_orders": 6,
           "rentry_pprice_dist": 0.005,
           "rentry_pprice_dist_wallet_exposure_weighting": 15.01526605599162,
           "wallet_exposure_limit": 1.0}}