{"config_name": "recursive_grid_AXSUSDT_1117days",
 "logging_level": 0,
 "long": {"auto_unstuck_delay_minutes": 1436.6933903692532,
          "auto_unstuck_ema_dist": -0.009322291361248703,
          "auto_unstuck_qty_pct": 0.07015312586015528,
          "auto_unstuck_wallet_exposure_threshold": 0.09871306162175275,
          "backwards_tp": false,
          "ddown_factor": 1.4006499591162092,
          "ema_span_0": 902.3157253182527,
          "ema_span_1": 80.8530354986361,
          "enabled": true,
          "initial_eprice_ema_dist": 0.01,
          "initial_qty_pct": 0.001,
          "markup_range": 0.012505914343233235,
          "min_markup": 0.003,
          "n_close_orders": 9,
          "rentry_pprice_dist": 0.009367650911622715,
          "rentry_pprice_dist_wallet_exposure_weighting": 1.0970927052548631,
          "wallet_exposure_limit": 1.0},
 "short": {"auto_unstuck_delay_minutes": 1064.661807800414,
           "auto_unstuck_ema_dist": -0.08362781216749843,
           "auto_unstuck_qty_pct": 0.025290233345822623,
           "auto_unstuck_wallet_exposure_threshold": 0.1001729273677408,
           "backwards_tp": true,
           "ddown_factor": 0.43088075485461064,
           "ema_span_0": 1369.4004068225072,
           "ema_span_1": 956.5054025611831,
           "enabled": false,
           "initial_eprice_ema_dist": -0.06126798484968048,
           "initial_qty_pct": 0.034275784563167926,
           "markup_range": 0.013281251664828958,
           "min_markup": 0.0013442821305624927,
           "n_close_orders": 8,
           "rentry_pprice_dist": 0.0155006707946929,
           "rentry_pprice_dist_wallet_exposure_weighting": 16.640497062235276,
           "wallet_exposure_limit": 1.0}}