{"config_name": "recursive_grid_ADAUSDT_1411days",
 "logging_level": 0,
 "long": {"auto_unstuck_delay_minutes": 92.21674805690276,
          "auto_unstuck_ema_dist": 0.004905640092946549,
          "auto_unstuck_qty_pct": 0.04458272668483227,
          "auto_unstuck_wallet_exposure_threshold": 0.0508297309028408,
          "backwards_tp": false,
          "ddown_factor": 1.8892233891154009,
          "ema_span_0": 650.7493590953673,
          "ema_span_1": 1356.3820179821569,
          "enabled": true,
          "initial_eprice_ema_dist": 0.01,
          "initial_qty_pct": 0.001,
          "markup_range": 0.01915519119144151,
          "min_markup": 0.005576952991736545,
          "n_close_orders": 6,
          "rentry_pprice_dist": 0.00980949568990798,
          "rentry_pprice_dist_wallet_exposure_weighting": 2.5,
          "wallet_exposure_limit": 1.0},
 "short": {"auto_unstuck_delay_minutes": 908.2578047173871,
           "auto_unstuck_ema_dist": -0.08418286854412624,
           "auto_unstuck_qty_pct": 0.08976017024029488,
           "auto_unstuck_wallet_exposure_threshold": 0.13590321692373772,
           "backwards_tp": true,
           "ddown_factor": 0.5763215566318015,
           "ema_span_0": 682.6058869898803,
           "ema_span_1": 881.5776316297495,
           "enabled": false,
           "initial_eprice_ema_dist": -0.033709842579218705,
           "initial_qty_pct": 0.03526015803346271,
           "markup_range": 0.025881565384930794,
           "min_markup": 0.004676198953986847,
           "n_close_orders": 6,
           "rentry_pprice_dist": 0.02172372422562628,
           "rentry_pprice_dist_wallet_exposure_weighting": 11.24377772037837,
           "wallet_exposure_limit": 1.0}}