{
    "adg": 0.01045152507103464,
    "adg_w": 0.0101553722219907,
    "calmar_ratio": 0.013081675206902453,
    "calmar_ratio_w": 0.015484114812552404,
    "drawdown_worst": 0.7989439353699874,
    "drawdown_worst_mean_1pct": 0.5066497791223823,
    "equity_balance_diff_neg_max": 0.819527466613869,
    "equity_balance_diff_neg_mean": 0.01656586967015524,
    "equity_balance_diff_pos_max": 0.08624401732748882,
    "equity_balance_diff_pos_mean": 0.00025413771818138744,
    "equity_choppiness": 2.369094865989376,
    "equity_choppiness_w": 2.6253499040554713,
    "equity_jerkiness": 0.027628565349480706,
    "equity_jerkiness_w": 0.03177276778026833,
    "expected_shortfall_1pct": 0.4412295283911675,
    "exponential_fit_error": 2.0887231694761748,
    "exponential_fit_error_w": 0.25625720739338254,
    "gain": 175903003.77940494,
    "loss_profit_ratio": 0.30306352273938925,
    "loss_profit_ratio_long": 0.30306352273938925,
    "loss_profit_ratio_short": 1.0,
    "loss_profit_ratio_w": 0.29903886278704606,
    "mdg": 0.006573869304142619,
    "mdg_w": 0.006919004372615644,
    "omega_ratio": 3.2779065097641515,
    "omega_ratio_w": 2.7739605805440086,
    "pnl_ratio_long_short": 1.0,
    "position_held_hours_max": 423.9,
    "position_held_hours_mean": 1.7878261393263317,
    "position_held_hours_median": 0.36666666666666664,
    "position_unchanged_hours_max": 138.78333333333333,
    "positions_held_per_day": 46.98192771084337,
    "sharpe_ratio": 0.0497647864942391,
    "sharpe_ratio_w": 0.08573978283601195,
    "sortino_ratio": 0.10639540432777302,
    "sortino_ratio_w": 0.10268668150668762,
    "sterling_ratio": 0.020628697577128624,
    "sterling_ratio_w": 0.019784384453811612
}