{"config_name": "recursive_grid_AAVEUSDT_1253days",
 "logging_level": 0,
 "long": {"auto_unstuck_delay_minutes": 1440.0,
          "auto_unstuck_ema_dist": 0.00366619592098108,
          "auto_unstuck_qty_pct": 0.01,
          "auto_unstuck_wallet_exposure_threshold": 0.08720142965381514,
          "backwards_tp": false,
          "ddown_factor": 2.651430818574746,
          "ema_span_0": 1306.8711669145473,
          "ema_span_1": 1440,
          "enabled": true,
          "initial_eprice_ema_dist": 0.009412944530911219,
          "initial_qty_pct": 0.05,
          "markup_range": 0.061080623688457736,
          "min_markup": 0.0026021550477333026,
          "n_close_orders": 3,
          "rentry_pprice_dist": 0.06553392705307781,
          "rentry_pprice_dist_wallet_exposure_weighting": 0.7621081648986033,
          "wallet_exposure_limit": 1.0},
 "short": {"auto_unstuck_delay_minutes": 1023.6793653108159,
           "auto_unstuck_ema_dist": -0.0020515405545781518,
           "auto_unstuck_qty_pct": 0.08555047887164983,
           "auto_unstuck_wallet_exposure_threshold": 0.3216270870174758,
           "backwards_tp": true,
           "ddown_factor": 2.3787678831532206,
           "ema_span_0": 459.0692278348542,
           "ema_span_1": 476.0401839217506,
           "enabled": false,
           "initial_eprice_ema_dist": -0.07417989435209721,
           "initial_qty_pct": 0.017387012246181267,
           "markup_range": 0.0036791637132599963,
           "min_markup": 0.005354911761746588,
           "n_close_orders": 12,
           "rentry_pprice_dist": 0.03874348452471432,
           "rentry_pprice_dist_wallet_exposure_weighting": 1.1792618609954664,
           "wallet_exposure_limit": 1.0}}