{"config_name": "recursive_grid_SXPUSDT_456days",
 "logging_level": 0,
 "long": {"auto_unstuck_delay_minutes": 2737.3830215607877,
          "auto_unstuck_ema_dist": -0.03144244046366841,
          "auto_unstuck_qty_pct": 0.01,
          "auto_unstuck_wallet_exposure_threshold": 0.03065715303013924,
          "backwards_tp": false,
          "ddown_factor": 2.0101135949501274,
          "ema_span_0": 500.1899359996534,
          "ema_span_1": 517.7607655103296,
          "enabled": true,
          "initial_eprice_ema_dist": -0.1,
          "initial_qty_pct": 0.02,
          "markup_range": 0.04813283129365217,
          "min_markup": 0.0033429222522063213,
          "n_close_orders": 7,
          "rentry_pprice_dist": 0.03,
          "rentry_pprice_dist_wallet_exposure_weighting": 2.0141713638433387,
          "wallet_exposure_limit": 1.0},
 "short": {"auto_unstuck_delay_minutes": 977.9332318298335,
           "auto_unstuck_ema_dist": -0.06139324464375089,
           "auto_unstuck_qty_pct": 0.07960747090070235,
           "auto_unstuck_wallet_exposure_threshold": 0.2962725671780203,
           "backwards_tp": true,
           "ddown_factor": 0.23078315953201672,
           "ema_span_0": 1311.8883496750125,
           "ema_span_1": 561.1564389662426,
           "enabled": false,
           "initial_eprice_ema_dist": -0.037157465279291604,
           "initial_qty_pct": 0.020422984939878215,
           "markup_range": 0.010079759787992104,
           "min_markup": 0.0029786219691245995,
           "n_close_orders": 16,
           "rentry_pprice_dist": 0.021483315011612818,
           "rentry_pprice_dist_wallet_exposure_weighting": 3.0518552777538077,
           "wallet_exposure_limit": 1.0}}