{"config_name": "recursive_grid_WAVESUSDT_1217days",
 "logging_level": 0,
 "long": {"auto_unstuck_delay_minutes": 154.6205904101064,
          "auto_unstuck_ema_dist": -0.006311692444138181,
          "auto_unstuck_qty_pct": 0.016776869978158863,
          "auto_unstuck_wallet_exposure_threshold": 0.07707039911149459,
          "backwards_tp": false,
          "ddown_factor": 1.6139220642071879,
          "ema_span_0": 167.5114491797232,
          "ema_span_1": 215.22207885989727,
          "enabled": true,
          "initial_eprice_ema_dist": 0.01,
          "initial_qty_pct": 0.001,
          "markup_range": 0.009256045963458304,
          "min_markup": 0.0038101050778421106,
          "n_close_orders": 3,
          "rentry_pprice_dist": 0.009825408430344629,
          "rentry_pprice_dist_wallet_exposure_weighting": 1.9254866554802175,
          "wallet_exposure_limit": 1.0},
 "short": {"auto_unstuck_delay_minutes": 1104.312942004708,
           "auto_unstuck_ema_dist": -0.08890165153786701,
           "auto_unstuck_qty_pct": 0.018668215143338385,
           "auto_unstuck_wallet_exposure_threshold": 0.49345686902186514,
           "backwards_tp": true,
           "ddown_factor": 2.773668308033755,
           "ema_span_0": 583.9918229131558,
           "ema_span_1": 6.680972705582292,
           "enabled": false,
           "initial_eprice_ema_dist": -0.07224687949859505,
           "initial_qty_pct": 0.010730915498687717,
           "markup_range": 0.010978698933305041,
           "min_markup": 0.0022013253751038027,
           "n_close_orders": 12,
           "rentry_pprice_dist": 0.013676081152643599,
           "rentry_pprice_dist_wallet_exposure_weighting": 2.2856188990378112,
           "wallet_exposure_limit": 1.0}}