{"config_name": "recursive_grid_HBARUSDT_1000days",
 "logging_level": 0,
 "long": {"auto_unstuck_delay_minutes": 1.0,
          "auto_unstuck_ema_dist": -0.0039096237097061256,
          "auto_unstuck_qty_pct": 0.0957830442102812,
          "auto_unstuck_wallet_exposure_threshold": 0.05491280355086466,
          "backwards_tp": true,
          "ddown_factor": 1.885200613104809,
          "ema_span_0": 467.4807136213879,
          "ema_span_1": 701.8195573012061,
          "enabled": true,
          "initial_eprice_ema_dist": 0.0053697227914811865,
          "initial_qty_pct": 0.001,
          "markup_range": 0.007556945308892584,
          "min_markup": 0.006647332049940115,
          "n_close_orders": 4,
          "rentry_pprice_dist": 0.009999239332723129,
          "rentry_pprice_dist_wallet_exposure_weighting": 2.2969789393853235,
          "wallet_exposure_limit": 1.0},
 "short": {"auto_unstuck_delay_minutes": 71.89566141683702,
           "auto_unstuck_ema_dist": -0.07854239519009856,
           "auto_unstuck_qty_pct": 0.06320740668403621,
           "auto_unstuck_wallet_exposure_threshold": 0.21948873638164593,
           "backwards_tp": true,
           "ddown_factor": 0.5672087666891917,
           "ema_span_0": 1029.8762061354744,
           "ema_span_1": 316.5095330419487,
           "enabled": false,
           "initial_eprice_ema_dist": -0.0462140787991045,
           "initial_qty_pct": 0.015066776467298842,
           "markup_range": 0.040325823288764565,
           "min_markup": 0.003544136401968959,
           "n_close_orders": 10,
           "rentry_pprice_dist": 0.021172544941317973,
           "rentry_pprice_dist_wallet_exposure_weighting": 17.749875130005066,
           "wallet_exposure_limit": 1.0}}