{"config_name": "recursive_grid_BLZUSDT_1181days",
 "logging_level": 0,
 "long": {"auto_unstuck_delay_minutes": 711.9736666271288,
          "auto_unstuck_ema_dist": 0.002736595912955333,
          "auto_unstuck_qty_pct": 0.018970242241760076,
          "auto_unstuck_wallet_exposure_threshold": 0.0923577622445782,
          "backwards_tp": false,
          "ddown_factor": 1.1696870617467805,
          "ema_span_0": 658.0205488576642,
          "ema_span_1": 1190.321796695475,
          "enabled": true,
          "initial_eprice_ema_dist": 0.008138353407968377,
          "initial_qty_pct": 0.001,
          "markup_range": 0.005013546343651548,
          "min_markup": 0.0031074784438818955,
          "n_close_orders": 6,
          "rentry_pprice_dist": 0.009998728201737634,
          "rentry_pprice_dist_wallet_exposure_weighting": 2.2266437077178804,
          "wallet_exposure_limit": 1.0},
 "short": {"auto_unstuck_delay_minutes": 1034.5113481307146,
           "auto_unstuck_ema_dist": -0.00858912517194435,
           "auto_unstuck_qty_pct": 0.013177746982377624,
           "auto_unstuck_wallet_exposure_threshold": 0.3426715294332813,
           "backwards_tp": true,
           "ddown_factor": 0.7851011907251864,
           "ema_span_0": 677.5638975978493,
           "ema_span_1": 744.1813065835094,
           "enabled": false,
           "initial_eprice_ema_dist": -0.04199685875578112,
           "initial_qty_pct": 0.015614487379229717,
           "markup_range": 0.013124255556082681,
           "min_markup": 0.0013893159534454492,
           "n_close_orders": 13,
           "rentry_pprice_dist": 0.04769432823692791,
           "rentry_pprice_dist_wallet_exposure_weighting": 7.968828055532913,
           "wallet_exposure_limit": 1.0}}