{"config_name": "recursive_grid_IOSTUSDT_1390days",
 "logging_level": 0,
 "long": {"auto_unstuck_delay_minutes": 393.7366269766141,
          "auto_unstuck_ema_dist": -0.00497186543251426,
          "auto_unstuck_qty_pct": 0.042408544109330835,
          "auto_unstuck_wallet_exposure_threshold": 0.05188844106045568,
          "backwards_tp": false,
          "ddown_factor": 1.936418729663833,
          "ema_span_0": 603.0616397135957,
          "ema_span_1": 1128.0374633229183,
          "enabled": true,
          "initial_eprice_ema_dist": 0.009002068945766509,
          "initial_qty_pct": 0.001,
          "markup_range": 0.016352353822833992,
          "min_markup": 0.0031162288749086134,
          "n_close_orders": 4,
          "rentry_pprice_dist": 0.007977301132696483,
          "rentry_pprice_dist_wallet_exposure_weighting": 1.3533672018405833,
          "wallet_exposure_limit": 1.0},
 "short": {"auto_unstuck_delay_minutes": 251.74612399358963,
           "auto_unstuck_ema_dist": -0.030027249545399995,
           "auto_unstuck_qty_pct": 0.09760462272512266,
           "auto_unstuck_wallet_exposure_threshold": 0.20599164194881228,
           "backwards_tp": true,
           "ddown_factor": 2.762000433905575,
           "ema_span_0": 90.63022288271141,
           "ema_span_1": 1435.7400546259482,
           "enabled": false,
           "initial_eprice_ema_dist": -0.08555991099570376,
           "initial_qty_pct": 0.020883642683549315,
           "markup_range": 0.048920602686577754,
           "min_markup": 0.007168537833190953,
           "n_close_orders": 11,
           "rentry_pprice_dist": 0.04291055001067112,
           "rentry_pprice_dist_wallet_exposure_weighting": 2.067922908369364,
           "wallet_exposure_limit": 1.0}}