{"config_name": "recursive_grid_DOGEUSDT_1250days",
 "logging_level": 0,
 "long": {"auto_unstuck_delay_minutes": 245.98759422498046,
          "auto_unstuck_ema_dist": -0.004845871188507836,
          "auto_unstuck_qty_pct": 0.03494115584982599,
          "auto_unstuck_wallet_exposure_threshold": 0.08696511041149119,
          "backwards_tp": true,
          "ddown_factor": 1.9484496159317728,
          "ema_span_0": 73.32339589591871,
          "ema_span_1": 100.81751271573522,
          "enabled": true,
          "initial_eprice_ema_dist": 0.01,
          "initial_qty_pct": 0.001,
          "markup_range": 0.006123561270596801,
          "min_markup": 0.007970411716851705,
          "n_close_orders": 4,
          "rentry_pprice_dist": 0.009202405108221137,
          "rentry_pprice_dist_wallet_exposure_weighting": 1.0935904634369726,
          "wallet_exposure_limit": 1.0},
 "short": {"auto_unstuck_delay_minutes": 624.2091129878995,
           "auto_unstuck_ema_dist": -0.09817723966814228,
           "auto_unstuck_qty_pct": 0.09642509360331968,
           "auto_unstuck_wallet_exposure_threshold": 0.1462166790730021,
           "backwards_tp": true,
           "ddown_factor": 1.9297353764102867,
           "ema_span_0": 624.2860671085939,
           "ema_span_1": 1336.757381652596,
           "enabled": false,
           "initial_eprice_ema_dist": -0.003422988387088266,
           "initial_qty_pct": 0.027182901149558077,
           "markup_range": 0.05403458174428944,
           "min_markup": 0.006643329970222308,
           "n_close_orders": 8,
           "rentry_pprice_dist": 0.03110325151846809,
           "rentry_pprice_dist_wallet_exposure_weighting": 3.2028107013966567,
           "wallet_exposure_limit": 1.0}}