{
    "adg": 0.03560192668197959,
    "adg_per_exposure_long": 0.008940714887488595,
    "adg_per_exposure_short": 0.03560192668197959,
    "adg_w": 0.019973277536970868,
    "adg_w_per_exposure_long": 0.0050158908932623975,
    "adg_w_per_exposure_short": 0.019973277536970868,
    "calmar_ratio": 0.24755576376774766,
    "calmar_ratio_w": 0.23936447500907826,
    "drawdown_worst": 0.14381376599811538,
    "drawdown_worst_mean_1pct": 0.14381376599811538,
    "equity_balance_diff_neg_max": 0.1886430336784053,
    "equity_balance_diff_neg_mean": 0.003955052532031335,
    "equity_balance_diff_pos_max": 0.1673154141813087,
    "equity_balance_diff_pos_mean": 0.0021197675850819797,
    "equity_choppiness": 1.2244713238842129,
    "equity_choppiness_w": 1.1696383555161853,
    "equity_jerkiness": 0.04289626005578583,
    "equity_jerkiness_w": 0.02402204086654957,
    "expected_shortfall_1pct": 0.14381376599811538,
    "exponential_fit_error": 0.1348728241353501,
    "exponential_fit_error_w": 0.014422148294053494,
    "gain": 506.205960554098,
    "gain_per_exposure_long": 127.1235460959563,
    "gain_per_exposure_short": 506.205960554098,
    "loss_profit_ratio": 0.20869272805292954,
    "loss_profit_ratio_long": 0.20869272805292954,
    "loss_profit_ratio_short": 1.0,
    "loss_profit_ratio_w": 0.23461078042810007,
    "mdg": 0.022817617465897225,
    "mdg_per_exposure_long": 0.005730190222475446,
    "mdg_per_exposure_short": 0.022817617465897225,
    "mdg_w": 0.01543394733939569,
    "mdg_w_per_exposure_long": 0.003875928513158134,
    "mdg_w_per_exposure_short": 0.01543394733939569,
    "omega_ratio": 15.873008834456153,
    "omega_ratio_w": 20.95864352865303,
    "pnl_ratio_long_short": 1.0,
    "position_held_hours_max": 67.35,
    "position_held_hours_mean": 4.762668161434978,
    "position_held_hours_median": 2.3333333333333335,
    "position_unchanged_hours_max": 39.21666666666667,
    "positions_held_per_day": 5.01123595505618,
    "sharpe_ratio": 0.5028936815117611,
    "sharpe_ratio_w": 0.45795936184113517,
    "sortino_ratio": 0.8182466284192188,
    "sortino_ratio_w": 0.5599943423424942,
    "sterling_ratio": 0.24755576376774766,
    "sterling_ratio_w": 0.23936447500907826,
    "volume_pct_per_day_avg": 7.264036539833564,
    "volume_pct_per_day_avg_w": 4.838363396806683
}