{"config_name": "recursive_grid_33_symbols_486days",
 "logging_level": 0,
 "long": {"auto_unstuck_delay_minutes": 0.0,
          "auto_unstuck_ema_dist": -0.02069789032390087,
          "auto_unstuck_qty_pct": 0,
          "auto_unstuck_wallet_exposure_threshold": 0.01,
          "backwards_tp": true,
          "ddown_factor": 1.2893847167331633,
          "ema_span_0": 1322.8539122683271,
          "ema_span_1": 1273.7476117547653,
          "enabled": true,
          "initial_eprice_ema_dist": 0.00872695287227648,
          "initial_qty_pct": 0.01,
          "markup_range": 0.02687521636895176,
          "min_markup": 0.008843376792466783,
          "n_close_orders": 1,
          "rentry_pprice_dist": 0.04117400733296406,
          "rentry_pprice_dist_wallet_exposure_weighting": 2.8002346661139694,
          "wallet_exposure_limit": 1},
 "short": {"auto_unstuck_delay_minutes": 0.0,
           "auto_unstuck_ema_dist": -0.03961797598677068,
           "auto_unstuck_qty_pct": 0.0,
           "auto_unstuck_wallet_exposure_threshold": 0.04430314371265582,
           "backwards_tp": true,
           "ddown_factor": 2.778460986782009,
           "ema_span_0": 763.8106479925289,
           "ema_span_1": 403.37808675261846,
           "enabled": false,
           "initial_eprice_ema_dist": 0.009057183085787212,
           "initial_qty_pct": 0.0504835274973023,
           "markup_range": 0.01286254629428358,
           "min_markup": 0.00975839608703961,
           "n_close_orders": 3,
           "rentry_pprice_dist": 0.047510751579009795,
           "rentry_pprice_dist_wallet_exposure_weighting": 5.001506979453686,
           "wallet_exposure_limit": 1.0}}