{"config_name": "recursive_grid_OMUSDT_47days",
 "logging_level": 0,
 "long": {"auto_unstuck_delay_minutes": 706.7845492571851,
          "auto_unstuck_ema_dist": 0.0,
          "auto_unstuck_qty_pct": 0.01,
          "auto_unstuck_wallet_exposure_threshold": 0.041513593979174174,
          "backwards_tp": false,
          "ddown_factor": 2.149213217952966,
          "ema_span_0": 677.9917021342558,
          "ema_span_1": 485.8605131217075,
          "enabled": true,
          "initial_eprice_ema_dist": -0.007739128637988654,
          "initial_qty_pct": 0.02254550220173648,
          "markup_range": 0.06636610919105645,
          "min_markup": 0.016532812055856744,
          "n_close_orders": 5,
          "rentry_pprice_dist": 0.024208048571189463,
          "rentry_pprice_dist_wallet_exposure_weighting": 1.6081000780923078,
          "wallet_exposure_limit": 1.0},
 "short": {"auto_unstuck_delay_minutes": 0.0,
           "auto_unstuck_ema_dist": 0.0,
           "auto_unstuck_qty_pct": 0.0,
           "auto_unstuck_wallet_exposure_threshold": 0.0,
           "backwards_tp": true,
           "ddown_factor": 1.1182586965170014,
           "ema_span_0": 400,
           "ema_span_1": 1440,
           "enabled": false,
           "initial_eprice_ema_dist": -0.002895665337445915,
           "initial_qty_pct": 0.014157564574457387,
           "markup_range": 0.01,
           "min_markup": 0.01,
           "n_close_orders": 5,
           "rentry_pprice_dist": 0.028420297319596888,
           "rentry_pprice_dist_wallet_exposure_weighting": 5.047851202268706,
           "wallet_exposure_limit": 1.0}}