{"config_name": "recursive_grid_23_symbols_1441days",
 "logging_level": 0,
 "long": {"auto_unstuck_delay_minutes": 1395.5969739457685,
          "auto_unstuck_ema_dist": -0.0059927274824577706,
          "auto_unstuck_qty_pct": 0.010000000005594437,
          "auto_unstuck_wallet_exposure_threshold": 0.09694789926610452,
          "backwards_tp": false,
          "ddown_factor": 1.0041033299737785,
          "ema_span_0": 712.1176455576834,
          "ema_span_1": 1047.1966857458222,
          "enabled": true,
          "initial_eprice_ema_dist": 0.008215753553299707,
          "initial_qty_pct": 0.01,
          "markup_range": 0.03865200291569111,
          "min_markup": 0.003060251296847109,
          "n_close_orders": 4,
          "rentry_pprice_dist": 0.025,
          "rentry_pprice_dist_wallet_exposure_weighting": 2.312970693677003,
          "wallet_exposure_limit": 1.0},
 "short": {"auto_unstuck_delay_minutes": 393.86566563154105,
           "auto_unstuck_ema_dist": -0.04892786644248586,
           "auto_unstuck_qty_pct": 0.09517030413315057,
           "auto_unstuck_wallet_exposure_threshold": 0.284518684445249,
           "backwards_tp": true,
           "ddown_factor": 2.6699359384883374,
           "ema_span_0": 905.5686392677013,
           "ema_span_1": 472.55781042112216,
           "enabled": false,
           "initial_eprice_ema_dist": -0.020989404491951594,
           "initial_qty_pct": 0.010297942209841567,
           "markup_range": 0.03731325539496436,
           "min_markup": 0.009742140290832986,
           "n_close_orders": 7,
           "rentry_pprice_dist": 0.03288128351565881,
           "rentry_pprice_dist_wallet_exposure_weighting": 17.00716430189275,
           "wallet_exposure_limit": 1.0}}