{"config_name": "recursive_grid_ONTUSDT_1400days",
 "logging_level": 0,
 "long": {"auto_unstuck_delay_minutes": 438.6666102773218,
          "auto_unstuck_ema_dist": 0.003584456594921724,
          "auto_unstuck_qty_pct": 0.010024433865779859,
          "auto_unstuck_wallet_exposure_threshold": 0.05,
          "backwards_tp": false,
          "ddown_factor": 1.0,
          "ema_span_0": 825.4585380679742,
          "ema_span_1": 803.7883299651348,
          "enabled": true,
          "initial_eprice_ema_dist": 0.01,
          "initial_qty_pct": 0.001,
          "markup_range": 0.006073270834424859,
          "min_markup": 0.0031264630119998355,
          "n_close_orders": 5,
          "rentry_pprice_dist": 0.01,
          "rentry_pprice_dist_wallet_exposure_weighting": 1.0000137883842648,
          "wallet_exposure_limit": 1.0},
 "short": {"auto_unstuck_delay_minutes": 965.470591287928,
           "auto_unstuck_ema_dist": -0.01916684348124674,
           "auto_unstuck_qty_pct": 0.03632497712192237,
           "auto_unstuck_wallet_exposure_threshold": 0.11074408042869309,
           "backwards_tp": true,
           "ddown_factor": 1.7534458406090845,
           "ema_span_0": 680.3620475097645,
           "ema_span_1": 1001.7600967328774,
           "enabled": false,
           "initial_eprice_ema_dist": -0.028867284247128186,
           "initial_qty_pct": 0.02218102171432486,
           "markup_range": 0.011612945710305913,
           "min_markup": 0.008960075437677205,
           "n_close_orders": 5,
           "rentry_pprice_dist": 0.008996678907534951,
           "rentry_pprice_dist_wallet_exposure_weighting": 2.373003788823189,
           "wallet_exposure_limit": 1.0}}