{"config_name": "recursive_grid_CTSIUSDT_456days",
 "logging_level": 0,
 "long": {"auto_unstuck_delay_minutes": 2800.0,
          "auto_unstuck_ema_dist": -0.05,
          "auto_unstuck_qty_pct": 0.01,
          "auto_unstuck_wallet_exposure_threshold": 0.05794736146102642,
          "backwards_tp": false,
          "ddown_factor": 2.00070817522692,
          "ema_span_0": 201.93556254225476,
          "ema_span_1": 400.0,
          "enabled": true,
          "initial_eprice_ema_dist": -0.1,
          "initial_qty_pct": 0.02,
          "markup_range": 0.02004506738656616,
          "min_markup": 0.003,
          "n_close_orders": 8,
          "rentry_pprice_dist": 0.02735586137629376,
          "rentry_pprice_dist_wallet_exposure_weighting": 2.2390165488121507,
          "wallet_exposure_limit": 1.0},
 "short": {"auto_unstuck_delay_minutes": 230.81257020488658,
           "auto_unstuck_ema_dist": -0.07109670988275946,
           "auto_unstuck_qty_pct": 0.016328015402986666,
           "auto_unstuck_wallet_exposure_threshold": 0.14803806734150565,
           "backwards_tp": true,
           "ddown_factor": 2.1397612151709016,
           "ema_span_0": 1359.0261707104276,
           "ema_span_1": 927.6688823229667,
           "enabled": false,
           "initial_eprice_ema_dist": -0.023151849930359514,
           "initial_qty_pct": 0.017541248149065478,
           "markup_range": 0.04497482115626942,
           "min_markup": 0.0010531495861786093,
           "n_close_orders": 3,
           "rentry_pprice_dist": 0.007822475608666233,
           "rentry_pprice_dist_wallet_exposure_weighting": 5.248331106566402,
           "wallet_exposure_limit": 1.0}}