{
    "adg": 0.009323839997358307,
    "adg_w": 0.009193597428135858,
    "calmar_ratio": 0.01098446738610547,
    "calmar_ratio_w": 0.02755611838530257,
    "drawdown_worst": 0.8488203997175382,
    "drawdown_worst_mean_1pct": 0.3886028589388483,
    "equity_balance_diff_neg_max": 0.8486906580731941,
    "equity_balance_diff_neg_mean": 0.002978076023500359,
    "equity_balance_diff_pos_max": 0.4926699386230945,
    "equity_balance_diff_pos_mean": 0.0027226779738534217,
    "equity_choppiness": 1.3075119723385151,
    "equity_choppiness_w": 1.3980298682162213,
    "equity_jerkiness": 0.018992436284497028,
    "equity_jerkiness_w": 0.01942028887542705,
    "expected_shortfall_1pct": 0.371211711437542,
    "exponential_fit_error": 0.4155897140882096,
    "exponential_fit_error_w": 0.083005149602485,
    "gain": 1132030.239427231,
    "loss_profit_ratio": 0.25799779003403855,
    "loss_profit_ratio_long": 0.25799779003403855,
    "loss_profit_ratio_short": 1.0,
    "loss_profit_ratio_w": 0.2652524444801189,
    "mdg": 0.0008443449574327425,
    "mdg_w": 0.001029138344395756,
    "omega_ratio": 9.03580483616182,
    "omega_ratio_w": 8.56425320887071,
    "pnl_ratio_long_short": 1.0,
    "position_held_hours_max": 146.9,
    "position_held_hours_mean": 4.449154316335929,
    "position_held_hours_median": 1.8166666666666667,
    "position_unchanged_hours_max": 122.51666666666667,
    "positions_held_per_day": 5.300932090545939,
    "sharpe_ratio": 0.056101887843547416,
    "sharpe_ratio_w": 0.09672965519319021,
    "sortino_ratio": 0.12887533798430664,
    "sortino_ratio_w": 0.1668754212901607,
    "sterling_ratio": 0.02399323572353217,
    "sterling_ratio_w": 0.03121041020477646
}