{
    "adg": 0.07964172617447596,
    "adg_per_exposure_long": 0.00799776322298413,
    "adg_per_exposure_short": 0.07964172617447596,
    "adg_w": 0.05128947940747923,
    "adg_w_per_exposure_long": 0.005150580378336938,
    "adg_w_per_exposure_short": 0.05128947940747923,
    "calmar_ratio": 0.15599775474218058,
    "calmar_ratio_w": 0.2639516556186181,
    "drawdown_worst": 0.5105312336456433,
    "drawdown_worst_mean_1pct": 0.5105312336456433,
    "equity_balance_diff_neg_max": 0.55283108769637,
    "equity_balance_diff_neg_mean": 0.010690006623383493,
    "equity_balance_diff_pos_max": 0.3788417259799748,
    "equity_balance_diff_pos_mean": 0.005245354376194782,
    "equity_choppiness": 1.1379523594656098,
    "equity_choppiness_w": 1.0864014679893583,
    "equity_jerkiness": 0.09371810281008001,
    "equity_jerkiness_w": 0.056623032990535824,
    "expected_shortfall_1pct": 0.36340017092633936,
    "exponential_fit_error": 0.39803655055711484,
    "exponential_fit_error_w": 0.04432624581577733,
    "gain": 839034.1531339352,
    "gain_per_exposure_long": 84257.29595641044,
    "gain_per_exposure_short": 839034.1531339352,
    "loss_profit_ratio": 0.2104806972159879,
    "loss_profit_ratio_long": 0.2104806972159879,
    "loss_profit_ratio_short": 1.0,
    "loss_profit_ratio_w": 0.21625113221945536,
    "mdg": 0.05060843379476462,
    "mdg_per_exposure_long": 0.005082188571476664,
    "mdg_per_exposure_short": 0.05060843379476462,
    "mdg_w": 0.039870418973741786,
    "mdg_w_per_exposure_long": 0.004003858101400058,
    "mdg_w_per_exposure_short": 0.039870418973741786,
    "omega_ratio": 13.614105826571288,
    "omega_ratio_w": 28.462270418569698,
    "pnl_ratio_long_short": 1.0,
    "position_held_hours_max": 65.43333333333334,
    "position_held_hours_mean": 4.7326458565589,
    "position_held_hours_median": 2.35,
    "position_unchanged_hours_max": 39.21666666666667,
    "positions_held_per_day": 5.03932584269663,
    "sharpe_ratio": 0.35975145784851087,
    "sharpe_ratio_w": 0.40817400581867264,
    "sortino_ratio": 0.6723075445268849,
    "sortino_ratio_w": 0.5582459780801838,
    "sterling_ratio": 0.15599775474218058,
    "sterling_ratio_w": 0.2639516556186181,
    "volume_pct_per_day_avg": 17.97579978438642,
    "volume_pct_per_day_avg_w": 12.813181598035957
}