{"config_name": "recursive_grid_DOGEUSDT_1250days",
 "logging_level": 0,
 "long": {"auto_unstuck_delay_minutes": 345.5639661001175,
          "auto_unstuck_ema_dist": -0.0024020579554843748,
          "auto_unstuck_qty_pct": 0.09957550728029704,
          "auto_unstuck_wallet_exposure_threshold": 0.07057127201845755,
          "backwards_tp": false,
          "ddown_factor": 1.2932843837440888,
          "ema_span_0": 84.25558027765689,
          "ema_span_1": 109.05173339397153,
          "enabled": true,
          "initial_eprice_ema_dist": 0.009999990199743387,
          "initial_qty_pct": 0.001,
          "markup_range": 0.00803474091670978,
          "min_markup": 0.00353840985523391,
          "n_close_orders": 8,
          "rentry_pprice_dist": 0.005000000000167735,
          "rentry_pprice_dist_wallet_exposure_weighting": 1.1970612878065012,
          "wallet_exposure_limit": 1.0},
 "short": {"auto_unstuck_delay_minutes": 1274.2805378834785,
           "auto_unstuck_ema_dist": -0.08334872036871434,
           "auto_unstuck_qty_pct": 0.03171594192570218,
           "auto_unstuck_wallet_exposure_threshold": 0.7521912007495136,
           "backwards_tp": true,
           "ddown_factor": 1.8785296506469242,
           "ema_span_0": 508.717697070005,
           "ema_span_1": 856.7956417282869,
           "enabled": false,
           "initial_eprice_ema_dist": -0.03071186700523798,
           "initial_qty_pct": 0.018382819343372075,
           "markup_range": 0.05193227214170347,
           "min_markup": 0.00219966814384518,
           "n_close_orders": 15,
           "rentry_pprice_dist": 0.009959016548713099,
           "rentry_pprice_dist_wallet_exposure_weighting": 19.241383197778468,
           "wallet_exposure_limit": 1.0}}