{"config_name": "recursive_grid_XLMUSDT_1422days",
 "logging_level": 0,
 "long": {"auto_unstuck_delay_minutes": 1257.1213331670447,
          "auto_unstuck_ema_dist": 0.0004996664195087794,
          "auto_unstuck_qty_pct": 0.09739681558459092,
          "auto_unstuck_wallet_exposure_threshold": 0.06231326783567285,
          "backwards_tp": false,
          "ddown_factor": 1.3003354885399083,
          "ema_span_0": 153.79872858205565,
          "ema_span_1": 81.69233123376458,
          "enabled": true,
          "initial_eprice_ema_dist": 0.01,
          "initial_qty_pct": 0.001,
          "markup_range": 0.01766076289447531,
          "min_markup": 0.007673121626280628,
          "n_close_orders": 6,
          "rentry_pprice_dist": 0.01,
          "rentry_pprice_dist_wallet_exposure_weighting": 1.0287464875136372,
          "wallet_exposure_limit": 1.0},
 "short": {"auto_unstuck_delay_minutes": 1391.4482821690053,
           "auto_unstuck_ema_dist": -0.09224403646758185,
           "auto_unstuck_qty_pct": 0.08555270005401212,
           "auto_unstuck_wallet_exposure_threshold": 0.23585162769926324,
           "backwards_tp": true,
           "ddown_factor": 2.386396969489855,
           "ema_span_0": 1079.7986754197004,
           "ema_span_1": 341.0355020971979,
           "enabled": false,
           "initial_eprice_ema_dist": -0.02171603274618565,
           "initial_qty_pct": 0.03148471804750077,
           "markup_range": 0.014644768690279074,
           "min_markup": 0.00944834481428258,
           "n_close_orders": 8,
           "rentry_pprice_dist": 0.0458597055433308,
           "rentry_pprice_dist_wallet_exposure_weighting": 11.927944646453309,
           "wallet_exposure_limit": 1.0}}