{
    "adg": 0.01212847161306474,
    "adg_w": 0.01071240457547118,
    "calmar_ratio": 0.01429071167731852,
    "calmar_ratio_w": 0.014589234883802645,
    "drawdown_worst": 0.8486961242325267,
    "drawdown_worst_mean_1pct": 0.41631631890483106,
    "equity_balance_diff_neg_max": 0.8518505882177986,
    "equity_balance_diff_neg_mean": 0.005535627529338616,
    "equity_balance_diff_pos_max": 0.5725220604321093,
    "equity_balance_diff_pos_mean": 0.003032399406268325,
    "equity_choppiness": 1.3023988261154493,
    "equity_choppiness_w": 1.5056967094261826,
    "equity_jerkiness": 0.022305964816430768,
    "equity_jerkiness_w": 0.02341023819099974,
    "expected_shortfall_1pct": 0.3962043907286515,
    "exponential_fit_error": 1.456158402340344,
    "exponential_fit_error_w": 0.18759138122345065,
    "gain": 275330788.53328055,
    "loss_profit_ratio": 0.008364651277354682,
    "loss_profit_ratio_long": 0.008364651277354682,
    "loss_profit_ratio_short": 1.0,
    "loss_profit_ratio_w": 0.007828471123984698,
    "mdg": 0.0028203912710252237,
    "mdg_w": 0.002752128323550297,
    "omega_ratio": 12.078917669126792,
    "omega_ratio_w": 8.942898688710926,
    "pnl_ratio_long_short": 1.0,
    "position_held_hours_max": 236.7,
    "position_held_hours_mean": 4.061777718785948,
    "position_held_hours_median": 0.5833333333333334,
    "position_unchanged_hours_max": 225.38333333333333,
    "positions_held_per_day": 9.347394540942927,
    "sharpe_ratio": 0.05715616723818214,
    "sharpe_ratio_w": 0.0531801276485801,
    "sortino_ratio": 0.1431749583534508,
    "sortino_ratio_w": 0.11641770535865563,
    "sterling_ratio": 0.029132827761760835,
    "sterling_ratio_w": 0.020784247183339828
}