{"config_name": "recursive_grid_30_symbols_473days",
 "logging_level": 0,
 "long": {"auto_unstuck_delay_minutes": 683.7610228323781,
          "auto_unstuck_ema_dist": 0.0,
          "auto_unstuck_qty_pct": 0.01,
          "auto_unstuck_wallet_exposure_threshold": 0.038905475311741745,
          "backwards_tp": true,
          "ddown_factor": 0.10481828245066986,
          "ema_span_0": 888.2235770218313,
          "ema_span_1": 1115.816998814963,
          "enabled": true,
          "initial_eprice_ema_dist": 0.027157207013444568,
          "initial_qty_pct": 0.02,
          "markup_range": 0.02,
          "min_markup": 0.010258926342656984,
          "n_close_orders": 5,
          "rentry_pprice_dist": 0.06740396568467527,
          "rentry_pprice_dist_wallet_exposure_weighting": 1.1207571544843076,
          "wallet_exposure_limit": 1.0},
 "short": {"auto_unstuck_delay_minutes": 0.0,
           "auto_unstuck_ema_dist": 0.0,
           "auto_unstuck_qty_pct": 0.0,
           "auto_unstuck_wallet_exposure_threshold": 0.0,
           "backwards_tp": true,
           "ddown_factor": 1.8928257780775577,
           "ema_span_0": 862.5948028451319,
           "ema_span_1": 1148.8518098480654,
           "enabled": false,
           "initial_eprice_ema_dist": -0.006403152985767829,
           "initial_qty_pct": 0.019352176223162744,
           "markup_range": 0.0010439048442867382,
           "min_markup": 0.005276426101934384,
           "n_close_orders": 4,
           "rentry_pprice_dist": 0.022686094671950475,
           "rentry_pprice_dist_wallet_exposure_weighting": 4.803076665971104,
           "wallet_exposure_limit": 1.0}}