{
    "adg": 0.003790673695060809,
    "adg_w": 0.0035925704655022763,
    "calmar_ratio": 0.027523037928915955,
    "calmar_ratio_w": 0.048259102183775396,
    "drawdown_worst": 0.13772729975706252,
    "drawdown_worst_mean_1pct": 0.07700951153349389,
    "equity_balance_diff_neg_max": 0.15078504622577654,
    "equity_balance_diff_neg_mean": 0.0017725647609329845,
    "equity_balance_diff_pos_max": 0.17016445580904954,
    "equity_balance_diff_pos_mean": 0.007930202178522062,
    "equity_choppiness": 1.3211080740816223,
    "equity_choppiness_w": 1.619982443028221,
    "equity_jerkiness": 0.006800490654596066,
    "equity_jerkiness_w": 0.009052135390315007,
    "expected_shortfall_1pct": 0.0735662960412644,
    "exponential_fit_error": 0.011910445723375606,
    "exponential_fit_error_w": 0.0033985807642608347,
    "gain": 6.288889452207963,
    "loss_profit_ratio": 0.002465326114762847,
    "loss_profit_ratio_long": 0.002465326114762847,
    "loss_profit_ratio_short": 1.0,
    "loss_profit_ratio_w": 0.0059361521771783676,
    "mdg": 0.0009035407328245982,
    "mdg_w": 0.0010729031445414947,
    "omega_ratio": 9.195892702539629,
    "omega_ratio_w": 5.083319920528355,
    "pnl_ratio_long_short": 1.0,
    "position_held_hours_max": 225.25,
    "position_held_hours_mean": 2.1773736080394213,
    "position_held_hours_median": 0.13333333333333333,
    "position_unchanged_hours_max": 225.25,
    "positions_held_per_day": 35.35390946502058,
    "sharpe_ratio": 0.1698583478475013,
    "sharpe_ratio_w": 0.17537469933331012,
    "sortino_ratio": 0.24653572781218114,
    "sortino_ratio_w": 0.213084655862441,
    "sterling_ratio": 0.049223448111498855,
    "sterling_ratio_w": 0.05099595277809825
}