{
    "adg": 0.006645498702102515,
    "adg_w": 0.006621491036945692,
    "calmar_ratio": 0.011009474944285029,
    "calmar_ratio_w": 0.028359789380470363,
    "drawdown_worst": 0.6036163155584604,
    "drawdown_worst_mean_1pct": 0.2723838431821462,
    "equity_balance_diff_neg_max": 0.6033748506386093,
    "equity_balance_diff_neg_mean": 0.002112511625359657,
    "equity_balance_diff_pos_max": 0.3511447981833123,
    "equity_balance_diff_pos_mean": 0.001936739801603254,
    "equity_choppiness": 1.2854539013659205,
    "equity_choppiness_w": 1.3614395121056873,
    "equity_jerkiness": 0.013624903416010452,
    "equity_jerkiness_w": 0.013996510874562005,
    "expected_shortfall_1pct": 0.2597513270255016,
    "exponential_fit_error": 0.19911075272293555,
    "exponential_fit_error_w": 0.04150845722341384,
    "gain": 20921.217340457562,
    "loss_profit_ratio": 0.2375926399473097,
    "loss_profit_ratio_long": 0.2375926399473097,
    "loss_profit_ratio_short": 1.0,
    "loss_profit_ratio_w": 0.24974894545258394,
    "mdg": 0.0006015580213249544,
    "mdg_w": 0.0007311801309196272,
    "omega_ratio": 8.678106959123165,
    "omega_ratio_w": 8.457229220014728,
    "pnl_ratio_long_short": 1.0,
    "position_held_hours_max": 146.9,
    "position_held_hours_mean": 4.449122917189986,
    "position_held_hours_median": 1.8166666666666667,
    "position_unchanged_hours_max": 122.51666666666667,
    "positions_held_per_day": 5.300932090545939,
    "sharpe_ratio": 0.08382889808456441,
    "sharpe_ratio_w": 0.11008146312199311,
    "sortino_ratio": 0.13101156801356176,
    "sortino_ratio_w": 0.1714902984771144,
    "sterling_ratio": 0.02439755098711414,
    "sterling_ratio_w": 0.03205163039956696
}