{
    "adg": 0.004669854139297103,
    "adg_w": 0.003259091435025674,
    "calmar_ratio": 0.02002756733104103,
    "calmar_ratio_w": 0.01626249756419764,
    "drawdown_worst": 0.23317131142828437,
    "drawdown_worst_mean_1pct": 0.14809887961062795,
    "equity_balance_diff_neg_max": 0.24147636315147097,
    "equity_balance_diff_neg_mean": 0.002764288991774134,
    "equity_balance_diff_pos_max": 0.11161033381346731,
    "equity_balance_diff_pos_mean": 9.368196234630913e-05,
    "equity_choppiness": 1.6731661868526102,
    "equity_choppiness_w": 1.8581502640993655,
    "equity_jerkiness": 0.008645697548480116,
    "equity_jerkiness_w": 0.008258527041675973,
    "expected_shortfall_1pct": 0.12501739507429985,
    "exponential_fit_error": 0.37985520137376855,
    "exponential_fit_error_w": 0.04054216795681126,
    "gain": 4950.803400734212,
    "loss_profit_ratio": 0.07684006369917544,
    "loss_profit_ratio_long": 0.07684006369917544,
    "loss_profit_ratio_short": 1.0,
    "loss_profit_ratio_w": 0.0803952788249383,
    "mdg": 0.0017540732615453243,
    "mdg_w": 0.0013520145980294366,
    "omega_ratio": 7.0689406614097665,
    "omega_ratio_w": 4.143937189075042,
    "pnl_ratio_long_short": 1.0,
    "position_held_hours_max": 438.98333333333335,
    "position_held_hours_mean": 4.654116004683419,
    "position_held_hours_median": 0.7333333333333333,
    "position_unchanged_hours_max": 351.73333333333335,
    "positions_held_per_day": 18.241511500547645,
    "sharpe_ratio": 0.13282327005219235,
    "sharpe_ratio_w": 0.10671448643004788,
    "sortino_ratio": 0.1656539093605487,
    "sortino_ratio_w": 0.10953350338851567,
    "sterling_ratio": 0.03153200180565027,
    "sterling_ratio_w": 0.020515423110838864
}