{"config_name": "recursive_grid_MKRUSDT_1317days",
 "logging_level": 0,
 "long": {"auto_unstuck_delay_minutes": 925.9636227829691,
          "auto_unstuck_ema_dist": -0.05,
          "auto_unstuck_qty_pct": 0.01,
          "auto_unstuck_wallet_exposure_threshold": 0.09758590755191847,
          "backwards_tp": false,
          "ddown_factor": 1.7619283232260297,
          "ema_span_0": 1340.5170164391463,
          "ema_span_1": 1440.0,
          "enabled": true,
          "initial_eprice_ema_dist": 0.009922716469102299,
          "initial_qty_pct": 0.05,
          "markup_range": 0.07549643959213391,
          "min_markup": 0.00252003320987543,
          "n_close_orders": 7,
          "rentry_pprice_dist": 0.035539180054109144,
          "rentry_pprice_dist_wallet_exposure_weighting": 1.2785994928194255,
          "wallet_exposure_limit": 1.0},
 "short": {"auto_unstuck_delay_minutes": 133.20244143883454,
           "auto_unstuck_ema_dist": -0.035258232201950346,
           "auto_unstuck_qty_pct": 0.022781020801800222,
           "auto_unstuck_wallet_exposure_threshold": 0.48720693397370407,
           "backwards_tp": true,
           "ddown_factor": 1.2775821142484909,
           "ema_span_0": 77.02012462535373,
           "ema_span_1": 286.3661592934796,
           "enabled": false,
           "initial_eprice_ema_dist": -0.05173959583099655,
           "initial_qty_pct": 0.028360656007298694,
           "markup_range": 0.023011710496386707,
           "min_markup": 0.005972262481986927,
           "n_close_orders": 9,
           "rentry_pprice_dist": 0.044486186531700334,
           "rentry_pprice_dist_wallet_exposure_weighting": 5.106500541630594,
           "wallet_exposure_limit": 1.0}}