{
    "adg": 0.003449028215596339,
    "adg_w": 0.0024148877292093696,
    "calmar_ratio": 0.01929968835095509,
    "calmar_ratio_w": 0.016074707113538922,
    "drawdown_worst": 0.17870901088543514,
    "drawdown_worst_mean_1pct": 0.1092544429180839,
    "equity_balance_diff_neg_max": 0.18007961568460834,
    "equity_balance_diff_neg_mean": 0.001959323861751947,
    "equity_balance_diff_pos_max": 0.07958901751990761,
    "equity_balance_diff_pos_mean": 6.890240685665568e-05,
    "equity_choppiness": 1.6011460242148214,
    "equity_choppiness_w": 1.8150841865394358,
    "equity_jerkiness": 0.006277126620571882,
    "equity_jerkiness_w": 0.006092979464259247,
    "expected_shortfall_1pct": 0.09121958171772078,
    "exponential_fit_error": 0.21023152081213514,
    "exponential_fit_error_w": 0.022435534021360812,
    "gain": 537.5864416739907,
    "loss_profit_ratio": 0.0753307307419028,
    "loss_profit_ratio_long": 0.0753307307419028,
    "loss_profit_ratio_short": 1.0,
    "loss_profit_ratio_w": 0.08134804558433092,
    "mdg": 0.0012873846569328264,
    "mdg_w": 0.0009932149193399124,
    "omega_ratio": 7.355816921094251,
    "omega_ratio_w": 4.181124048472778,
    "pnl_ratio_long_short": 1.0,
    "position_held_hours_max": 439.01666666666665,
    "position_held_hours_mean": 4.649732521398288,
    "position_held_hours_median": 0.7333333333333333,
    "position_unchanged_hours_max": 351.73333333333335,
    "positions_held_per_day": 18.256297918948523,
    "sharpe_ratio": 0.13759465285759537,
    "sharpe_ratio_w": 0.10954827656224171,
    "sortino_ratio": 0.16730907935364336,
    "sortino_ratio_w": 0.11125235294615529,
    "sterling_ratio": 0.031568768495596373,
    "sterling_ratio_w": 0.020535744376559115
}