{"config_name": "recursive_grid_BALUSDT_1197days",
 "logging_level": 0,
 "long": {"auto_unstuck_delay_minutes": 955.5958743826216,
          "auto_unstuck_ema_dist": -4.316192353921577e-05,
          "auto_unstuck_qty_pct": 0.0983089020979824,
          "auto_unstuck_wallet_exposure_threshold": 0.09502306376862553,
          "backwards_tp": false,
          "ddown_factor": 1.0,
          "ema_span_0": 382.1677931860971,
          "ema_span_1": 793.4587187333666,
          "enabled": true,
          "initial_eprice_ema_dist": 0.01,
          "initial_qty_pct": 0.001,
          "markup_range": 0.013184649485111133,
          "min_markup": 0.003,
          "n_close_orders": 9,
          "rentry_pprice_dist": 0.009858997210593586,
          "rentry_pprice_dist_wallet_exposure_weighting": 2.3621590906168874,
          "wallet_exposure_limit": 1.0},
 "short": {"auto_unstuck_delay_minutes": 990.8549287142787,
           "auto_unstuck_ema_dist": -0.02733798429449423,
           "auto_unstuck_qty_pct": 0.03138313702313005,
           "auto_unstuck_wallet_exposure_threshold": 0.7087918362421147,
           "backwards_tp": true,
           "ddown_factor": 2.6156163849085754,
           "ema_span_0": 871.4233770808494,
           "ema_span_1": 563.9062961343018,
           "enabled": false,
           "initial_eprice_ema_dist": -0.06267871829328978,
           "initial_qty_pct": 0.03324020808797023,
           "markup_range": 0.0028213985374241778,
           "min_markup": 0.00994291603494658,
           "n_close_orders": 13,
           "rentry_pprice_dist": 0.024418189669793037,
           "rentry_pprice_dist_wallet_exposure_weighting": 1.0349246774037857,
           "wallet_exposure_limit": 1.0}}