{"config_name": "recursive_grid_30_symbols_456days",
 "logging_level": 0,
 "long": {"auto_unstuck_delay_minutes": 2827.565543467694,
          "auto_unstuck_ema_dist": -0.0472850327289691,
          "auto_unstuck_qty_pct": 0.01,
          "auto_unstuck_wallet_exposure_threshold": 0.05747617034902217,
          "backwards_tp": false,
          "ddown_factor": 2.1853043537605847,
          "ema_span_0": 306.55361799715405,
          "ema_span_1": 622.042415599106,
          "enabled": true,
          "initial_eprice_ema_dist": -0.1,
          "initial_qty_pct": 0.02,
          "markup_range": 0.033830993892810954,
          "min_markup": 0.0028835454385579403,
          "n_close_orders": 6,
          "rentry_pprice_dist": 0.029895588255747063,
          "rentry_pprice_dist_wallet_exposure_weighting": 2.3911307657060137,
          "wallet_exposure_limit": 1.0},
 "short": {"auto_unstuck_delay_minutes": 567.7818343832965,
           "auto_unstuck_ema_dist": -0.00018991732906729897,
           "auto_unstuck_qty_pct": 0.039475741107169976,
           "auto_unstuck_wallet_exposure_threshold": 0.16045881796590253,
           "backwards_tp": true,
           "ddown_factor": 1.6172765105312674,
           "ema_span_0": 697.6545505264357,
           "ema_span_1": 112.60224638159893,
           "enabled": false,
           "initial_eprice_ema_dist": -0.03692085724086781,
           "initial_qty_pct": 0.02921960362188962,
           "markup_range": 0.01958967472598541,
           "min_markup": 0.0023941657695029732,
           "n_close_orders": 14,
           "rentry_pprice_dist": 0.023454266472821065,
           "rentry_pprice_dist_wallet_exposure_weighting": 13.29267405399416,
           "wallet_exposure_limit": 1.0}}