{"config_name": "recursive_grid_CELOUSDT_456days",
 "logging_level": 0,
 "long": {"auto_unstuck_delay_minutes": 2627.0696739031773,
          "auto_unstuck_ema_dist": -0.03278727574123288,
          "auto_unstuck_qty_pct": 0.01,
          "auto_unstuck_wallet_exposure_threshold": 0.03000424816755773,
          "backwards_tp": false,
          "ddown_factor": 2.280014219528305,
          "ema_span_0": 681.3071633484545,
          "ema_span_1": 705.5545395994149,
          "enabled": true,
          "initial_eprice_ema_dist": -0.1,
          "initial_qty_pct": 0.02,
          "markup_range": 0.05,
          "min_markup": 0.003,
          "n_close_orders": 7,
          "rentry_pprice_dist": 0.03,
          "rentry_pprice_dist_wallet_exposure_weighting": 2.4999703346195705,
          "wallet_exposure_limit": 1.0},
 "short": {"auto_unstuck_delay_minutes": 1301.5650616551297,
           "auto_unstuck_ema_dist": -0.09762217996415269,
           "auto_unstuck_qty_pct": 0.09510669036483604,
           "auto_unstuck_wallet_exposure_threshold": 0.350260567637968,
           "backwards_tp": true,
           "ddown_factor": 2.305490712860684,
           "ema_span_0": 1028.4983046001935,
           "ema_span_1": 1369.1925627256667,
           "enabled": false,
           "initial_eprice_ema_dist": -0.025875384435008003,
           "initial_qty_pct": 0.02291644834458005,
           "markup_range": 0.023943344557247767,
           "min_markup": 0.0077479397680597665,
           "n_close_orders": 15,
           "rentry_pprice_dist": 0.02182176660114777,
           "rentry_pprice_dist_wallet_exposure_weighting": 4.26848273264503,
           "wallet_exposure_limit": 1.0}}