{"config_name": "recursive_grid_RSRUSDT_1149days",
 "logging_level": 0,
 "long": {"auto_unstuck_delay_minutes": 737.0366410019311,
          "auto_unstuck_ema_dist": 0.003814423727462939,
          "auto_unstuck_qty_pct": 0.09521452590549927,
          "auto_unstuck_wallet_exposure_threshold": 0.050727469695606486,
          "backwards_tp": false,
          "ddown_factor": 1.1406604916766634,
          "ema_span_0": 337.9449991382231,
          "ema_span_1": 1399.040427767661,
          "enabled": true,
          "initial_eprice_ema_dist": 0.01,
          "initial_qty_pct": 0.001,
          "markup_range": 0.00626275747622196,
          "min_markup": 0.0031111136518241827,
          "n_close_orders": 3,
          "rentry_pprice_dist": 0.009919493162417895,
          "rentry_pprice_dist_wallet_exposure_weighting": 1.0897768857380927,
          "wallet_exposure_limit": 1.0},
 "short": {"auto_unstuck_delay_minutes": 481.6119893728094,
           "auto_unstuck_ema_dist": -0.07632825574058943,
           "auto_unstuck_qty_pct": 0.021480333993464554,
           "auto_unstuck_wallet_exposure_threshold": 0.8403333527613127,
           "backwards_tp": true,
           "ddown_factor": 0.21821757597688646,
           "ema_span_0": 197.2801013573219,
           "ema_span_1": 1355.3685498073428,
           "enabled": false,
           "initial_eprice_ema_dist": -0.07674443218107727,
           "initial_qty_pct": 0.04901690479323844,
           "markup_range": 0.020991833813467663,
           "min_markup": 0.0012572833001973094,
           "n_close_orders": 15,
           "rentry_pprice_dist": 0.012883658357559578,
           "rentry_pprice_dist_wallet_exposure_weighting": 10.642127355657081,
           "wallet_exposure_limit": 1.0}}