{"config_name": "recursive_grid_30_symbols_473days",
 "logging_level": 0,
 "long": {"auto_unstuck_delay_minutes": 1060.4864678332171,
          "auto_unstuck_ema_dist": 0.0,
          "auto_unstuck_qty_pct": 0.01,
          "auto_unstuck_wallet_exposure_threshold": 0.03164739300060454,
          "backwards_tp": true,
          "ddown_factor": 0.9980318401846245,
          "ema_span_0": 997.3360876900671,
          "ema_span_1": 479.1692703585951,
          "enabled": true,
          "initial_eprice_ema_dist": 0.021845703674035565,
          "initial_qty_pct": 0.020426254645521693,
          "markup_range": 0.02,
          "min_markup": 0.010074188475593118,
          "n_close_orders": 5,
          "rentry_pprice_dist": 0.05611066273650002,
          "rentry_pprice_dist_wallet_exposure_weighting": 1.0210683677838426,
          "wallet_exposure_limit": 1.0},
 "short": {"auto_unstuck_delay_minutes": 0.0,
           "auto_unstuck_ema_dist": 0.0,
           "auto_unstuck_qty_pct": 0.0,
           "auto_unstuck_wallet_exposure_threshold": 0.0,
           "backwards_tp": true,
           "ddown_factor": 0.8215711657820585,
           "ema_span_0": 1206.5773153805758,
           "ema_span_1": 616.4015995683567,
           "enabled": false,
           "initial_eprice_ema_dist": 4.20082018372063e-06,
           "initial_qty_pct": 0.01519977968614401,
           "markup_range": 0.003327249619699361,
           "min_markup": 0.002922833721269262,
           "n_close_orders": 5,
           "rentry_pprice_dist": 0.053882189235251066,
           "rentry_pprice_dist_wallet_exposure_weighting": 0.7409115898092008,
           "wallet_exposure_limit": 1.0}}