{"config_name": "recursive_grid_XMRUSDT_1408days",
 "logging_level": 0,
 "long": {"auto_unstuck_delay_minutes": 1241.0871917330946,
          "auto_unstuck_ema_dist": -0.007358545915430539,
          "auto_unstuck_qty_pct": 0.01021683285797135,
          "auto_unstuck_wallet_exposure_threshold": 0.05619538046245249,
          "backwards_tp": true,
          "ddown_factor": 1.0108394240178031,
          "ema_span_0": 890.936822832288,
          "ema_span_1": 233.45486347490478,
          "enabled": true,
          "initial_eprice_ema_dist": 0.00999999902488449,
          "initial_qty_pct": 0.001,
          "markup_range": 0.00740349167508515,
          "min_markup": 0.0037367245536057674,
          "n_close_orders": 8,
          "rentry_pprice_dist": 0.009101018380913794,
          "rentry_pprice_dist_wallet_exposure_weighting": 1.3833895663919116,
          "wallet_exposure_limit": 1.0},
 "short": {"auto_unstuck_delay_minutes": 178.22667220216485,
           "auto_unstuck_ema_dist": -0.043661978938567124,
           "auto_unstuck_qty_pct": 0.04173139387152891,
           "auto_unstuck_wallet_exposure_threshold": 0.11100587371677335,
           "backwards_tp": true,
           "ddown_factor": 0.49323390460065863,
           "ema_span_0": 723.8913368021894,
           "ema_span_1": 515.4922910959517,
           "enabled": false,
           "initial_eprice_ema_dist": -0.07218552979766087,
           "initial_qty_pct": 0.020811774429860565,
           "markup_range": 0.027806005901561327,
           "min_markup": 0.005182340794857843,
           "n_close_orders": 9,
           "rentry_pprice_dist": 0.006259413954132407,
           "rentry_pprice_dist_wallet_exposure_weighting": 10.055268680497,
           "wallet_exposure_limit": 1.0}}