{"config_name": "recursive_grid_MATICUSDT_1146days",
 "logging_level": 0,
 "long": {"auto_unstuck_delay_minutes": 20.190121134250937,
          "auto_unstuck_ema_dist": -0.009999655825742469,
          "auto_unstuck_qty_pct": 0.026321671600297684,
          "auto_unstuck_wallet_exposure_threshold": 0.09288188542510487,
          "backwards_tp": true,
          "ddown_factor": 1.0,
          "ema_span_0": 902.3157253182527,
          "ema_span_1": 1292.5634127167414,
          "enabled": true,
          "initial_eprice_ema_dist": 0.01,
          "initial_qty_pct": 0.001,
          "markup_range": 0.005,
          "min_markup": 0.005850782574080993,
          "n_close_orders": 3,
          "rentry_pprice_dist": 0.009339577878008447,
          "rentry_pprice_dist_wallet_exposure_weighting": 1.1425704455909695,
          "wallet_exposure_limit": 1.0},
 "short": {"auto_unstuck_delay_minutes": 752.5146071595013,
           "auto_unstuck_ema_dist": -0.0887136859273695,
           "auto_unstuck_qty_pct": 0.05977503660319434,
           "auto_unstuck_wallet_exposure_threshold": 0.8086749776255402,
           "backwards_tp": true,
           "ddown_factor": 2.422692876283613,
           "ema_span_0": 1376.5277866478527,
           "ema_span_1": 906.7806675269305,
           "enabled": false,
           "initial_eprice_ema_dist": -0.025957822399639605,
           "initial_qty_pct": 0.013842256583846564,
           "markup_range": 0.0515393631621014,
           "min_markup": 0.00998511740938357,
           "n_close_orders": 12,
           "rentry_pprice_dist": 0.047298454220321355,
           "rentry_pprice_dist_wallet_exposure_weighting": 3.681113827363749,
           "wallet_exposure_limit": 1.0}}