{
    "adg": 0.007610941420631567,
    "adg_w": 0.007588694256389949,
    "calmar_ratio": 0.012500755904805674,
    "calmar_ratio_w": 0.01884792336349466,
    "drawdown_worst": 0.608838495734941,
    "drawdown_worst_mean_1pct": 0.3349083341301629,
    "equity_balance_diff_neg_max": 0.6434644426503765,
    "equity_balance_diff_neg_mean": 0.010809035160027973,
    "equity_balance_diff_pos_max": 0.06458240440704101,
    "equity_balance_diff_pos_mean": 0.00019072164738403433,
    "equity_choppiness": 2.16576652103084,
    "equity_choppiness_w": 2.328478028752783,
    "equity_jerkiness": 0.0183998625613237,
    "equity_jerkiness_w": 0.021315186748995924,
    "expected_shortfall_1pct": 0.2786141401063564,
    "exponential_fit_error": 0.8026719120424096,
    "exponential_fit_error_w": 0.10471562005574755,
    "gain": 1029886.3633962888,
    "loss_profit_ratio": 0.29437351645166254,
    "loss_profit_ratio_long": 0.29437351645166254,
    "loss_profit_ratio_short": 1.0,
    "loss_profit_ratio_w": 0.28943113755203403,
    "mdg": 0.0046003940560603515,
    "mdg_w": 0.004876723036551142,
    "omega_ratio": 3.5666285332372185,
    "omega_ratio_w": 3.0171947528519527,
    "pnl_ratio_long_short": 1.0,
    "position_held_hours_max": 295.4166666666667,
    "position_held_hours_mean": 1.7802814391209676,
    "position_held_hours_median": 0.38333333333333336,
    "position_unchanged_hours_max": 138.78333333333333,
    "positions_held_per_day": 47.11610076670318,
    "sharpe_ratio": 0.11642556764640515,
    "sharpe_ratio_w": 0.1284385479056765,
    "sortino_ratio": 0.11815284931879348,
    "sortino_ratio_w": 0.12324675795227372,
    "sterling_ratio": 0.022725446472984925,
    "sterling_ratio_w": 0.023166723019369555
}