{
    "adg": 0.004074839296232868,
    "adg_per_exposure_long": 0.0012355486040730346,
    "adg_per_exposure_short": 0.004074839296232868,
    "adg_w": 0.0031477626735283426,
    "adg_w_per_exposure_long": 0.0009544459289048947,
    "adg_w_per_exposure_short": 0.0031477626735283426,
    "calmar_ratio": 0.009907611008016194,
    "calmar_ratio_w": 0.017236450429222894,
    "drawdown_worst": 0.4112837386263892,
    "drawdown_worst_mean_1pct": 0.15265799983258588,
    "equity_balance_diff_neg_max": 0.36923643692650826,
    "equity_balance_diff_neg_mean": 0.0027054708626700575,
    "equity_balance_diff_pos_max": 0.5815790257493415,
    "equity_balance_diff_pos_mean": 0.002942157454572833,
    "equity_choppiness": 1.888191405342503,
    "equity_choppiness_w": 1.7763606657235038,
    "equity_jerkiness": 0.011254987252378395,
    "equity_jerkiness_w": 0.00895954798734589,
    "expected_shortfall_1pct": 0.10626964478696803,
    "exponential_fit_error": 0.3994169652458547,
    "exponential_fit_error_w": 0.05110467863498961,
    "gain": 1095.043219694474,
    "gain_per_exposure_long": 332.0325105198526,
    "gain_per_exposure_short": 1095.043219694474,
    "loss_profit_ratio": 0.20838733632487697,
    "loss_profit_ratio_long": 0.20838733632487697,
    "loss_profit_ratio_short": 1.0,
    "loss_profit_ratio_w": 0.18809467296764035,
    "mdg": 0.00021633308386572988,
    "mdg_per_exposure_long": 6.559523464697692e-05,
    "mdg_per_exposure_short": 0.00021633308386572988,
    "mdg_w": 3.934605757676562e-05,
    "mdg_w_per_exposure_long": 1.1930278222184845e-05,
    "mdg_w_per_exposure_short": 3.934605757676562e-05,
    "omega_ratio": 4.593217785645087,
    "omega_ratio_w": 4.064059529878179,
    "pnl_ratio_long_short": 1.0,
    "position_held_hours_max": 398.6,
    "position_held_hours_mean": 14.02556882821388,
    "position_held_hours_median": 5.133333333333334,
    "position_unchanged_hours_max": 322.8666666666667,
    "positions_held_per_day": 1.7024985473561882,
    "sharpe_ratio": 0.0749965063735164,
    "sharpe_ratio_w": 0.08625486700394444,
    "sortino_ratio": 0.20515330716378574,
    "sortino_ratio_w": 0.16335662685620914,
    "sterling_ratio": 0.026692602423073714,
    "sterling_ratio_w": 0.023077579508513385,
    "volume_pct_per_day_avg": 0.5359862937803408,
    "volume_pct_per_day_avg_w": 0.47482776483709105
}