{"config_name": "recursive_grid_NEARUSDT_1153days",
 "logging_level": 0,
 "long": {"auto_unstuck_delay_minutes": 633.5050288905554,
          "auto_unstuck_ema_dist": -0.001214719854329446,
          "auto_unstuck_qty_pct": 0.09409538184296595,
          "auto_unstuck_wallet_exposure_threshold": 0.06689013006393738,
          "backwards_tp": false,
          "ddown_factor": 1.0745743306450062,
          "ema_span_0": 219.58212917645838,
          "ema_span_1": 1363.201507476855,
          "enabled": true,
          "initial_eprice_ema_dist": 0.01,
          "initial_qty_pct": 0.001,
          "markup_range": 0.014347751977385333,
          "min_markup": 0.0032454577518223593,
          "n_close_orders": 6,
          "rentry_pprice_dist": 0.009011278287676065,
          "rentry_pprice_dist_wallet_exposure_weighting": 1.4348446384249312,
          "wallet_exposure_limit": 1.0},
 "short": {"auto_unstuck_delay_minutes": 552.9905945278163,
           "auto_unstuck_ema_dist": -0.04835387086694185,
           "auto_unstuck_qty_pct": 0.012781324557005366,
           "auto_unstuck_wallet_exposure_threshold": 0.8763059861807366,
           "backwards_tp": true,
           "ddown_factor": 0.4844945998529703,
           "ema_span_0": 17.733016816839914,
           "ema_span_1": 1075.707995542994,
           "enabled": false,
           "initial_eprice_ema_dist": -0.08177288061292512,
           "initial_qty_pct": 0.03613722923546257,
           "markup_range": 0.021578541615786154,
           "min_markup": 0.001990998353635934,
           "n_close_orders": 12,
           "rentry_pprice_dist": 0.019364549311323087,
           "rentry_pprice_dist_wallet_exposure_weighting": 4.824869188971088,
           "wallet_exposure_limit": 1.0}}