{"config_name": "recursive_grid_30_symbols_473days",
 "logging_level": 0,
 "long": {"auto_unstuck_delay_minutes": 237.14455177898253,
          "auto_unstuck_ema_dist": 0.0,
          "auto_unstuck_qty_pct": 0.01,
          "auto_unstuck_wallet_exposure_threshold": 0.03131735002499284,
          "backwards_tp": true,
          "ddown_factor": 0.19659483754722204,
          "ema_span_0": 484.8986181819021,
          "ema_span_1": 740.5618738795622,
          "enabled": true,
          "initial_eprice_ema_dist": 0.019850647475281438,
          "initial_qty_pct": 0.020000000644875712,
          "markup_range": 0.02,
          "min_markup": 0.01,
          "n_close_orders": 8,
          "rentry_pprice_dist": 0.04353948581593472,
          "rentry_pprice_dist_wallet_exposure_weighting": 1.01,
          "wallet_exposure_limit": 1.0},
 "short": {"auto_unstuck_delay_minutes": 0.0,
           "auto_unstuck_ema_dist": 0.0,
           "auto_unstuck_qty_pct": 0.0,
           "auto_unstuck_wallet_exposure_threshold": 0.0,
           "backwards_tp": true,
           "ddown_factor": 0.5354546371381246,
           "ema_span_0": 1193.8880728951922,
           "ema_span_1": 568.9116145433786,
           "enabled": false,
           "initial_eprice_ema_dist": -0.006033892157152898,
           "initial_qty_pct": 0.01601964724124702,
           "markup_range": 0.009542163428859008,
           "min_markup": 0.002183150731503885,
           "n_close_orders": 15,
           "rentry_pprice_dist": 0.025753785210653957,
           "rentry_pprice_dist_wallet_exposure_weighting": 0.28231819727337826,
           "wallet_exposure_limit": 1.0}}