{
    "adg": 0.01279144742782301,
    "adg_w": 0.009738392263812012,
    "calmar_ratio": 0.018095428093593227,
    "calmar_ratio_w": 0.022682420055524462,
    "drawdown_worst": 0.7068883566425204,
    "drawdown_worst_mean_1pct": 0.4204888660709302,
    "equity_balance_diff_neg_max": 0.7311289031858224,
    "equity_balance_diff_neg_mean": 0.006780007838151063,
    "equity_balance_diff_pos_max": 1.7095703021105941,
    "equity_balance_diff_pos_mean": 0.007269060153224011,
    "equity_choppiness": 1.9501653563760195,
    "equity_choppiness_w": 1.9409271173627658,
    "equity_jerkiness": 0.03317346417086465,
    "equity_jerkiness_w": 0.031530741775083734,
    "expected_shortfall_1pct": 0.3666641522786957,
    "exponential_fit_error": 0.3170799509943175,
    "exponential_fit_error_w": 0.07764801115400685,
    "gain": 6995702.449933368,
    "loss_profit_ratio": 0.2205562378153991,
    "loss_profit_ratio_long": 0.2205562378153991,
    "loss_profit_ratio_short": 1.0,
    "loss_profit_ratio_w": 0.22858185805850867,
    "mdg": 0.001953070210248177,
    "mdg_w": 0.0015770672056074318,
    "omega_ratio": 5.356316567870315,
    "omega_ratio_w": 3.9659766064288533,
    "pnl_ratio_long_short": 1.0,
    "position_held_hours_max": 148.76666666666668,
    "position_held_hours_mean": 7.328661147587782,
    "position_held_hours_median": 3.283333333333333,
    "position_unchanged_hours_max": 120.2,
    "positions_held_per_day": 2.825,
    "sharpe_ratio": 0.06045034712817719,
    "sharpe_ratio_w": 0.06357229654917848,
    "sortino_ratio": 0.17770174470203837,
    "sortino_ratio_w": 0.15118749971705878,
    "sterling_ratio": 0.030420418850437014,
    "sterling_ratio_w": 0.025744151589447595
}