{
    "adg": 0.0035743587787699926,
    "adg_w": 0.0034399033642041887,
    "calmar_ratio": 0.013475748521775736,
    "calmar_ratio_w": 0.01501364944517374,
    "drawdown_worst": 0.2652438024495718,
    "drawdown_worst_mean_1pct": 0.12272224527850957,
    "equity_balance_diff_neg_max": 0.2701836389621636,
    "equity_balance_diff_neg_mean": 0.0016879892878546917,
    "equity_balance_diff_pos_max": 0.16671177535344545,
    "equity_balance_diff_pos_mean": 0.0006332735103461117,
    "equity_choppiness": 1.2542746567181673,
    "equity_choppiness_w": 1.3043901469110928,
    "equity_jerkiness": 0.006778704863600168,
    "equity_jerkiness_w": 0.00705847699243063,
    "expected_shortfall_1pct": 0.11620952015674563,
    "exponential_fit_error": 0.09906335910591264,
    "exponential_fit_error_w": 0.015241144812227894,
    "gain": 314.69167027587673,
    "loss_profit_ratio": 0.004274578234886786,
    "loss_profit_ratio_long": 0.004274578234886786,
    "loss_profit_ratio_short": 1.0,
    "loss_profit_ratio_w": 0.0024245645390691597,
    "mdg": 0.0008901188226643931,
    "mdg_w": 0.0008749842791697471,
    "omega_ratio": 9.958192832040398,
    "omega_ratio_w": 10.126966218694738,
    "pnl_ratio_long_short": 1.0,
    "position_held_hours_max": 236.7,
    "position_held_hours_mean": 4.014059676495218,
    "position_held_hours_median": 0.5833333333333334,
    "position_unchanged_hours_max": 225.38333333333333,
    "positions_held_per_day": 9.383374689826303,
    "sharpe_ratio": 0.1076458850487366,
    "sharpe_ratio_w": 0.09583105422369084,
    "sortino_ratio": 0.14256433071266814,
    "sortino_ratio_w": 0.1312764542169207,
    "sterling_ratio": 0.029125597976619764,
    "sterling_ratio_w": 0.02313268568885403
}