{
    "adg": 0.05044066950347492,
    "adg_per_exposure_long": 0.008883527563134012,
    "adg_per_exposure_short": 0.05044066950347492,
    "adg_w": 0.02837613974826263,
    "adg_w_per_exposure_long": 0.004997558955312193,
    "adg_w_per_exposure_short": 0.02837613974826263,
    "calmar_ratio": 0.2466664646110817,
    "calmar_ratio_w": 0.2418413344651563,
    "drawdown_worst": 0.2044893681960561,
    "drawdown_worst_mean_1pct": 0.2044893681960561,
    "equity_balance_diff_neg_max": 0.2627932670696346,
    "equity_balance_diff_neg_mean": 0.005679086886478488,
    "equity_balance_diff_pos_max": 0.23361034266672967,
    "equity_balance_diff_pos_mean": 0.0029440987365081956,
    "equity_choppiness": 1.2335307803018973,
    "equity_choppiness_w": 1.165768231209246,
    "equity_jerkiness": 0.05863615487578266,
    "equity_jerkiness_w": 0.03481398966266702,
    "expected_shortfall_1pct": 0.20448936819605606,
    "exponential_fit_error": 0.28058284454670646,
    "exponential_fit_error_w": 0.029739465571482056,
    "gain": 6369.890276866294,
    "gain_per_exposure_long": 1121.8545750028698,
    "gain_per_exposure_short": 6369.890276866294,
    "loss_profit_ratio": 0.2203400411882936,
    "loss_profit_ratio_long": 0.2203400411882936,
    "loss_profit_ratio_short": 1.0,
    "loss_profit_ratio_w": 0.23827974745713504,
    "mdg": 0.03265772490464427,
    "mdg_per_exposure_long": 0.00575162467499899,
    "mdg_per_exposure_short": 0.03265772490464427,
    "mdg_w": 0.020653271554699947,
    "mdg_w_per_exposure_long": 0.0036374201399612446,
    "mdg_w_per_exposure_short": 0.020653271554699947,
    "omega_ratio": 16.309463635584635,
    "omega_ratio_w": 20.810634963605544,
    "pnl_ratio_long_short": 1.0,
    "position_held_hours_max": 67.35,
    "position_held_hours_mean": 4.762705530642751,
    "position_held_hours_median": 2.341666666666667,
    "position_unchanged_hours_max": 39.21666666666667,
    "positions_held_per_day": 5.01123595505618,
    "sharpe_ratio": 0.47479173426901544,
    "sharpe_ratio_w": 0.4226595027375861,
    "sortino_ratio": 0.8228443783057356,
    "sortino_ratio_w": 0.5717756774084898,
    "sterling_ratio": 0.2466664646110817,
    "sterling_ratio_w": 0.2418413344651563,
    "volume_pct_per_day_avg": 10.380687548874773,
    "volume_pct_per_day_avg_w": 7.091353492742586
}