{"config_name": "recursive_grid_FLMUSDT_1169days",
 "logging_level": 0,
 "long": {"auto_unstuck_delay_minutes": 1309.8254346938713,
          "auto_unstuck_ema_dist": -0.009989293660698227,
          "auto_unstuck_qty_pct": 0.034627186263343775,
          "auto_unstuck_wallet_exposure_threshold": 0.05422837279941851,
          "backwards_tp": false,
          "ddown_factor": 1.0,
          "ema_span_0": 73.24181595475507,
          "ema_span_1": 1400.187436489636,
          "enabled": true,
          "initial_eprice_ema_dist": 0.009960786081230822,
          "initial_qty_pct": 0.001,
          "markup_range": 0.019999988464794772,
          "min_markup": 0.004635491575988317,
          "n_close_orders": 3,
          "rentry_pprice_dist": 0.009999998541548873,
          "rentry_pprice_dist_wallet_exposure_weighting": 1.8271697936432323,
          "wallet_exposure_limit": 1.0},
 "short": {"auto_unstuck_delay_minutes": 1419.8150780494316,
           "auto_unstuck_ema_dist": -0.055068595468589186,
           "auto_unstuck_qty_pct": 0.08788216163761504,
           "auto_unstuck_wallet_exposure_threshold": 0.11405917779495676,
           "backwards_tp": true,
           "ddown_factor": 2.167610882027851,
           "ema_span_0": 1345.720765093242,
           "ema_span_1": 827.9788766104417,
           "enabled": false,
           "initial_eprice_ema_dist": -0.0805323011362949,
           "initial_qty_pct": 0.04786365687490739,
           "markup_range": 0.0048920867623047145,
           "min_markup": 0.003775070532045,
           "n_close_orders": 3,
           "rentry_pprice_dist": 0.03821691040379635,
           "rentry_pprice_dist_wallet_exposure_weighting": 16.311052984032703,
           "wallet_exposure_limit": 1.0}}