{"config_name": "recursive_safe_2021",
 "logging_level": 0,
 "long": {"auto_unstuck_delay_minutes": 1293.7406678521925,
          "auto_unstuck_ema_dist": 0,
          "auto_unstuck_qty_pct": 0.01,
          "auto_unstuck_wallet_exposure_threshold": 0.05307788264299567,
          "backwards_tp": false,
          "ddown_factor": 0.45117304253868207,
          "ema_span_0": 533.116811975522,
          "ema_span_1": 599.5406854211657,
          "enabled": true,
          "initial_eprice_ema_dist": 0.007724393438711668,
          "initial_qty_pct": 0.013220907507353694,
          "markup_range": 0.07184200306471906,
          "min_markup": 0.010510776445308739,
          "n_close_orders": 6.034936897191306,
          "rentry_pprice_dist": 0.0532142616284101,
          "rentry_pprice_dist_wallet_exposure_weighting": 1.418279957929631,
          "wallet_exposure_limit": 1.0},
 "short": {"auto_unstuck_ema_dist": 0,
           "auto_unstuck_wallet_exposure_threshold": 0,
           "backwards_tp": false,
           "ddown_factor": 871.6593030930201,
           "ema_span_0": 871.6593030930201,
           "ema_span_1": 1000.5421784166421,
           "enabled": false,
           "initial_eprice_ema_dist": -0.07416676113802156,
           "initial_qty_pct": 0.040846728757127006,
           "markup_range": 0.01743978621540221,
           "min_markup": 0.031682835203224,
           "n_close_orders": 11,
           "rentry_pprice_dist": 0.04405641859087018,
           "rentry_pprice_dist_wallet_exposure_weighting": 24.643555906663153,
           "wallet_exposure_limit": 0.1}}