{"config_name": "recursive_grid_INJUSDT_583days",
 "logging_level": 0,
 "long": {"auto_unstuck_delay_minutes": 0.0,
          "auto_unstuck_ema_dist": 0.0,
          "auto_unstuck_qty_pct": 0.0,
          "auto_unstuck_wallet_exposure_threshold": 0.0,
          "backwards_tp": false,
          "ddown_factor": 0.975751492169104,
          "ema_span_0": 897.622866781291,
          "ema_span_1": 827.4095530309941,
          "enabled": true,
          "initial_eprice_ema_dist": 0.0025880351097238388,
          "initial_qty_pct": 0.05,
          "markup_range": 0.07999157104440566,
          "min_markup": 0.009974042725755984,
          "n_close_orders": 5,
          "rentry_pprice_dist": 0.031132924117613047,
          "rentry_pprice_dist_wallet_exposure_weighting": 4.245778388522001,
          "wallet_exposure_limit": 1.0},
 "short": {"auto_unstuck_delay_minutes": 713.7117171903487,
           "auto_unstuck_ema_dist": -0.04464074361542363,
           "auto_unstuck_qty_pct": 0.08893595659831303,
           "auto_unstuck_wallet_exposure_threshold": 0.1,
           "backwards_tp": true,
           "ddown_factor": 2.383719122220458,
           "ema_span_0": 670.684573769288,
           "ema_span_1": 5,
           "enabled": false,
           "initial_eprice_ema_dist": -0.1,
           "initial_qty_pct": 0.05,
           "markup_range": 0.03631981364217867,
           "min_markup": 0.004571507329647737,
           "n_close_orders": 16,
           "rentry_pprice_dist": 0.005,
           "rentry_pprice_dist_wallet_exposure_weighting": 5.475210978783757,
           "wallet_exposure_limit": 1.0}}