{"config_name": "recursive_grid_VETUSDT_1498days",
 "logging_level": 0,
 "long": {"auto_unstuck_delay_minutes": 1002.9258903693116,
          "auto_unstuck_ema_dist": -0.05,
          "auto_unstuck_qty_pct": 0.01,
          "auto_unstuck_wallet_exposure_threshold": 0.09985820742231727,
          "backwards_tp": false,
          "ddown_factor": 2.9983310793228477,
          "ema_span_0": 473.01997948067117,
          "ema_span_1": 1439.8541744640497,
          "enabled": true,
          "initial_eprice_ema_dist": 0.003957203728135444,
          "initial_qty_pct": 0.05,
          "markup_range": 0.06768232267473837,
          "min_markup": 0.002047109295387739,
          "n_close_orders": 3,
          "rentry_pprice_dist": 0.06999752823132563,
          "rentry_pprice_dist_wallet_exposure_weighting": 3.02929083031521,
          "wallet_exposure_limit": 1.0},
 "short": {"auto_unstuck_delay_minutes": 1355.0585162795173,
           "auto_unstuck_ema_dist": -0.02988204411244476,
           "auto_unstuck_qty_pct": 0.08948863189366217,
           "auto_unstuck_wallet_exposure_threshold": 0.8081146811950904,
           "backwards_tp": true,
           "ddown_factor": 1.4272417912722508,
           "ema_span_0": 746.8062112293418,
           "ema_span_1": 1370.5215317317513,
           "enabled": false,
           "initial_eprice_ema_dist": -0.08877117931334794,
           "initial_qty_pct": 0.04765247766464802,
           "markup_range": 0.01494829351468732,
           "min_markup": 0.009426824880335086,
           "n_close_orders": 11,
           "rentry_pprice_dist": 0.011143161282376805,
           "rentry_pprice_dist_wallet_exposure_weighting": 10.334415714340162,
           "wallet_exposure_limit": 1.0}}