{
    "adg": 0.0015372304702980788,
    "adg_w": 0.0014287609827122294,
    "calmar_ratio": 0.013752082920066837,
    "calmar_ratio_w": 0.014844831492190578,
    "drawdown_worst": 0.11178164640463116,
    "drawdown_worst_mean_1pct": 0.05131243714714325,
    "equity_balance_diff_neg_max": 0.1142570375784694,
    "equity_balance_diff_neg_mean": 0.0007072397366238438,
    "equity_balance_diff_pos_max": 0.07710496917717613,
    "equity_balance_diff_pos_mean": 0.000268224165332428,
    "equity_choppiness": 1.2596065125649538,
    "equity_choppiness_w": 1.3134608447814162,
    "equity_jerkiness": 0.002913966366047592,
    "equity_jerkiness_w": 0.0029875842512897114,
    "expected_shortfall_1pct": 0.04849290665261442,
    "exponential_fit_error": 0.019917340372642454,
    "exponential_fit_error_w": 0.0028551685227006353,
    "gain": 11.894936761020194,
    "loss_profit_ratio": 0.007918525713548386,
    "loss_profit_ratio_long": 0.007918525713548386,
    "loss_profit_ratio_short": 1.0,
    "loss_profit_ratio_w": 0.00503814975740961,
    "mdg": 0.0003781996564403763,
    "mdg_w": 0.00036646584196952384,
    "omega_ratio": 9.837629302649356,
    "omega_ratio_w": 9.201245848136026,
    "pnl_ratio_long_short": 1.0,
    "position_held_hours_max": 236.7,
    "position_held_hours_mean": 4.051068617669881,
    "position_held_hours_median": 0.5833333333333334,
    "position_unchanged_hours_max": 225.38333333333333,
    "positions_held_per_day": 9.326923076923077,
    "sharpe_ratio": 0.11655720105592006,
    "sharpe_ratio_w": 0.1027565165620667,
    "sortino_ratio": 0.14643388111328032,
    "sortino_ratio_w": 0.12905243270850564,
    "sterling_ratio": 0.02995824318166618,
    "sterling_ratio_w": 0.023124431497071832
}