{"config_name": "recursive_grid_ZILUSDT_1272days",
 "logging_level": 0,
 "long": {"auto_unstuck_delay_minutes": 1439.9973072630924,
          "auto_unstuck_ema_dist": 0.004999999922890411,
          "auto_unstuck_qty_pct": 0.010537942213289117,
          "auto_unstuck_wallet_exposure_threshold": 0.07035878866030854,
          "backwards_tp": false,
          "ddown_factor": 1.281001309271371,
          "ema_span_0": 439.5750449001735,
          "ema_span_1": 625.1343536670176,
          "enabled": true,
          "initial_eprice_ema_dist": 0.01,
          "initial_qty_pct": 0.001,
          "markup_range": 0.02,
          "min_markup": 0.00353071542652467,
          "n_close_orders": 3,
          "rentry_pprice_dist": 0.01,
          "rentry_pprice_dist_wallet_exposure_weighting": 1.4357075731712992,
          "wallet_exposure_limit": 1.0},
 "short": {"auto_unstuck_delay_minutes": 685.4357434212483,
           "auto_unstuck_ema_dist": -0.09102890914808544,
           "auto_unstuck_qty_pct": 0.063347927345878,
           "auto_unstuck_wallet_exposure_threshold": 0.7270502632405227,
           "backwards_tp": true,
           "ddown_factor": 1.93699417893939,
           "ema_span_0": 356.7716774121918,
           "ema_span_1": 1181.4557229577401,
           "enabled": false,
           "initial_eprice_ema_dist": -0.08716812998731285,
           "initial_qty_pct": 0.04002561565873309,
           "markup_range": 0.00894211814630528,
           "min_markup": 0.002602155517698397,
           "n_close_orders": 15,
           "rentry_pprice_dist": 0.04723905363271264,
           "rentry_pprice_dist_wallet_exposure_weighting": 7.264556594761348,
           "wallet_exposure_limit": 1.0}}