{
    "adg": 0.003594255066175611,
    "adg_w": 0.0034181118453049386,
    "calmar_ratio": 0.027465634818243923,
    "calmar_ratio_w": 0.048312375232000736,
    "drawdown_worst": 0.13086371714911696,
    "drawdown_worst_mean_1pct": 0.07318590676789587,
    "equity_balance_diff_neg_max": 0.143388848231803,
    "equity_balance_diff_neg_mean": 0.001686895696708274,
    "equity_balance_diff_pos_max": 0.16179562712307494,
    "equity_balance_diff_pos_mean": 0.007537812947172929,
    "equity_choppiness": 1.3178905358620676,
    "equity_choppiness_w": 1.6186702699175044,
    "equity_jerkiness": 0.006438117687555257,
    "equity_jerkiness_w": 0.008592981823069602,
    "expected_shortfall_1pct": 0.06966543798725333,
    "exponential_fit_error": 0.01069107679152799,
    "exponential_fit_error_w": 0.0030693691013053497,
    "gain": 5.718326698702973,
    "loss_profit_ratio": 0.002417812348171674,
    "loss_profit_ratio_long": 0.002417812348171674,
    "loss_profit_ratio_short": 1.0,
    "loss_profit_ratio_w": 0.005912182895309369,
    "mdg": 0.000860243172878484,
    "mdg_w": 0.001027756542205357,
    "omega_ratio": 9.164089883366522,
    "omega_ratio_w": 5.082804806817528,
    "pnl_ratio_long_short": 1.0,
    "position_held_hours_max": 225.25,
    "position_held_hours_mean": 2.177552049983507,
    "position_held_hours_median": 0.13333333333333333,
    "position_unchanged_hours_max": 225.25,
    "positions_held_per_day": 35.3477366255144,
    "sharpe_ratio": 0.17050605803279514,
    "sharpe_ratio_w": 0.17594684310899128,
    "sortino_ratio": 0.2462738313766578,
    "sortino_ratio_w": 0.21373282807668267,
    "sterling_ratio": 0.0491113005892589,
    "sterling_ratio_w": 0.05104390635445397
}