{
    "adg": 0.0019959501320725437,
    "adg_w": 0.0022072873039583386,
    "calmar_ratio": 0.010349399369354176,
    "calmar_ratio_w": 0.0309828772851841,
    "drawdown_worst": 0.19285661523342057,
    "drawdown_worst_mean_1pct": 0.07792799610781058,
    "equity_balance_diff_neg_max": 0.19269912990853724,
    "equity_balance_diff_neg_mean": 0.0005357239417622851,
    "equity_balance_diff_pos_max": 0.10229024640501905,
    "equity_balance_diff_pos_mean": 0.0005436056614288127,
    "equity_choppiness": 1.3058163393463027,
    "equity_choppiness_w": 1.2794371812074983,
    "equity_jerkiness": 0.00408029652291802,
    "equity_jerkiness_w": 0.004549193966103314,
    "expected_shortfall_1pct": 0.07507674660053829,
    "exponential_fit_error": 0.02134910184040318,
    "exponential_fit_error_w": 0.005083772943285104,
    "gain": 19.98394551522649,
    "loss_profit_ratio": 0.21571411020473016,
    "loss_profit_ratio_long": 0.21571411020473016,
    "loss_profit_ratio_short": 1.0,
    "loss_profit_ratio_w": 0.2154628852909831,
    "mdg": 0.00018846151717746604,
    "mdg_w": 0.00023473458764083707,
    "omega_ratio": 8.254029808191559,
    "omega_ratio_w": 9.010547059018283,
    "pnl_ratio_long_short": 1.0,
    "position_held_hours_max": 146.9,
    "position_held_hours_mean": 4.435241014093903,
    "position_held_hours_median": 1.8166666666666667,
    "position_unchanged_hours_max": 128.6,
    "positions_held_per_day": 5.322237017310253,
    "sharpe_ratio": 0.10659107037248092,
    "sharpe_ratio_w": 0.13441060297481977,
    "sortino_ratio": 0.1337196183120156,
    "sortino_ratio_w": 0.20517484095639865,
    "sterling_ratio": 0.025612748072094894,
    "sterling_ratio_w": 0.03799559293144
}