{"config_name": "recursive_grid_30_symbols_473days",
 "logging_level": 0,
 "long": {"auto_unstuck_delay_minutes": 274.16989460716553,
          "auto_unstuck_ema_dist": 0.0,
          "auto_unstuck_qty_pct": 0.01,
          "auto_unstuck_wallet_exposure_threshold": 0.03288137593939126,
          "backwards_tp": true,
          "ddown_factor": 0.10024021066745142,
          "ema_span_0": 827.859659981575,
          "ema_span_1": 1150.9761361204428,
          "enabled": true,
          "initial_eprice_ema_dist": 0.01839591866143936,
          "initial_qty_pct": 0.020077609332400628,
          "markup_range": 0.02,
          "min_markup": 0.01001601439386219,
          "n_close_orders": 3,
          "rentry_pprice_dist": 0.042876990665668975,
          "rentry_pprice_dist_wallet_exposure_weighting": 1.035538987267055,
          "wallet_exposure_limit": 1.0},
 "short": {"auto_unstuck_delay_minutes": 0.0,
           "auto_unstuck_ema_dist": 0.0,
           "auto_unstuck_qty_pct": 0.0,
           "auto_unstuck_wallet_exposure_threshold": 0.0,
           "backwards_tp": true,
           "ddown_factor": 0.4402262789988264,
           "ema_span_0": 703.7684580641236,
           "ema_span_1": 924.0480009349161,
           "enabled": false,
           "initial_eprice_ema_dist": -0.004093567813913443,
           "initial_qty_pct": 0.008112863362127246,
           "markup_range": 0.00011459521497521274,
           "min_markup": 0.0028373616459013437,
           "n_close_orders": 12,
           "rentry_pprice_dist": 0.05006923402236372,
           "rentry_pprice_dist_wallet_exposure_weighting": 3.6668959768697666,
           "wallet_exposure_limit": 1.0}}