{
    "adg": 0.0009426730119532767,
    "adg_w": 0.0007231367933959731,
    "calmar_ratio": 0.021362288222611745,
    "calmar_ratio_w": 0.023461784164997217,
    "drawdown_worst": 0.04412790437662328,
    "drawdown_worst_mean_1pct": 0.03000724736963355,
    "equity_balance_diff_neg_max": 0.043936994723956034,
    "equity_balance_diff_neg_mean": 0.0006908490904756856,
    "equity_balance_diff_pos_max": 0.0401227312449213,
    "equity_balance_diff_pos_mean": 0.0005367499221282746,
    "equity_choppiness": 1.6922101570159822,
    "equity_choppiness_w": 2.050763832080294,
    "equity_jerkiness": 0.002467252165311314,
    "equity_jerkiness_w": 0.0023916970898695627,
    "expected_shortfall_1pct": 0.02541729126534777,
    "exponential_fit_error": 0.00141805762287639,
    "exponential_fit_error_w": 0.0002633172007150919,
    "gain": 3.2167255387900684,
    "loss_profit_ratio": 0.21308674668758398,
    "loss_profit_ratio_long": 0.21308674668758398,
    "loss_profit_ratio_short": 1.0,
    "loss_profit_ratio_w": 0.23173462379723855,
    "mdg": 0.00021758833919633137,
    "mdg_w": 0.0001855372438066768,
    "omega_ratio": 3.98739382690021,
    "omega_ratio_w": 3.1286367710341723,
    "pnl_ratio_long_short": 1.0,
    "position_held_hours_max": 144.71666666666667,
    "position_held_hours_mean": 7.302354651162791,
    "position_held_hours_median": 3.316666666666667,
    "position_unchanged_hours_max": 120.2,
    "positions_held_per_day": 2.774193548387097,
    "sharpe_ratio": 0.13647824667086741,
    "sharpe_ratio_w": 0.11267576065143078,
    "sortino_ratio": 0.1786739336300019,
    "sortino_ratio_w": 0.1340504139333943,
    "sterling_ratio": 0.03141484456542435,
    "sterling_ratio_w": 0.0258544188900167
}