{"config_name": "recursive_grid_UNIUSDT_1180days",
 "logging_level": 0,
 "long": {"auto_unstuck_delay_minutes": 826.1189085902653,
          "auto_unstuck_ema_dist": -0.009073625684182482,
          "auto_unstuck_qty_pct": 0.06972104215851811,
          "auto_unstuck_wallet_exposure_threshold": 0.08389847986408017,
          "backwards_tp": false,
          "ddown_factor": 1.5538034549572557,
          "ema_span_0": 476.7106941483612,
          "ema_span_1": 80.8530354986361,
          "enabled": true,
          "initial_eprice_ema_dist": 0.01,
          "initial_qty_pct": 0.001,
          "markup_range": 0.015317427669830576,
          "min_markup": 0.004246568051024587,
          "n_close_orders": 8,
          "rentry_pprice_dist": 0.009529927695490102,
          "rentry_pprice_dist_wallet_exposure_weighting": 1.6145790947243503,
          "wallet_exposure_limit": 1.0},
 "short": {"auto_unstuck_delay_minutes": 422.20700652277316,
           "auto_unstuck_ema_dist": -0.02112519951281902,
           "auto_unstuck_qty_pct": 0.034643094679096494,
           "auto_unstuck_wallet_exposure_threshold": 0.4954774803426356,
           "backwards_tp": true,
           "ddown_factor": 2.74775377083534,
           "ema_span_0": 784.0159416681144,
           "ema_span_1": 357.56971311754245,
           "enabled": false,
           "initial_eprice_ema_dist": -0.0831351625218979,
           "initial_qty_pct": 0.025570958127409754,
           "markup_range": 0.0486932153502618,
           "min_markup": 0.005823597045632018,
           "n_close_orders": 6,
           "rentry_pprice_dist": 0.02508304046208054,
           "rentry_pprice_dist_wallet_exposure_weighting": 5.248961498083213,
           "wallet_exposure_limit": 1.0}}