{"config_name": "recursive_grid_COTIUSDT_456days",
 "logging_level": 0,
 "long": {"auto_unstuck_delay_minutes": 2554.21785153576,
          "auto_unstuck_ema_dist": -0.03,
          "auto_unstuck_qty_pct": 0.01,
          "auto_unstuck_wallet_exposure_threshold": 0.04989567870349147,
          "backwards_tp": false,
          "ddown_factor": 2.0,
          "ema_span_0": 304.71778058519413,
          "ema_span_1": 567.2704590498115,
          "enabled": true,
          "initial_eprice_ema_dist": -0.1,
          "initial_qty_pct": 0.02,
          "markup_range": 0.02,
          "min_markup": 0.0030000299299043106,
          "n_close_orders": 7,
          "rentry_pprice_dist": 0.024303950665559047,
          "rentry_pprice_dist_wallet_exposure_weighting": 2.4046666429345573,
          "wallet_exposure_limit": 1.0},
 "short": {"auto_unstuck_delay_minutes": 759.8588194650722,
           "auto_unstuck_ema_dist": -0.04148602568487955,
           "auto_unstuck_qty_pct": 0.09407883436271008,
           "auto_unstuck_wallet_exposure_threshold": 0.3174565360519066,
           "backwards_tp": true,
           "ddown_factor": 1.2138349613682367,
           "ema_span_0": 719.7919700385314,
           "ema_span_1": 980.2103437705368,
           "enabled": false,
           "initial_eprice_ema_dist": -0.029594708110864357,
           "initial_qty_pct": 0.04490121333722318,
           "markup_range": 0.04417145494606736,
           "min_markup": 0.004394305663171583,
           "n_close_orders": 13,
           "rentry_pprice_dist": 0.049622542293197215,
           "rentry_pprice_dist_wallet_exposure_weighting": 12.53197471360151,
           "wallet_exposure_limit": 1.0}}