{"config_name": "recursive_grid_30_symbols_473days",
 "logging_level": 0,
 "long": {"auto_unstuck_delay_minutes": 1847.491364803596,
          "auto_unstuck_ema_dist": 0.0,
          "auto_unstuck_qty_pct": 0.01,
          "auto_unstuck_wallet_exposure_threshold": 0.030372083351940773,
          "backwards_tp": true,
          "ddown_factor": 0.5483443727115734,
          "ema_span_0": 1440.0,
          "ema_span_1": 408.82092814063697,
          "enabled": true,
          "initial_eprice_ema_dist": 0.018036231125769308,
          "initial_qty_pct": 0.020073828594909724,
          "markup_range": 0.02,
          "min_markup": 0.010003219559573787,
          "n_close_orders": 9,
          "rentry_pprice_dist": 0.05297477881424731,
          "rentry_pprice_dist_wallet_exposure_weighting": 1.0147911514452064,
          "wallet_exposure_limit": 1.0},
 "short": {"auto_unstuck_delay_minutes": 0.0,
           "auto_unstuck_ema_dist": 0.0,
           "auto_unstuck_qty_pct": 0.0,
           "auto_unstuck_wallet_exposure_threshold": 0.0,
           "backwards_tp": true,
           "ddown_factor": 0.12242763450114776,
           "ema_span_0": 659.7506409251197,
           "ema_span_1": 1129.9870074311411,
           "enabled": false,
           "initial_eprice_ema_dist": -0.004796066536065504,
           "initial_qty_pct": 0.009597021069631603,
           "markup_range": 0.0011818235687368229,
           "min_markup": 0.0051347669320984165,
           "n_close_orders": 8,
           "rentry_pprice_dist": 0.010517738586184239,
           "rentry_pprice_dist_wallet_exposure_weighting": 4.161981869788454,
           "wallet_exposure_limit": 1.0}}