{"config_name": "recursive_grid_ONTUSDT_456days",
 "logging_level": 0,
 "long": {"auto_unstuck_delay_minutes": 2784.6222962061233,
          "auto_unstuck_ema_dist": -0.04789235180094968,
          "auto_unstuck_qty_pct": 0.01,
          "auto_unstuck_wallet_exposure_threshold": 0.033771331610623886,
          "backwards_tp": false,
          "ddown_factor": 2.0,
          "ema_span_0": 401.15214943779586,
          "ema_span_1": 400.0,
          "enabled": true,
          "initial_eprice_ema_dist": -0.1,
          "initial_qty_pct": 0.02,
          "markup_range": 0.036269537135271326,
          "min_markup": 0.008,
          "n_close_orders": 7,
          "rentry_pprice_dist": 0.03,
          "rentry_pprice_dist_wallet_exposure_weighting": 2.0,
          "wallet_exposure_limit": 1.0},
 "short": {"auto_unstuck_delay_minutes": 1367.1299742490792,
           "auto_unstuck_ema_dist": -0.0749241106426415,
           "auto_unstuck_qty_pct": 0.061179206711628645,
           "auto_unstuck_wallet_exposure_threshold": 0.865463157496898,
           "backwards_tp": true,
           "ddown_factor": 0.5682739690833514,
           "ema_span_0": 257.8194434803638,
           "ema_span_1": 413.129223308517,
           "enabled": false,
           "initial_eprice_ema_dist": -0.0853568252242654,
           "initial_qty_pct": 0.029094635944465444,
           "markup_range": 0.03478461867796965,
           "min_markup": 0.0032104846374869608,
           "n_close_orders": 16,
           "rentry_pprice_dist": 0.04189211015202365,
           "rentry_pprice_dist_wallet_exposure_weighting": 17.408120017494227,
           "wallet_exposure_limit": 1.0}}