{"config_name": "recursive_grid_STORJUSDT_1182days",
 "logging_level": 0,
 "long": {"auto_unstuck_delay_minutes": 944.9114458857619,
          "auto_unstuck_ema_dist": 0.0049518127279844695,
          "auto_unstuck_qty_pct": 0.036231022815325226,
          "auto_unstuck_wallet_exposure_threshold": 0.06120369871225819,
          "backwards_tp": false,
          "ddown_factor": 1.064804108409919,
          "ema_span_0": 368.55699184188217,
          "ema_span_1": 567.3540154877217,
          "enabled": true,
          "initial_eprice_ema_dist": 0.0052683147774214715,
          "initial_qty_pct": 0.001,
          "markup_range": 0.018399121195390822,
          "min_markup": 0.003002326358439177,
          "n_close_orders": 3,
          "rentry_pprice_dist": 0.00983262167943371,
          "rentry_pprice_dist_wallet_exposure_weighting": 2.3095809094398634,
          "wallet_exposure_limit": 1.0},
 "short": {"auto_unstuck_delay_minutes": 72.455602161153,
           "auto_unstuck_ema_dist": -0.013801479286666418,
           "auto_unstuck_qty_pct": 0.07468226201788276,
           "auto_unstuck_wallet_exposure_threshold": 0.5048538310138085,
           "backwards_tp": true,
           "ddown_factor": 2.969579155904912,
           "ema_span_0": 39.9862012942014,
           "ema_span_1": 132.5549316327063,
           "enabled": false,
           "initial_eprice_ema_dist": -0.04518644053266858,
           "initial_qty_pct": 0.03656803354250705,
           "markup_range": 0.035422743087321684,
           "min_markup": 0.0011840989995933505,
           "n_close_orders": 4,
           "rentry_pprice_dist": 0.04421191553887557,
           "rentry_pprice_dist_wallet_exposure_weighting": 0.918155778861518,
           "wallet_exposure_limit": 1.0}}