{
    "adg": 0.0018489463818704976,
    "adg_w": 0.002037643064127903,
    "calmar_ratio": 0.011940366005955428,
    "calmar_ratio_w": 0.013999298521054615,
    "drawdown_worst": 0.15484838412392965,
    "drawdown_worst_mean_1pct": 0.09524239855738478,
    "equity_balance_diff_neg_max": 0.1594800376082273,
    "equity_balance_diff_neg_mean": 0.0024770393174516478,
    "equity_balance_diff_pos_max": 0.03771873609510783,
    "equity_balance_diff_pos_mean": 0.0007313468142597214,
    "equity_choppiness": 1.632127580764361,
    "equity_choppiness_w": 1.939665512832537,
    "equity_jerkiness": 0.004456459329610019,
    "equity_jerkiness_w": 0.00615674683611038,
    "expected_shortfall_1pct": 0.07659377659969833,
    "exponential_fit_error": 0.007168606457901359,
    "exponential_fit_error_w": 0.0022254125879414615,
    "gain": 11.203081264477381,
    "loss_profit_ratio": 0.25955334634487987,
    "loss_profit_ratio_long": 0.25955334634487987,
    "loss_profit_ratio_short": 1.0,
    "loss_profit_ratio_w": 0.27509844082815127,
    "mdg": 0.0003661340549050669,
    "mdg_w": 0.00047455536287245917,
    "omega_ratio": 4.192318117437057,
    "omega_ratio_w": 3.7169249221588467,
    "pnl_ratio_long_short": 1.0,
    "position_held_hours_max": 277.6166666666667,
    "position_held_hours_mean": 5.154865372919777,
    "position_held_hours_median": 2.15,
    "position_unchanged_hours_max": 177.55,
    "positions_held_per_day": 4.609327217125382,
    "sharpe_ratio": 0.11841401089593942,
    "sharpe_ratio_w": 0.11705467215915832,
    "sortino_ratio": 0.12133565534688837,
    "sortino_ratio_w": 0.11877550028629669,
    "sterling_ratio": 0.019413059833394298,
    "sterling_ratio_w": 0.018302869927529157
}