{"config_name": "recursive_grid_DASHUSDT_1407days",
 "logging_level": 0,
 "long": {"auto_unstuck_delay_minutes": 7.46691348273388,
          "auto_unstuck_ema_dist": -0.00844497682050357,
          "auto_unstuck_qty_pct": 0.02002564902684462,
          "auto_unstuck_wallet_exposure_threshold": 0.06960806005388974,
          "backwards_tp": false,
          "ddown_factor": 1.8556942623130177,
          "ema_span_0": 818.880804259512,
          "ema_span_1": 1340.6285787031468,
          "enabled": true,
          "initial_eprice_ema_dist": 0.009987244724104437,
          "initial_qty_pct": 0.001,
          "markup_range": 0.005827373882835157,
          "min_markup": 0.0031289128593340082,
          "n_close_orders": 9,
          "rentry_pprice_dist": 0.009999386730766235,
          "rentry_pprice_dist_wallet_exposure_weighting": 1.8826374882293273,
          "wallet_exposure_limit": 1.0},
 "short": {"auto_unstuck_delay_minutes": 752.6778284810597,
           "auto_unstuck_ema_dist": -0.06796805848538068,
           "auto_unstuck_qty_pct": 0.055437005923532415,
           "auto_unstuck_wallet_exposure_threshold": 0.37970769219797307,
           "backwards_tp": true,
           "ddown_factor": 1.5829296423524872,
           "ema_span_0": 948.223463112895,
           "ema_span_1": 595.2477036775014,
           "enabled": false,
           "initial_eprice_ema_dist": -0.07521849079171772,
           "initial_qty_pct": 0.02702193896705484,
           "markup_range": 0.013060365598899814,
           "min_markup": 0.0020780093726072276,
           "n_close_orders": 9,
           "rentry_pprice_dist": 0.027251847122257308,
           "rentry_pprice_dist_wallet_exposure_weighting": 15.400051215735784,
           "wallet_exposure_limit": 1.0}}