{"config_name": "recursive_grid_33_symbols_486days",
 "logging_level": 0,
 "long": {"auto_unstuck_delay_minutes": 0,
          "auto_unstuck_ema_dist": -0.015997895579541017,
          "auto_unstuck_qty_pct": 0,
          "auto_unstuck_wallet_exposure_threshold": 0.027341617348655166,
          "backwards_tp": true,
          "ddown_factor": 1.265403908567247,
          "ema_span_0": 194.98429819643778,
          "ema_span_1": 12.164860940337917,
          "enabled": true,
          "initial_eprice_ema_dist": 0.008303024834049964,
          "initial_qty_pct": 0.01,
          "markup_range": 0.0017698007711052846,
          "min_markup": 0.004688527853614018,
          "n_close_orders": 10,
          "rentry_pprice_dist": 0.037070154636563095,
          "rentry_pprice_dist_wallet_exposure_weighting": 2.98871510708953,
          "wallet_exposure_limit": 1},
 "short": {"auto_unstuck_delay_minutes": 0.0,
           "auto_unstuck_ema_dist": -0.09225781164398464,
           "auto_unstuck_qty_pct": 0.0,
           "auto_unstuck_wallet_exposure_threshold": 0.020289041301939377,
           "backwards_tp": true,
           "ddown_factor": 2.6351061263954714,
           "ema_span_0": 212.37136184002907,
           "ema_span_1": 1399.174968778419,
           "enabled": false,
           "initial_eprice_ema_dist": -0.006485442743597425,
           "initial_qty_pct": 0.06431990191468186,
           "markup_range": 0.03614719767554773,
           "min_markup": 0.008976714193160946,
           "n_close_orders": 6,
           "rentry_pprice_dist": 0.03460184656659252,
           "rentry_pprice_dist_wallet_exposure_weighting": 0.3664020633533187,
           "wallet_exposure_limit": 1.0}}