{"config_name": "recursive_grid_23_symbols_1441days",
 "logging_level": 0,
 "long": {"auto_unstuck_delay_minutes": 43.66776966593766,
          "auto_unstuck_ema_dist": -0.006150644056645785,
          "auto_unstuck_qty_pct": 0.06263094305389635,
          "auto_unstuck_wallet_exposure_threshold": 0.06463235950608244,
          "backwards_tp": false,
          "ddown_factor": 1.0,
          "ema_span_0": 707.7387806738731,
          "ema_span_1": 82.11597401959285,
          "enabled": true,
          "initial_eprice_ema_dist": 0.01,
          "initial_qty_pct": 0.01,
          "markup_range": 0.010000081469691753,
          "min_markup": 0.0030008112131199847,
          "n_close_orders": 5,
          "rentry_pprice_dist": 0.024998163045311498,
          "rentry_pprice_dist_wallet_exposure_weighting": 2.0765161786959667,
          "wallet_exposure_limit": 1.0},
 "short": {"auto_unstuck_delay_minutes": 279.40740189355205,
           "auto_unstuck_ema_dist": -0.0965202748218909,
           "auto_unstuck_qty_pct": 0.01518251385903522,
           "auto_unstuck_wallet_exposure_threshold": 0.836977107694124,
           "backwards_tp": true,
           "ddown_factor": 0.263380652454717,
           "ema_span_0": 1183.1791548010717,
           "ema_span_1": 1418.3587497396422,
           "enabled": false,
           "initial_eprice_ema_dist": -0.06077081743532065,
           "initial_qty_pct": 0.02382277044997627,
           "markup_range": 0.041946945597869406,
           "min_markup": 0.005603825916976846,
           "n_close_orders": 2,
           "rentry_pprice_dist": 0.0051423166587571565,
           "rentry_pprice_dist_wallet_exposure_weighting": 14.740929668053738,
           "wallet_exposure_limit": 1.0}}