{"config_name": "recursive_grid_EOSUSDT_1434days",
 "logging_level": 0,
 "long": {"auto_unstuck_delay_minutes": 726.5514887511288,
          "auto_unstuck_ema_dist": -0.0032728567165358916,
          "auto_unstuck_qty_pct": 0.014977378532983199,
          "auto_unstuck_wallet_exposure_threshold": 0.0966627353122332,
          "backwards_tp": false,
          "ddown_factor": 1.002561353304959,
          "ema_span_0": 427.3556198183523,
          "ema_span_1": 375.4125030401814,
          "enabled": true,
          "initial_eprice_ema_dist": 0.006204306007760866,
          "initial_qty_pct": 0.001,
          "markup_range": 0.019900417140514517,
          "min_markup": 0.003,
          "n_close_orders": 3,
          "rentry_pprice_dist": 0.009999775958450358,
          "rentry_pprice_dist_wallet_exposure_weighting": 1.6145234434581037,
          "wallet_exposure_limit": 1.0},
 "short": {"auto_unstuck_delay_minutes": 822.2891037913893,
           "auto_unstuck_ema_dist": -0.05050793787575999,
           "auto_unstuck_qty_pct": 0.013239281782733004,
           "auto_unstuck_wallet_exposure_threshold": 0.5219723193281698,
           "backwards_tp": true,
           "ddown_factor": 1.067964707982431,
           "ema_span_0": 110.92667217722233,
           "ema_span_1": 7.535634589290119,
           "enabled": false,
           "initial_eprice_ema_dist": 0.0014140050142411736,
           "initial_qty_pct": 0.02950211649468395,
           "markup_range": 0.030594346814148306,
           "min_markup": 0.008945410337266459,
           "n_close_orders": 15,
           "rentry_pprice_dist": 0.009148399205232808,
           "rentry_pprice_dist_wallet_exposure_weighting": 16.880826883149247,
           "wallet_exposure_limit": 1.0}}