{
    "adg": 0.0030124191165745717,
    "adg_per_exposure_long": 0.0015997977252121996,
    "adg_per_exposure_short": 0.0030124191165745717,
    "adg_w": 0.0025271997942427626,
    "adg_w_per_exposure_long": 0.0013421135391623806,
    "adg_w_per_exposure_short": 0.0025271997942427626,
    "calmar_ratio": 0.008684681128795708,
    "calmar_ratio_w": 0.007607187289655569,
    "drawdown_worst": 0.3468658286815303,
    "drawdown_worst_mean_1pct": 0.21634510857644265,
    "equity_balance_diff_neg_max": 0.3237422172400042,
    "equity_balance_diff_neg_mean": 0.0008700845605625802,
    "equity_balance_diff_pos_max": 0.3122578040027349,
    "equity_balance_diff_pos_mean": 0.0008614264157041939,
    "equity_choppiness": 1.7063223043977496,
    "equity_choppiness_w": 1.5496792596628217,
    "equity_jerkiness": 0.007052155600572565,
    "equity_jerkiness_w": 0.00625145354318838,
    "expected_shortfall_1pct": 0.15462530733671523,
    "exponential_fit_error": 0.39993398077727016,
    "exponential_fit_error_w": 0.043587657202238256,
    "gain": 291.74790165506863,
    "gain_per_exposure_long": 154.93781288107735,
    "gain_per_exposure_short": 291.74790165506863,
    "loss_profit_ratio": 0.2531422284176487,
    "loss_profit_ratio_long": 0.2531422284176487,
    "loss_profit_ratio_short": 1.0,
    "loss_profit_ratio_w": 0.2102761435852339,
    "mdg": 0.0004918212067614911,
    "mdg_per_exposure_long": 0.0002611902319498094,
    "mdg_per_exposure_short": 0.0004918212067614911,
    "mdg_w": 0.0005129345954651825,
    "mdg_w_per_exposure_long": 0.00027240286535591213,
    "mdg_w_per_exposure_short": 0.0005129345954651825,
    "omega_ratio": 4.8780363342589155,
    "omega_ratio_w": 4.759039043316058,
    "pnl_ratio_long_short": 1.0,
    "position_held_hours_max": 246.46666666666667,
    "position_held_hours_mean": 8.91223999473407,
    "position_held_hours_median": 2.3,
    "position_unchanged_hours_max": 167.4,
    "positions_held_per_day": 2.68362480127186,
    "sharpe_ratio": 0.08122490996455012,
    "sharpe_ratio_w": 0.059195818964886196,
    "sortino_ratio": 0.10485043694673116,
    "sortino_ratio_w": 0.07559310260365146,
    "sterling_ratio": 0.013924137857316861,
    "sterling_ratio_w": 0.012118989831640638,
    "volume_pct_per_day_avg": 0.8124252140332341,
    "volume_pct_per_day_avg_w": 0.747061827374366
}