{
    "adg": 0.005250957639234999,
    "adg_w": 0.0028545358881747252,
    "calmar_ratio": 0.012817725078330558,
    "calmar_ratio_w": 0.011482159279423466,
    "drawdown_worst": 0.4096637747451913,
    "drawdown_worst_mean_1pct": 0.23929044657275017,
    "equity_balance_diff_neg_max": 0.4095949695184677,
    "equity_balance_diff_neg_mean": 0.004341816662775027,
    "equity_balance_diff_pos_max": 0.6101605190527414,
    "equity_balance_diff_pos_mean": 0.0021625027259007043,
    "equity_choppiness": 1.6911912770169373,
    "equity_choppiness_w": 1.77591027221367,
    "equity_jerkiness": 0.012400093275927178,
    "equity_jerkiness_w": 0.008291510460238388,
    "expected_shortfall_1pct": 0.1958845432774298,
    "exponential_fit_error": 0.6940479706814906,
    "exponential_fit_error_w": 0.0725918698038349,
    "gain": 4639.666304395105,
    "loss_profit_ratio": 0.03377657843728204,
    "loss_profit_ratio_long": 0.03377657843728204,
    "loss_profit_ratio_short": 1.0,
    "loss_profit_ratio_w": 0.013837675699447516,
    "mdg": 0.0009897958655360388,
    "mdg_w": 0.0006891554080364207,
    "omega_ratio": 5.86057492015299,
    "omega_ratio_w": 3.944021199758276,
    "pnl_ratio_long_short": 1.0,
    "position_held_hours_max": 447.95,
    "position_held_hours_mean": 11.550076452599388,
    "position_held_hours_median": 2.6083333333333334,
    "position_unchanged_hours_max": 185.76666666666668,
    "positions_held_per_day": 1.21712158808933,
    "sharpe_ratio": 0.08089774528839305,
    "sharpe_ratio_w": 0.0717155274362563,
    "sortino_ratio": 0.13156288541991476,
    "sortino_ratio_w": 0.09450038585514604,
    "sterling_ratio": 0.021943866604129468,
    "sterling_ratio_w": 0.015108041010517954
}