{"config_name": "recursive_grid_DUSKUSDT_815days",
 "logging_level": 0,
 "long": {"auto_unstuck_delay_minutes": 1906.3426510828372,
          "auto_unstuck_ema_dist": 0.0,
          "auto_unstuck_qty_pct": 0.01,
          "auto_unstuck_wallet_exposure_threshold": 0.047389174300979185,
          "backwards_tp": false,
          "ddown_factor": 0.8549130843844973,
          "ema_span_0": 1082.5632118106466,
          "ema_span_1": 977.9695430128199,
          "enabled": true,
          "initial_eprice_ema_dist": 0.009600012975362362,
          "initial_qty_pct": 0.030810686009521106,
          "markup_range": 0.04175903977436661,
          "min_markup": 0.0151462177454659,
          "n_close_orders": 6,
          "rentry_pprice_dist": 0.04381895707101166,
          "rentry_pprice_dist_wallet_exposure_weighting": 0.6220178699974029,
          "wallet_exposure_limit": 1.0},
 "short": {"auto_unstuck_delay_minutes": 0.0,
           "auto_unstuck_ema_dist": 0.0,
           "auto_unstuck_qty_pct": 0.0,
           "auto_unstuck_wallet_exposure_threshold": 0.0,
           "backwards_tp": true,
           "ddown_factor": 0.13290247255729096,
           "ema_span_0": 1054.465736376049,
           "ema_span_1": 400,
           "enabled": false,
           "initial_eprice_ema_dist": -0.0006380648353930152,
           "initial_qty_pct": 0.005,
           "markup_range": 0.003194756643122706,
           "min_markup": 0.0058261542808823235,
           "n_close_orders": 9,
           "rentry_pprice_dist": 0.044598752678549854,
           "rentry_pprice_dist_wallet_exposure_weighting": 3.244932887297897,
           "wallet_exposure_limit": 1.0}}