{"config_name": "recursive_grid_SXPUSDT_1239days",
 "logging_level": 0,
 "long": {"auto_unstuck_delay_minutes": 389.5429989401751,
          "auto_unstuck_ema_dist": 0.004211945256184741,
          "auto_unstuck_qty_pct": 0.06884896880564038,
          "auto_unstuck_wallet_exposure_threshold": 0.05901456681329839,
          "backwards_tp": false,
          "ddown_factor": 1.003186333359241,
          "ema_span_0": 834.4745030496362,
          "ema_span_1": 939.7718000283425,
          "enabled": true,
          "initial_eprice_ema_dist": 0.008064695310203302,
          "initial_qty_pct": 0.001,
          "markup_range": 0.005000741448583842,
          "min_markup": 0.004271240957840213,
          "n_close_orders": 4,
          "rentry_pprice_dist": 0.00948089274308461,
          "rentry_pprice_dist_wallet_exposure_weighting": 2.2784901742625827,
          "wallet_exposure_limit": 1.0},
 "short": {"auto_unstuck_delay_minutes": 835.0373125240437,
           "auto_unstuck_ema_dist": -0.08979181025173619,
           "auto_unstuck_qty_pct": 0.013550230295548298,
           "auto_unstuck_wallet_exposure_threshold": 0.547797762441672,
           "backwards_tp": true,
           "ddown_factor": 1.294060683716484,
           "ema_span_0": 831.3468568244081,
           "ema_span_1": 1064.2419706569924,
           "enabled": false,
           "initial_eprice_ema_dist": -0.007064487106495085,
           "initial_qty_pct": 0.03137180655495189,
           "markup_range": 0.024557676278564755,
           "min_markup": 0.006905825409728246,
           "n_close_orders": 5,
           "rentry_pprice_dist": 0.011701220166274852,
           "rentry_pprice_dist_wallet_exposure_weighting": 14.432617538338517,
           "wallet_exposure_limit": 1.0}}