{
    "adg": 0.006197889901880194,
    "adg_per_exposure_long": 0.0019490219817233313,
    "adg_per_exposure_short": 0.006197889901880194,
    "adg_w": 0.003333171649009503,
    "adg_w_per_exposure_long": 0.0010481671852231142,
    "adg_w_per_exposure_short": 0.003333171649009503,
    "calmar_ratio": 0.011847733776875457,
    "calmar_ratio_w": 0.009106382769624735,
    "drawdown_worst": 0.5231287281266656,
    "drawdown_worst_mean_1pct": 0.3326944083766476,
    "equity_balance_diff_neg_max": 0.5227513441663341,
    "equity_balance_diff_neg_mean": 0.004104476362214196,
    "equity_balance_diff_pos_max": 0.3631399550956769,
    "equity_balance_diff_pos_mean": 0.0018131759381839843,
    "equity_choppiness": 1.9572181288763806,
    "equity_choppiness_w": 2.2681056423007515,
    "equity_jerkiness": 0.015447625511465737,
    "equity_jerkiness_w": 0.012899054748334863,
    "expected_shortfall_1pct": 0.26779070858683435,
    "exponential_fit_error": 0.3943883327713839,
    "exponential_fit_error_w": 0.045375901634300594,
    "gain": 41508.32805048334,
    "gain_per_exposure_long": 13052.933349208597,
    "gain_per_exposure_short": 41508.32805048334,
    "loss_profit_ratio": 0.20843520555789866,
    "loss_profit_ratio_long": 0.20843520555789866,
    "loss_profit_ratio_short": 1.0,
    "loss_profit_ratio_w": 0.2146613171020683,
    "mdg": 0.0009229693492503465,
    "mdg_per_exposure_long": 0.00029024193372652405,
    "mdg_per_exposure_short": 0.0009229693492503465,
    "mdg_w": 0.0004747519739730006,
    "mdg_w_per_exposure_long": 0.00014929307357641527,
    "mdg_w_per_exposure_short": 0.0004747519739730006,
    "omega_ratio": 4.760539983784602,
    "omega_ratio_w": 2.9887200047130795,
    "pnl_ratio_long_short": 1.0,
    "position_held_hours_max": 274.5,
    "position_held_hours_mean": 2.197753888709272,
    "position_held_hours_median": 0.6,
    "position_unchanged_hours_max": 251.98333333333332,
    "positions_held_per_day": 10.783265543288785,
    "sharpe_ratio": 0.06785723148718546,
    "sharpe_ratio_w": 0.06003528807535009,
    "sortino_ratio": 0.11889209539769074,
    "sortino_ratio_w": 0.08881199465873905,
    "sterling_ratio": 0.018629378029291925,
    "sterling_ratio_w": 0.011283089024844175,
    "volume_pct_per_day_avg": 1.6082661777452156,
    "volume_pct_per_day_avg_w": 1.0384665169331329
}