{"config_name": "recursive_grid_XRPUSDT_1436days",
 "logging_level": 0,
 "long": {"auto_unstuck_delay_minutes": 1368.9621228269439,
          "auto_unstuck_ema_dist": -0.0006099050331765099,
          "auto_unstuck_qty_pct": 0.09984060679126044,
          "auto_unstuck_wallet_exposure_threshold": 0.0996071493128558,
          "backwards_tp": true,
          "ddown_factor": 1.8932927480218615,
          "ema_span_0": 181.42243170375068,
          "ema_span_1": 1028.8735865686788,
          "enabled": true,
          "initial_eprice_ema_dist": 0.01,
          "initial_qty_pct": 0.001,
          "markup_range": 0.005496717291161762,
          "min_markup": 0.009,
          "n_close_orders": 3,
          "rentry_pprice_dist": 0.01,
          "rentry_pprice_dist_wallet_exposure_weighting": 2.4992965518827863,
          "wallet_exposure_limit": 1.0},
 "short": {"auto_unstuck_delay_minutes": 197.8229795288242,
           "auto_unstuck_ema_dist": -0.08687787481758241,
           "auto_unstuck_qty_pct": 0.0905585907626096,
           "auto_unstuck_wallet_exposure_threshold": 0.8823476600940197,
           "backwards_tp": true,
           "ddown_factor": 1.7364436910779368,
           "ema_span_0": 1367.76227179756,
           "ema_span_1": 173.52153447614248,
           "enabled": false,
           "initial_eprice_ema_dist": -0.032719997577064924,
           "initial_qty_pct": 0.025068282450550452,
           "markup_range": 0.05296699748989592,
           "min_markup": 0.00902038986205965,
           "n_close_orders": 16,
           "rentry_pprice_dist": 0.04631230588005727,
           "rentry_pprice_dist_wallet_exposure_weighting": 18.35035879910327,
           "wallet_exposure_limit": 1.0}}