{"config_name": "recursive_grid_FILUSDT_1253days",
 "logging_level": 0,
 "long": {"auto_unstuck_delay_minutes": 0.0,
          "auto_unstuck_ema_dist": 0.0,
          "auto_unstuck_qty_pct": 0.0,
          "auto_unstuck_wallet_exposure_threshold": 0.0,
          "backwards_tp": false,
          "ddown_factor": 0.8147511799007258,
          "ema_span_0": 478.35189809281337,
          "ema_span_1": 400.0,
          "enabled": true,
          "initial_eprice_ema_dist": 0.009998480746555415,
          "initial_qty_pct": 0.05,
          "markup_range": 0.07977327229559206,
          "min_markup": 0.002176876297671589,
          "n_close_orders": 3,
          "rentry_pprice_dist": 0.07,
          "rentry_pprice_dist_wallet_exposure_weighting": 5.0,
          "wallet_exposure_limit": 1.0},
 "short": {"auto_unstuck_delay_minutes": 168.18321369222105,
           "auto_unstuck_ema_dist": 0.0023552188289046594,
           "auto_unstuck_qty_pct": 0.011046568624940432,
           "auto_unstuck_wallet_exposure_threshold": 0.15249746165678932,
           "backwards_tp": true,
           "ddown_factor": 2.6561878583270455,
           "ema_span_0": 346.04449184492324,
           "ema_span_1": 1112.77903615757,
           "enabled": false,
           "initial_eprice_ema_dist": -0.013480772759527151,
           "initial_qty_pct": 0.03350972351966165,
           "markup_range": 0.03966237904529205,
           "min_markup": 0.004804455174349914,
           "n_close_orders": 6,
           "rentry_pprice_dist": 0.022352948021715245,
           "rentry_pprice_dist_wallet_exposure_weighting": 17.955349909578917,
           "wallet_exposure_limit": 1.0}}