{
    "adg": 0.0021022817990885567,
    "adg_w": 0.0014821058001831754,
    "calmar_ratio": 0.01947021695807066,
    "calmar_ratio_w": 0.01630509449974174,
    "drawdown_worst": 0.10797423591200063,
    "drawdown_worst_mean_1pct": 0.06627024005489834,
    "equity_balance_diff_neg_max": 0.10976242004737886,
    "equity_balance_diff_neg_mean": 0.0012717826442323727,
    "equity_balance_diff_pos_max": 0.04665469399658081,
    "equity_balance_diff_pos_mean": 4.235830227512364e-05,
    "equity_choppiness": 1.527532692934168,
    "equity_choppiness_w": 1.7846488449534363,
    "equity_jerkiness": 0.003892576491102612,
    "equity_jerkiness_w": 0.0037880592702301172,
    "expected_shortfall_1pct": 0.05490351738984078,
    "exponential_fit_error": 0.07942079507021993,
    "exponential_fit_error_w": 0.008447258914615823,
    "gain": 46.28125997277711,
    "loss_profit_ratio": 0.06989783456663475,
    "loss_profit_ratio_long": 0.06989783456663475,
    "loss_profit_ratio_short": 1.0,
    "loss_profit_ratio_w": 0.07884517635888823,
    "mdg": 0.0007755381109744215,
    "mdg_w": 0.0006033955097788067,
    "omega_ratio": 7.077111211710219,
    "omega_ratio_w": 4.065122611870212,
    "pnl_ratio_long_short": 1.0,
    "position_held_hours_max": 439.3333333333333,
    "position_held_hours_mean": 4.7453310893450995,
    "position_held_hours_median": 0.75,
    "position_unchanged_hours_max": 351.73333333333335,
    "positions_held_per_day": 18.05969331872946,
    "sharpe_ratio": 0.1447932075957967,
    "sharpe_ratio_w": 0.11256243792948614,
    "sortino_ratio": 0.1680729583135035,
    "sortino_ratio_w": 0.11128592864573887,
    "sterling_ratio": 0.03172286379749076,
    "sterling_ratio_w": 0.020702200630880983
}