{"config_name": "recursive_grid_HNTUSDT_1170days",
 "logging_level": 0,
 "long": {"auto_unstuck_delay_minutes": 1432.465597548376,
          "auto_unstuck_ema_dist": -0.009998625076163536,
          "auto_unstuck_qty_pct": 0.09006123348905305,
          "auto_unstuck_wallet_exposure_threshold": 0.0762821049544475,
          "backwards_tp": false,
          "ddown_factor": 1.0,
          "ema_span_0": 73.24181595475507,
          "ema_span_1": 1375.0263155439004,
          "enabled": true,
          "initial_eprice_ema_dist": 0.009995166147534422,
          "initial_qty_pct": 0.001,
          "markup_range": 0.005000477340584175,
          "min_markup": 0.003,
          "n_close_orders": 5,
          "rentry_pprice_dist": 0.00973439435802609,
          "rentry_pprice_dist_wallet_exposure_weighting": 1.4553012055106496,
          "wallet_exposure_limit": 1.0},
 "short": {"auto_unstuck_delay_minutes": 219.91397697327372,
           "auto_unstuck_ema_dist": -0.04133518731373803,
           "auto_unstuck_qty_pct": 0.08852056008504731,
           "auto_unstuck_wallet_exposure_threshold": 0.3214389188168236,
           "backwards_tp": true,
           "ddown_factor": 2.8311992314310976,
           "ema_span_0": 869.5677434065475,
           "ema_span_1": 1077.1737036772581,
           "enabled": false,
           "initial_eprice_ema_dist": -0.07903164281073975,
           "initial_qty_pct": 0.02831249142513808,
           "markup_range": 0.030193246755588647,
           "min_markup": 0.0068887207483854206,
           "n_close_orders": 2,
           "rentry_pprice_dist": 0.026667213916156986,
           "rentry_pprice_dist_wallet_exposure_weighting": 12.902523705263969,
           "wallet_exposure_limit": 1.0}}