{"config_name": "recursive_grid_CTKUSDT_1118days",
 "logging_level": 0,
 "long": {"auto_unstuck_delay_minutes": 1332.994958797402,
          "auto_unstuck_ema_dist": -0.00921816130749991,
          "auto_unstuck_qty_pct": 0.03561402917951362,
          "auto_unstuck_wallet_exposure_threshold": 0.09852343519476747,
          "backwards_tp": false,
          "ddown_factor": 1.0119073381448385,
          "ema_span_0": 566.7920712741893,
          "ema_span_1": 1383.8192368837879,
          "enabled": true,
          "initial_eprice_ema_dist": -0.008404214886333498,
          "initial_qty_pct": 0.001,
          "markup_range": 0.012509305754099021,
          "min_markup": 0.004036616582710581,
          "n_close_orders": 3,
          "rentry_pprice_dist": 0.01,
          "rentry_pprice_dist_wallet_exposure_weighting": 1.6549646844022217,
          "wallet_exposure_limit": 1.0},
 "short": {"auto_unstuck_delay_minutes": 703.800210464885,
           "auto_unstuck_ema_dist": -0.06066839824269146,
           "auto_unstuck_qty_pct": 0.08445963803284914,
           "auto_unstuck_wallet_exposure_threshold": 0.40865843466839447,
           "backwards_tp": true,
           "ddown_factor": 2.314062885942678,
           "ema_span_0": 310.4657010702927,
           "ema_span_1": 1120.6949871809297,
           "enabled": false,
           "initial_eprice_ema_dist": -0.045603908252414345,
           "initial_qty_pct": 0.04002860105437804,
           "markup_range": 0.02937042949504452,
           "min_markup": 0.003723223234330146,
           "n_close_orders": 4,
           "rentry_pprice_dist": 0.025008704790866015,
           "rentry_pprice_dist_wallet_exposure_weighting": 0.5065923063823496,
           "wallet_exposure_limit": 1.0}}