{"config_name": "recursive_grid_DOGEUSDT_1250days",
 "logging_level": 0,
 "long": {"auto_unstuck_delay_minutes": 1388.6470159579117,
          "auto_unstuck_ema_dist": -0.09080995234421319,
          "auto_unstuck_qty_pct": 0.06950571595217811,
          "auto_unstuck_wallet_exposure_threshold": 0.07859185233138195,
          "backwards_tp": false,
          "ddown_factor": 1.5723142977746496,
          "ema_span_0": 5.0,
          "ema_span_1": 5.0,
          "enabled": true,
          "initial_eprice_ema_dist": -0.08907871615391315,
          "initial_qty_pct": 0.001,
          "markup_range": 0.027754568450446437,
          "min_markup": 0.0011594409538888835,
          "n_close_orders": 16,
          "rentry_pprice_dist": 0.009812867583073202,
          "rentry_pprice_dist_wallet_exposure_weighting": 2.5938578442189417,
          "wallet_exposure_limit": 1.0},
 "short": {"auto_unstuck_delay_minutes": 1422.0696948651564,
           "auto_unstuck_ema_dist": -0.007641370971380568,
           "auto_unstuck_qty_pct": 0.09021770774898769,
           "auto_unstuck_wallet_exposure_threshold": 0.8858071772232095,
           "backwards_tp": true,
           "ddown_factor": 1.9518309752903593,
           "ema_span_0": 759.3326918187682,
           "ema_span_1": 1149.79336108603,
           "enabled": false,
           "initial_eprice_ema_dist": -0.042289029492290936,
           "initial_qty_pct": 0.048621017818879744,
           "markup_range": 0.029728026481819478,
           "min_markup": 0.004701634075330343,
           "n_close_orders": 15,
           "rentry_pprice_dist": 0.028004849749178187,
           "rentry_pprice_dist_wallet_exposure_weighting": 18.67040649143775,
           "wallet_exposure_limit": 1.0}}