{
    "adg": 0.0033291627956781866,
    "adg_w": 0.005878161931624981,
    "calmar_ratio": 0.014741140911597873,
    "calmar_ratio_w": 0.0273752560551283,
    "drawdown_worst": 0.22584159636238904,
    "drawdown_worst_mean_1pct": 0.11422539875192875,
    "equity_balance_diff_neg_max": 0.24445410010958718,
    "equity_balance_diff_neg_mean": 0.00163663633825105,
    "equity_balance_diff_pos_max": 0.2369064449364296,
    "equity_balance_diff_pos_mean": 0.011357003750089523,
    "equity_choppiness": 1.479867921271119,
    "equity_choppiness_w": 1.4841400533085973,
    "equity_jerkiness": 0.0069901323477021314,
    "equity_jerkiness_w": 0.013387741224455454,
    "expected_shortfall_1pct": 0.0995776645520059,
    "exponential_fit_error": 0.14008830982931142,
    "exponential_fit_error_w": 0.04205715079593633,
    "gain": 312.07343185736505,
    "loss_profit_ratio": 0.004027741994451224,
    "loss_profit_ratio_long": 0.004027741994451224,
    "loss_profit_ratio_short": 1.0,
    "loss_profit_ratio_w": 0.004709948703907752,
    "mdg": 0.00037838996225096687,
    "mdg_w": 0.0014231822093121317,
    "omega_ratio": 7.6242087735954955,
    "omega_ratio_w": 5.9318833883961,
    "pnl_ratio_long_short": 1.0,
    "position_held_hours_max": 420.8666666666667,
    "position_held_hours_mean": 2.669433254702716,
    "position_held_hours_median": 0.15,
    "position_unchanged_hours_max": 328.2,
    "positions_held_per_day": 15.946180555555555,
    "sharpe_ratio": 0.10684760643919795,
    "sharpe_ratio_w": 0.1467114557772376,
    "sortino_ratio": 0.16892666033922535,
    "sortino_ratio_w": 0.19913615161727394,
    "sterling_ratio": 0.029145556347834348,
    "sterling_ratio_w": 0.03542817132429909
}