{"config_name": "recursive_grid_CVCUSDT_1126days",
 "logging_level": 0,
 "long": {"auto_unstuck_delay_minutes": 1439.700224608205,
          "auto_unstuck_ema_dist": -0.009709957695894618,
          "auto_unstuck_qty_pct": 0.09999526150402288,
          "auto_unstuck_wallet_exposure_threshold": 0.1,
          "backwards_tp": false,
          "ddown_factor": 1.0873770654004913,
          "ema_span_0": 892.1446619577677,
          "ema_span_1": 80.8530354986361,
          "enabled": true,
          "initial_eprice_ema_dist": 0.009858696007096312,
          "initial_qty_pct": 0.001,
          "markup_range": 0.0057784362743697505,
          "min_markup": 0.003016368572140793,
          "n_close_orders": 3,
          "rentry_pprice_dist": 0.01,
          "rentry_pprice_dist_wallet_exposure_weighting": 2.4728918154734814,
          "wallet_exposure_limit": 1.0},
 "short": {"auto_unstuck_delay_minutes": 731.1462395105779,
           "auto_unstuck_ema_dist": 0.0016663043271249733,
           "auto_unstuck_qty_pct": 0.03779898588112169,
           "auto_unstuck_wallet_exposure_threshold": 0.8494465304859234,
           "backwards_tp": true,
           "ddown_factor": 1.703686458267935,
           "ema_span_0": 54.68836077116824,
           "ema_span_1": 948.9179402779522,
           "enabled": false,
           "initial_eprice_ema_dist": -0.08567553967608495,
           "initial_qty_pct": 0.045204417808566696,
           "markup_range": 0.018220740936772034,
           "min_markup": 0.006610789183414572,
           "n_close_orders": 8,
           "rentry_pprice_dist": 0.02759370886536004,
           "rentry_pprice_dist_wallet_exposure_weighting": 2.251452604496411,
           "wallet_exposure_limit": 1.0}}