{"config_name": "recursive_grid_ENJUSDT_1169days",
 "logging_level": 0,
 "long": {"auto_unstuck_delay_minutes": 576.212039770462,
          "auto_unstuck_ema_dist": -0.009142493413705833,
          "auto_unstuck_qty_pct": 0.07220505534936282,
          "auto_unstuck_wallet_exposure_threshold": 0.08609761142992807,
          "backwards_tp": false,
          "ddown_factor": 1.0005470315076366,
          "ema_span_0": 216.79988088146084,
          "ema_span_1": 190.24072964612392,
          "enabled": true,
          "initial_eprice_ema_dist": 0.007951746859373275,
          "initial_qty_pct": 0.001,
          "markup_range": 0.019457911123037564,
          "min_markup": 0.003034869594550659,
          "n_close_orders": 3,
          "rentry_pprice_dist": 0.009831842485520154,
          "rentry_pprice_dist_wallet_exposure_weighting": 2.0588073941653473,
          "wallet_exposure_limit": 1.0},
 "short": {"auto_unstuck_delay_minutes": 484.0319528582727,
           "auto_unstuck_ema_dist": -0.06959546714586307,
           "auto_unstuck_qty_pct": 0.07990958032220327,
           "auto_unstuck_wallet_exposure_threshold": 0.19370175584553034,
           "backwards_tp": true,
           "ddown_factor": 1.8414288129500396,
           "ema_span_0": 116.61227260576602,
           "ema_span_1": 733.62413972084,
           "enabled": false,
           "initial_eprice_ema_dist": -0.041914807444914486,
           "initial_qty_pct": 0.03605900417379849,
           "markup_range": 0.0008646696836882217,
           "min_markup": 0.001470357381592614,
           "n_close_orders": 4,
           "rentry_pprice_dist": 0.016824850068436443,
           "rentry_pprice_dist_wallet_exposure_weighting": 4.0020952616808465,
           "wallet_exposure_limit": 1.0}}