{
    "adg": 0.0035506552593362883,
    "adg_w": 0.003947984822205153,
    "calmar_ratio": 0.014628946462987054,
    "calmar_ratio_w": 0.022122852053293795,
    "drawdown_worst": 0.24271435187215032,
    "drawdown_worst_mean_1pct": 0.15942005261736855,
    "equity_balance_diff_neg_max": 0.2971534930306542,
    "equity_balance_diff_neg_mean": 0.002251927982471282,
    "equity_balance_diff_pos_max": 0.1964528811333886,
    "equity_balance_diff_pos_mean": 0.012014242616528325,
    "equity_choppiness": 1.7732364266343392,
    "equity_choppiness_w": 1.89713729599961,
    "equity_jerkiness": 0.00856109619928048,
    "equity_jerkiness_w": 0.010294371672247534,
    "expected_shortfall_1pct": 0.13898941006798038,
    "exponential_fit_error": 0.03299974447776199,
    "exponential_fit_error_w": 0.007882923369607477,
    "gain": 103.1342426593524,
    "loss_profit_ratio": 0.04312903205209667,
    "loss_profit_ratio_long": 0.04312903205209667,
    "loss_profit_ratio_short": 1.0,
    "loss_profit_ratio_w": 0.060795961920866816,
    "mdg": 0.0014293437796446726,
    "mdg_w": 0.0018284026877765504,
    "omega_ratio": 4.219909464373839,
    "omega_ratio_w": 3.615046208468697,
    "pnl_ratio_long_short": 1.0,
    "position_held_hours_max": 487.0833333333333,
    "position_held_hours_mean": 2.948158174610848,
    "position_held_hours_median": 0.26666666666666666,
    "position_unchanged_hours_max": 306.71666666666664,
    "positions_held_per_day": 7.907492354740061,
    "sharpe_ratio": 0.10636358759009741,
    "sharpe_ratio_w": 0.11581355449540467,
    "sortino_ratio": 0.11878197685698573,
    "sortino_ratio_w": 0.12961428865400637,
    "sterling_ratio": 0.022272325225349037,
    "sterling_ratio_w": 0.024587972837896023
}