{"config_name": "recursive_grid_KNCUSDT_1268days",
 "logging_level": 0,
 "long": {"auto_unstuck_delay_minutes": 1440,
          "auto_unstuck_ema_dist": 0.004631410854465738,
          "auto_unstuck_qty_pct": 0.01,
          "auto_unstuck_wallet_exposure_threshold": 0.07078639443131172,
          "backwards_tp": false,
          "ddown_factor": 1.2720624391408657,
          "ema_span_0": 324.3681034334114,
          "ema_span_1": 1134.42218203705,
          "enabled": true,
          "initial_eprice_ema_dist": -0.1,
          "initial_qty_pct": 0.001,
          "markup_range": 0.019985259647670086,
          "min_markup": 0.005012925093520078,
          "n_close_orders": 3,
          "rentry_pprice_dist": 0.007903046735417198,
          "rentry_pprice_dist_wallet_exposure_weighting": 1.951680666233832,
          "wallet_exposure_limit": 1.0},
 "short": {"auto_unstuck_delay_minutes": 842.3003768750203,
           "auto_unstuck_ema_dist": 0.0022773307541234244,
           "auto_unstuck_qty_pct": 0.038977298690637534,
           "auto_unstuck_wallet_exposure_threshold": 0.7330348565877576,
           "backwards_tp": true,
           "ddown_factor": 2.786950357963546,
           "ema_span_0": 1229.005089100154,
           "ema_span_1": 66.69946877726034,
           "enabled": false,
           "initial_eprice_ema_dist": -0.005366432794217599,
           "initial_qty_pct": 0.040139236888593575,
           "markup_range": 0.007463933926845509,
           "min_markup": 0.0043454017424172445,
           "n_close_orders": 4,
           "rentry_pprice_dist": 0.04753815573676497,
           "rentry_pprice_dist_wallet_exposure_weighting": 3.708968160795627,
           "wallet_exposure_limit": 1.0}}