{"config_name": "recursive_grid_ZRXUSDT_1266days",
 "logging_level": 0,
 "long": {"auto_unstuck_delay_minutes": 363.13052247052525,
          "auto_unstuck_ema_dist": -0.0009843663099993207,
          "auto_unstuck_qty_pct": 0.09879639577965679,
          "auto_unstuck_wallet_exposure_threshold": 0.05,
          "backwards_tp": false,
          "ddown_factor": 1.589143638376005,
          "ema_span_0": 517.1185745997198,
          "ema_span_1": 1116.9198236054817,
          "enabled": true,
          "initial_eprice_ema_dist": 0.009999568337546125,
          "initial_qty_pct": 0.001,
          "markup_range": 0.010920597835620495,
          "min_markup": 0.0030085108615663983,
          "n_close_orders": 3,
          "rentry_pprice_dist": 0.01,
          "rentry_pprice_dist_wallet_exposure_weighting": 1.6793036899893918,
          "wallet_exposure_limit": 1.0},
 "short": {"auto_unstuck_delay_minutes": 481.3305095073608,
           "auto_unstuck_ema_dist": -0.055466621145328895,
           "auto_unstuck_qty_pct": 0.03815851443623528,
           "auto_unstuck_wallet_exposure_threshold": 0.7091185216373641,
           "backwards_tp": true,
           "ddown_factor": 1.3157106368230949,
           "ema_span_0": 646.0620366717859,
           "ema_span_1": 121.7123629305828,
           "enabled": false,
           "initial_eprice_ema_dist": -0.05026468796370871,
           "initial_qty_pct": 0.022491425003978167,
           "markup_range": 0.056449927058706675,
           "min_markup": 0.009179687707408315,
           "n_close_orders": 11,
           "rentry_pprice_dist": 0.006945204388689801,
           "rentry_pprice_dist_wallet_exposure_weighting": 14.517311053642263,
           "wallet_exposure_limit": 1.0}}