{
    "adg": 0.06238792346713695,
    "adg_per_exposure_long": 0.008326160879105425,
    "adg_per_exposure_short": 0.06238792346713695,
    "adg_w": 0.034912511084141194,
    "adg_w_per_exposure_long": 0.004659350204743252,
    "adg_w_per_exposure_short": 0.034912511084141194,
    "calmar_ratio": 0.2566587233145683,
    "calmar_ratio_w": 0.2014895874775529,
    "drawdown_worst": 0.24307735447850928,
    "drawdown_worst_mean_1pct": 0.24307735447850928,
    "equity_balance_diff_neg_max": 0.34173565422374536,
    "equity_balance_diff_neg_mean": 0.007150275914318576,
    "equity_balance_diff_pos_max": 0.29959552285044494,
    "equity_balance_diff_pos_mean": 0.003935989109720001,
    "equity_choppiness": 1.259107867864359,
    "equity_choppiness_w": 1.1789580825232624,
    "equity_jerkiness": 0.0716511369545004,
    "equity_jerkiness_w": 0.04231395745863031,
    "expected_shortfall_1pct": 0.21681620346326297,
    "exponential_fit_error": 0.3965713748487811,
    "exponential_fit_error_w": 0.0422381944084164,
    "gain": 47686.5934367106,
    "gain_per_exposure_long": 6364.15233373957,
    "gain_per_exposure_short": 47686.5934367106,
    "loss_profit_ratio": 0.2725172266912248,
    "loss_profit_ratio_long": 0.2725172266912248,
    "loss_profit_ratio_short": 1.0,
    "loss_profit_ratio_w": 0.2858553050134553,
    "mdg": 0.04345022588407572,
    "mdg_per_exposure_long": 0.005798775641809117,
    "mdg_per_exposure_short": 0.04345022588407572,
    "mdg_w": 0.028005278426063974,
    "mdg_w_per_exposure_long": 0.003737525480590414,
    "mdg_w_per_exposure_short": 0.028005278426063974,
    "omega_ratio": 15.916629261425683,
    "omega_ratio_w": 13.844478047481212,
    "pnl_ratio_long_short": 1.0,
    "position_held_hours_max": 67.25,
    "position_held_hours_mean": 4.642386156648452,
    "position_held_hours_median": 2.35,
    "position_unchanged_hours_max": 39.21666666666667,
    "positions_held_per_day": 5.140449438202247,
    "sharpe_ratio": 0.4671515066317087,
    "sharpe_ratio_w": 0.37431809077939404,
    "sortino_ratio": 0.8059723091676523,
    "sortino_ratio_w": 0.4444249301334896,
    "sterling_ratio": 0.2566587233145683,
    "sterling_ratio_w": 0.2014895874775529,
    "volume_pct_per_day_avg": 14.111174052124664,
    "volume_pct_per_day_avg_w": 10.009841103072915
}