{"config_name": "recursive_grid_FTMUSDT_1174days",
 "logging_level": 0,
 "long": {"auto_unstuck_delay_minutes": 215.76772390756213,
          "auto_unstuck_ema_dist": 0.0005750682622588317,
          "auto_unstuck_qty_pct": 0.057720489322118367,
          "auto_unstuck_wallet_exposure_threshold": 0.09338807752104439,
          "backwards_tp": false,
          "ddown_factor": 1.9995454171254738,
          "ema_span_0": 788.1574793526389,
          "ema_span_1": 1250.2402242853134,
          "enabled": true,
          "initial_eprice_ema_dist": 0.009999854824496805,
          "initial_qty_pct": 0.001,
          "markup_range": 0.005019735030311606,
          "min_markup": 0.003018703546936573,
          "n_close_orders": 7,
          "rentry_pprice_dist": 0.009569450422080718,
          "rentry_pprice_dist_wallet_exposure_weighting": 1.1563632714954135,
          "wallet_exposure_limit": 1.0},
 "short": {"auto_unstuck_delay_minutes": 1400.6412867943604,
           "auto_unstuck_ema_dist": -0.09750616813987444,
           "auto_unstuck_qty_pct": 0.03575756294624339,
           "auto_unstuck_wallet_exposure_threshold": 0.6144278949864088,
           "backwards_tp": true,
           "ddown_factor": 0.7962769470471689,
           "ema_span_0": 356.4784051762061,
           "ema_span_1": 881.3894003172857,
           "enabled": false,
           "initial_eprice_ema_dist": -0.06781162650417771,
           "initial_qty_pct": 0.03663433378051155,
           "markup_range": 0.027440047452011576,
           "min_markup": 0.0024433712825516502,
           "n_close_orders": 13,
           "rentry_pprice_dist": 0.04406374494952362,
           "rentry_pprice_dist_wallet_exposure_weighting": 16.20237126690175,
           "wallet_exposure_limit": 1.0}}