{"config_name": "recursive_grid_EGLDUSDT_1285days",
 "logging_level": 0,
 "long": {"auto_unstuck_delay_minutes": 1435.1245030157759,
          "auto_unstuck_ema_dist": -0.03959834745201286,
          "auto_unstuck_qty_pct": 0.01,
          "auto_unstuck_wallet_exposure_threshold": 0.03,
          "backwards_tp": false,
          "ddown_factor": 0.809825986404551,
          "ema_span_0": 975.4829551685706,
          "ema_span_1": 1331.3072129764225,
          "enabled": true,
          "initial_eprice_ema_dist": 0.004444445168459451,
          "initial_qty_pct": 0.05,
          "markup_range": 0.07559828120070151,
          "min_markup": 0.008174643449064283,
          "n_close_orders": 7,
          "rentry_pprice_dist": 0.03970219074536715,
          "rentry_pprice_dist_wallet_exposure_weighting": 0.5000675002853252,
          "wallet_exposure_limit": 1.0},
 "short": {"auto_unstuck_delay_minutes": 555.5231393271528,
           "auto_unstuck_ema_dist": -0.08319319798789077,
           "auto_unstuck_qty_pct": 0.05256421605016791,
           "auto_unstuck_wallet_exposure_threshold": 0.21318928849787194,
           "backwards_tp": true,
           "ddown_factor": 0.8068647588893791,
           "ema_span_0": 638.9278859512616,
           "ema_span_1": 463.59411246823527,
           "enabled": false,
           "initial_eprice_ema_dist": -0.011280235286282442,
           "initial_qty_pct": 0.03812727743742749,
           "markup_range": 0.019212174107762364,
           "min_markup": 0.00767250531568081,
           "n_close_orders": 9,
           "rentry_pprice_dist": 0.028080418495696195,
           "rentry_pprice_dist_wallet_exposure_weighting": 12.152500447009334,
           "wallet_exposure_limit": 1.0}}