{"config_name": "recursive_grid_XRPUSDT_1436days",
 "logging_level": 0,
 "long": {"auto_unstuck_delay_minutes": 573.0833273717155,
          "auto_unstuck_ema_dist": 0.002034292144777659,
          "auto_unstuck_qty_pct": 0.08135581538063641,
          "auto_unstuck_wallet_exposure_threshold": 0.05574698566349487,
          "backwards_tp": false,
          "ddown_factor": 1.8304638508308277,
          "ema_span_0": 76.71484857360306,
          "ema_span_1": 80.85303550713077,
          "enabled": true,
          "initial_eprice_ema_dist": 0.01,
          "initial_qty_pct": 0.001,
          "markup_range": 0.01854442952194714,
          "min_markup": 0.007024132164790348,
          "n_close_orders": 3,
          "rentry_pprice_dist": 0.007848533379651135,
          "rentry_pprice_dist_wallet_exposure_weighting": 2.499712326015757,
          "wallet_exposure_limit": 1.0},
 "short": {"auto_unstuck_delay_minutes": 862.7141032046372,
           "auto_unstuck_ema_dist": -0.07494461045091591,
           "auto_unstuck_qty_pct": 0.053980058434153114,
           "auto_unstuck_wallet_exposure_threshold": 0.6391452736070327,
           "backwards_tp": true,
           "ddown_factor": 1.4307647498050815,
           "ema_span_0": 1105.5404330434114,
           "ema_span_1": 53.01506303125544,
           "enabled": false,
           "initial_eprice_ema_dist": -0.014108600924150436,
           "initial_qty_pct": 0.034955507479896133,
           "markup_range": 0.014854407033419679,
           "min_markup": 0.001115820338821772,
           "n_close_orders": 4,
           "rentry_pprice_dist": 0.017279012788901916,
           "rentry_pprice_dist_wallet_exposure_weighting": 0.5582719556195226,
           "wallet_exposure_limit": 1.0}}