{"config_name": "recursive_grid_DOTUSDT_1308days",
 "logging_level": 0,
 "long": {"auto_unstuck_delay_minutes": 0.0,
          "auto_unstuck_ema_dist": 0.0,
          "auto_unstuck_qty_pct": 0.0,
          "auto_unstuck_wallet_exposure_threshold": 0.0,
          "backwards_tp": false,
          "ddown_factor": 1.9837713730501612,
          "ema_span_0": 400.0,
          "ema_span_1": 1234.9588241921713,
          "enabled": true,
          "initial_eprice_ema_dist": 0.01,
          "initial_qty_pct": 0.05,
          "markup_range": 0.07999648770805193,
          "min_markup": 0.0030826999713652716,
          "n_close_orders": 3,
          "rentry_pprice_dist": 0.04757603787879522,
          "rentry_pprice_dist_wallet_exposure_weighting": 0.5107142673974602,
          "wallet_exposure_limit": 1.0},
 "short": {"auto_unstuck_delay_minutes": 1440,
           "auto_unstuck_ema_dist": -0.005668335649141776,
           "auto_unstuck_qty_pct": 0.02090407585831356,
           "auto_unstuck_wallet_exposure_threshold": 0.10190909627082587,
           "backwards_tp": true,
           "ddown_factor": 0.429887464931178,
           "ema_span_0": 5,
           "ema_span_1": 338.5382429708378,
           "enabled": false,
           "initial_eprice_ema_dist": -0.04885177860896728,
           "initial_qty_pct": 0.03240206273644189,
           "markup_range": 0.05848617813865646,
           "min_markup": 0.003362412412056771,
           "n_close_orders": 10,
           "rentry_pprice_dist": 0.035089513315181106,
           "rentry_pprice_dist_wallet_exposure_weighting": 0.0,
           "wallet_exposure_limit": 1.0}}