{"config_name": "recursive_grid_ZRXUSDT_456days",
 "logging_level": 0,
 "long": {"auto_unstuck_delay_minutes": 2797.1513694108303,
          "auto_unstuck_ema_dist": -0.03247286668062937,
          "auto_unstuck_qty_pct": 0.01,
          "auto_unstuck_wallet_exposure_threshold": 0.05999920638560102,
          "backwards_tp": false,
          "ddown_factor": 2.0000075912013697,
          "ema_span_0": 700.0,
          "ema_span_1": 400,
          "enabled": true,
          "initial_eprice_ema_dist": -0.1,
          "initial_qty_pct": 0.02,
          "markup_range": 0.04911467493926849,
          "min_markup": 0.0030053597087109332,
          "n_close_orders": 8,
          "rentry_pprice_dist": 0.02907800246981105,
          "rentry_pprice_dist_wallet_exposure_weighting": 2.495519437292418,
          "wallet_exposure_limit": 1.0},
 "short": {"auto_unstuck_delay_minutes": 405.03159291866683,
           "auto_unstuck_ema_dist": -0.05068674015396922,
           "auto_unstuck_qty_pct": 0.0827606992740586,
           "auto_unstuck_wallet_exposure_threshold": 0.11451719844331497,
           "backwards_tp": true,
           "ddown_factor": 2.9512551595739254,
           "ema_span_0": 1369.8464949218055,
           "ema_span_1": 1128.446552686627,
           "enabled": false,
           "initial_eprice_ema_dist": -0.0871177601573497,
           "initial_qty_pct": 0.021714969890658322,
           "markup_range": 0.042992470616307274,
           "min_markup": 0.002963117119343391,
           "n_close_orders": 6,
           "rentry_pprice_dist": 0.03926937922992886,
           "rentry_pprice_dist_wallet_exposure_weighting": 18.256368884596665,
           "wallet_exposure_limit": 1.0}}