{"config_name": "recursive_grid_33_symbols_486days",
 "logging_level": 0,
 "long": {"auto_unstuck_delay_minutes": 0,
          "auto_unstuck_ema_dist": 0.001825990247118895,
          "auto_unstuck_qty_pct": 0,
          "auto_unstuck_wallet_exposure_threshold": 0.016458529988285796,
          "backwards_tp": true,
          "ddown_factor": 1.7098176217006262,
          "ema_span_0": 1383.0494041458683,
          "ema_span_1": 1386.118830001985,
          "enabled": true,
          "initial_eprice_ema_dist": 0.01,
          "initial_qty_pct": 0.01,
          "markup_range": 0.0059629906205596285,
          "min_markup": 0.005819179767904139,
          "n_close_orders": 6,
          "rentry_pprice_dist": 0.03721279375389538,
          "rentry_pprice_dist_wallet_exposure_weighting": 4.677756543304109,
          "wallet_exposure_limit": 1.0},
 "short": {"auto_unstuck_delay_minutes": 0.0,
           "auto_unstuck_ema_dist": -0.06754382016830723,
           "auto_unstuck_qty_pct": 0.0,
           "auto_unstuck_wallet_exposure_threshold": 0.05344509232382272,
           "backwards_tp": true,
           "ddown_factor": 1.745509567448267,
           "ema_span_0": 1081.0504071152511,
           "ema_span_1": 491.47128366794254,
           "enabled": false,
           "initial_eprice_ema_dist": -0.008232031805506338,
           "initial_qty_pct": 0.05615348950745334,
           "markup_range": 0.05838039401061089,
           "min_markup": 0.005023314339933176,
           "n_close_orders": 7,
           "rentry_pprice_dist": 0.012857646215528835,
           "rentry_pprice_dist_wallet_exposure_weighting": 3.276638579778171,
           "wallet_exposure_limit": 1.0}}