{"config_name": "recursive_grid_BATUSDT_1398days",
 "logging_level": 0,
 "long": {"auto_unstuck_delay_minutes": 1.0085847440654268,
          "auto_unstuck_ema_dist": -0.002941962674548219,
          "auto_unstuck_qty_pct": 0.052570120075357774,
          "auto_unstuck_wallet_exposure_threshold": 0.09996826681867949,
          "backwards_tp": false,
          "ddown_factor": 1.096347079559294,
          "ema_span_0": 884.7269175500685,
          "ema_span_1": 928.3508406380043,
          "enabled": true,
          "initial_eprice_ema_dist": 0.01,
          "initial_qty_pct": 0.001,
          "markup_range": 0.018498139276010378,
          "min_markup": 0.003,
          "n_close_orders": 3,
          "rentry_pprice_dist": 0.009999978610412212,
          "rentry_pprice_dist_wallet_exposure_weighting": 1.0541187774036724,
          "wallet_exposure_limit": 1.0},
 "short": {"auto_unstuck_delay_minutes": 1080.2980934819698,
           "auto_unstuck_ema_dist": -0.08211972456226599,
           "auto_unstuck_qty_pct": 0.08901124664614957,
           "auto_unstuck_wallet_exposure_threshold": 0.553446109759954,
           "backwards_tp": true,
           "ddown_factor": 2.7155808975620395,
           "ema_span_0": 1170.858515689227,
           "ema_span_1": 1078.3659491597282,
           "enabled": false,
           "initial_eprice_ema_dist": -0.009826426846738068,
           "initial_qty_pct": 0.02112848066563315,
           "markup_range": 0.03958872961963593,
           "min_markup": 0.005625295710590952,
           "n_close_orders": 2,
           "rentry_pprice_dist": 0.025616839250541444,
           "rentry_pprice_dist_wallet_exposure_weighting": 9.15576689432334,
           "wallet_exposure_limit": 1.0}}